:020000040800F2
:1000000000000620F9260208B1C10008B5C10008A9
:10001000B9C10008BDC10008C1C10008000000004E
:10002000000000000000000000000000C5C1000842
:10003000C9C1000800000000CDC10008D1C10008FE
:1000400041270208412702084127020841270208E8
:1000500041270208412702084127020841270208D8
:1000600041270208412702084127020841270208C8
:1000700041270208412702084127020841270208B8
:1000800041270208412702084127020841270208A8
:100090004127020841270208412702084127020898
:1000A0004127020841270208412702084127020888
:1000B0004127020841270208412702084127020878
:1000C0004127020841270208412702084127020868
:1000D0004127020841270208412702084127020858
:1000E0004127020841270208412702084127020848
:1000F0004127020841270208412702084127020838
:100100004127020841270208412702084127020827
:100110004127020841270208412702084127020817
:100120004127020841270208412702084127020807
:1001300041270208412702084127020841270208F7
:10014000412702084127020841270208E1C10008AF
:100150004127020841270208000000004127020849
:1001600041270208412702080000000000000000AB
:1001700041270208E5C100084127020800000000ED
:100180000000000041270208412702084127020819
:1001900041270208000000000000000000000000ED
:1001A00000000000000000000000000041270208DD
:1001B000412702080000000041270208000000005B
:1001C000000000000000000000000000000000002F
:1001D000000000000000000041270208412702083B
:1001E0004127020841270208412702084127020847
:1001F0004127020841270208412702084127020837
:0C0200004127020841270208412702089C
:1002100081F0004102E000BF83F0004330B54FEAB7
:1002200041044FEA430594EA050F08BF90EA020F24
:100230001FBF54EA000C55EA020C7FEA645C7FEAB7
:10024000655C00F0E2804FEA5454D4EB5555B8BFDA
:100250006D420CDD2C4480EA020281EA030382EA4B
:10026000000083EA010180EA020281EA0303362DDD
:1002700088BF30BD11F0004F4FEA01314FF4801CB0
:100280004CEA113102D0404261EB410113F0004FC2
:100290004FEA03334CEA133302D0524263EB430379
:1002A00094EA050F00F0A780A4F10104D5F1200E17
:1002B0000DDB02FA0EFC22FA05F2801841F1000172
:1002C00003FA0EF2801843FA05F359410EE0A5F146
:1002D00020050EF1200E012A03FA0EFC28BF4CF077
:1002E000020C43FA05F3C01851EBE37101F000452D
:1002F00007D54FF0000EDCF1000C7EEB00006EEB3A
:100300000101B1F5801F1BD3B1F5001F0CD34908C3
:100310005FEA30004FEA3C0C04F101044FEA44521A
:1003200012F5800F80F09A80BCF1004F08BF5FEAA1
:10033000500C50F1000041EB045141EA050130BD81
:100340005FEA4C0C404141EB0101013C28BFB1F593
:10035000801FE9D291F0000F04BF01460020B1FADE
:1003600081F308BF2033A3F10B03B3F120020CDAB1
:100370000C3208DD02F1140CC2F10C0201FA0CF08F
:1003800021FA02F10CE002F11402D8BFC2F1200CF4
:1003900001FA02F120FA0CFCDCBF41EA0C019040AA
:1003A000E41AA2BF01EB0451294330BD6FEA0404F3
:1003B0001F3C1CDA0C340EDC04F11404C4F12002DE
:1003C00020FA04F001FA02F340EA030021FA04F3F0
:1003D00045EA030130BDC4F10C04C4F1200220FA47
:1003E00002F001FA04F340EA0300294630BD21FA85
:1003F00004F0294630BD94F0000F83F4801306BF4B
:1004000081F480110134013D4EE77FEA645C18BF3E
:100410007FEA655C29D094EA050F08BF90EA020FD5
:1004200005D054EA000C04BF1946104630BD91EACD
:10043000030F1EBF0021002030BD5FEA545C05D1D0
:100440004000494128BF41F0004130BD14F580040F
:100450003CBF01F5801130BD01F0004545F0FE4183
:1004600041F470014FF0000030BD7FEA645C1ABFB8
:10047000194610467FEA655C1CBF0B46024650EAEF
:10048000013406BF52EA033591EA030F41F400211B
:1004900030BD00BF90F0000F04BF0021704730B5A1
:1004A0004FF4806404F132044FF000054FF0000176
:1004B00050E700BF90F0000F04BF0021704730B537
:1004C0004FF4806404F1320410F0004548BF40420C
:1004D0004FF000013EE700BF42004FEAE2014FEA61
:1004E00031014FEA02701FBF12F07F4393F07F4F3C
:1004F00081F06051704732F07F4208BF704793F03F
:100500007F4F04BF41F40021704730B54FF4607451
:1005100001F0004521F000411CE700BF50EA010254
:1005200008BF704730B54FF000050AE050EA0102FD
:1005300008BF704730B511F0004502D5404261EB6D
:1005400041014FF4806404F132045FEA915C3FF4AE
:10055000D8AE4FF003025FEADC0C18BF03325FEA4B
:10056000DC0C18BF033202EBDC02C2F1200300FAFC
:1005700003FC20FA02F001FA03FE40EA0E0021FA21
:1005800002F11444BDE600BF4FEA4102B2F1E0437C
:1005900024BFB3F5001CDCF1FE5C0DD901F0004C6A
:1005A0004FEAC0024CEA5070B2F1004F40EB8300BA
:1005B00008BF20F00100704711F0804F21D113F1E6
:1005C0003872BCBF01F00040704741F480114FEA1F
:1005D0005252C2F11802C2F1200C10FA0CF320FAA8
:1005E00002F018BF40F001004FEAC1234FEAD323C5
:1005F00003FA0CFC40EA0C0023FA02F34FEA43032F
:10060000CCE77FEA625307D150EA01331EBF4FF0B7
:10061000FE4040F44000704701F0004040F0FE40D2
:1006200040F40000704700BF53B94AB9002908BF21
:1006300000281CBF4FF0FF314FF0FF3000F00CB826
:10064000ADF1080C6DE904CE24F0B8FCDDF804E04F
:10065000DDE9022304B07047704700BFEC46A0E814
:10066000F05F80EC108B4FF000007047B0E8F05F57
:10067000E54690EC108B080008BF0120704700BFD2
:1006800010F8012B11F8013B012A28BF9A42F7D03C
:10069000D01A7047000000000000000000000000B9
:1006A00001F0FF01102A2BDB10F0070F08D010F823
:1006B000013B013A8B422DD010F0070F42B3F6D127
:1006C000F0B441EA012141EA014122F007047FF040
:1006D00000070023F0E80256083C85EA010586EA97
:1006E000010685FA47F5A3FA87F586FA47F6A5FAD3
:1006F00087F68EB9EED1F0BC01F0FF0102F00702DF
:1007000032B110F8013B013A83EA010313B1F8D189
:100710000020704701387047002D06BF354603386A
:10072000073815F0010F07D1013015F4807F02BFA3
:10073000013015F4C03F0130F0BC0138704700BFF4
:10074000034613F8012B002AFBD1181A0138704711
:1007500070B54FF0FF0C4CF4E06C1CEA11541DBF57
:100760001CEA135594EA0C0F95EA0C0F00F0DEF822
:100770002C4481EA030621EA4C5123EA4C5350EA07
:10078000013518BF52EA033541F4801143F4801358
:1007900038D0A0FB02CE4FF00005E1FB02E506F0E9
:1007A0000042E0FB03E54FF00006E1FB03569CF03E
:1007B000000F18BF4EF0010EA4F1FF04B6F5007F44
:1007C00064F5407404D25FEA4E0E6D4146EB0606B6
:1007D00042EAC62141EA55514FEAC52040EA5E503F
:1007E0004FEACE2EB4F1FD0C88BFBCF5E06F1ED8E9
:1007F000BEF1004F08BF5FEA500E50F1000041EB20
:10080000045170BD06F0004646EA010140EA0200CC
:1008100081EA0301B4EB5C04C2BFD4EB0C0541EAEE
:10082000045170BD41F480114FF0000E013C00F303
:10083000AB8014F1360FDEBF002001F0004170BD27
:10084000C4F10004203C35DA0C341BDC04F1140440
:10085000C4F1200500FA05F320FA04F001FA05F2CC
:1008600040EA020001F0004221F0004110EBD37099
:1008700021FA04F642EB06015EEA430E08BF20EAC5
:10088000D37070BDC4F10C04C4F1200500FA04F368
:1008900020FA05F001FA04F240EA020001F00041FA
:1008A00010EBD37041F100015EEA430E08BF20EA6D
:1008B000D37070BDC4F1200500FA05F24EEA020EB5
:1008C00020FA04F301FA05F243EA020321FA04F0E4
:1008D00001F0004121FA04F220EA020000EBD3709B
:1008E0005EEA430E08BF20EAD37070BD94F0000F9B
:1008F0000FD101F00046400041EB010111F4801FCF
:1009000008BF013CF7D041EA060195F0000F18BF7F
:10091000704703F00046520043EB030313F4801FBB
:1009200008BF013DF7D043EA0603704794EA0C0F75
:100930000CEA135518BF95EA0C0F0CD050EA41068B
:1009400018BF52EA4306D1D181EA030101F0004108
:100950004FF0000070BD50EA410606BF1046194630
:1009600052EA430619D094EA0C0F02D150EA01363C
:1009700013D195EA0C0F05D152EA03361CBF10467D
:1009800019460AD181EA030101F0004141F0FE411C
:1009900041F470014FF0000070BD41F0FE4141F4A0
:1009A000780170BD70B54FF0FF0C4CF4E06C1CEAA0
:1009B00011541DBF1CEA135594EA0C0F95EA0C0F55
:1009C00000F0A7F8A4EB050481EA030E52EA033510
:1009D0004FEA013100F088804FEA03334FF0805531
:1009E00045EA131343EA12634FEA022245EA11155E
:1009F00045EA10654FEA00260EF000419D4208BF0F
:100A0000964244F1FD0404F5407402D25B084FEABB
:100A10003202B61A65EB03055B084FEA32024FF467
:100A200080104FF4002CB6EB020E75EB030E22BFC4
:100A3000B61A754640EA0C005B084FEA3202B6EB84
:100A4000020E75EB030E22BFB61A754640EA5C0033
:100A50005B084FEA3202B6EB020E75EB030E22BFC3
:100A6000B61A754640EA9C005B084FEA3202B6EBC4
:100A7000020E75EB030E22BFB61A754640EADC0083
:100A800055EA060E18D04FEA051545EA16754FEAE5
:100A900006164FEAC30343EA52734FEAC2025FEA03
:100AA0001C1CC0D111F4801F0BD141EA00014FF092
:100AB00000004FF0004CB6E711F4801F04BF014363
:100AC0000020B4F1FD0C88BFBCF5E06F3FF6AFAE7F
:100AD000B5EB030C04BFB6EB020C5FEA500C50F10F
:100AE000000041EB045170BD0EF0004E4EEA113192
:100AF00014EB5C04C2BFD4EB0C0541EA045170BD99
:100B000041F480114FF0000E013C90E645EA060EDC
:100B10008DE60CEA135594EA0C0F08BF95EA0C0F0A
:100B20003FF43BAF94EA0C0F0AD150EA01347FF452
:100B300034AF95EA0C0F7FF425AF104619462CE729
:100B400095EA0C0F06D152EA03353FF4FDAE10468C
:100B5000194622E750EA410618BF52EA43067FF4DD
:100B6000C5AE50EA41047FF40DAF52EA43057FF46D
:100B7000EBAE12E74FF0FF3C06E000BF4FF0010C78
:100B800002E000BF4FF0010C4DF804CD4FEA410CDC
:100B90007FEA6C5C4FEA430C18BF7FEA6C5C1BD0A9
:100BA00001B050EA410C0CBF52EA430C91EA030F2A
:100BB00002BF90EA020F0020704710F1000F91EA87
:100BC000030F58BF994208BF90422CBFD8176FEA55
:100BD000E37040F0010070474FEA410C7FEA6C5C23
:100BE00002D150EA013C07D14FEA430C7FEA6C5C2A
:100BF000D6D152EA033CD3D05DF8040B704700BF56
:100C00008446104662468C461946634600E000BFA3
:100C100001B5FFF7B7FF002848BF10F1000F01BD75
:100C20004DF808EDFFF7F4FF0CBF012000205DF840
:100C300008FB00BF4DF808EDFFF7EAFF34BF0120C5
:100C400000205DF808FB00BF4DF808EDFFF7E0FF5E
:100C500094BF012000205DF808FB00BF4DF808EDAF
:100C6000FFF7CEFF94BF012000205DF808FB00BF16
:100C70004DF808EDFFF7C4FF34BF012000205DF8F8
:100C800008FB00BF4FEA410C7FEA6C5C02D150EADE
:100C9000013C0AD14FEA430C7FEA6C5C02D152EA74
:100CA000033C02D14FF0000070474FF00100704745
:100CB0004FEA410212F5001215D211D56FF4787384
:100CC000B3EB625212D94FEAC12343F0004343EA27
:100CD000505311F0004F23FA02F018BF4042704702
:100CE0004FF00000704750EA013005D111F000408C
:100CF00008BF6FF0004070474FF00000704700BF22
:100D00004A0011D212F5001211D20DD56FF478738A
:100D1000B3EB62520ED44FEAC12343F0004343EADF
:100D2000505323FA02F070474FF00000704750EA2A
:100D3000013002D14FF0FF3070474FF00000704794
:100D400000F1340191E838009C46A6464CF8045D59
:100D500090E8FF0FE54600BD90EC210B704700BF07
:100D600080EC210B704700BF90EC200B704700BF58
:100D700080EC200B704700BFD0EC200B704700BF09
:100D8000C0EC200B704700BFF0EC0201F0EC021148
:100D9000F0EC0221F0EC0231F0EC0241F0EC0251F7
:100DA000F0EC0261F0EC0271F0EC0281F0EC0291E7
:100DB000F0EC02A1F0EC02B1F0EC02C1F0EC02D1D7
:100DC000F0EC02E1F0EC02F1704700BFE0EC020150
:100DD000E0EC0211E0EC0221E0EC0231E0EC024137
:100DE000E0EC0251E0EC0261E0EC0271E0EC028127
:100DF000E0EC0291E0EC02A1E0EC02B1E0EC02C117
:100E0000E0EC02D1E0EC02E1E0EC02F1704700BF5F
:100E1000B0FC0181B0FC0191B0FC01A1B0FC01B1BA
:100E2000704700BFA0FC0181A0FC0191A0FC01A1C2
:100E3000A0FC01B1704700BFEC4600B52DE90050A1
:100E40002DE9FF1F4FF000030CB401A929F01CFC91
:100E5000DDF840E012B07047EC4600B52DE90050D7
:100E60002DE9FF1F4FF000030CB401A929F04CFC41
:100E7000DDF840E012B07047EC4600B52DE90050B7
:100E80002DE9FF1F4FF000030CB401A929F05EFC0F
:100E9000DDF840E012B07047EC4600B52DE9005097
:100EA0002DE9FF1F4FF000030CB401AB29F024FC27
:100EB000DDF840E012B07047EC4600B52DE9005077
:100EC0002DE9FF1F4FF000030CB401AA29F096FC96
:100ED000DDF840E012B070470348044B834202D073
:100EE000034B03B118477047F8030020F8030020B4
:100EF000000000000548064B1B1AD90F01EBA301A7
:100F0000491002D0034B03B118477047F803002083
:100F1000F80300200000000010B5064C237843B908
:100F2000FFF7DAFF044B13B10448AFF3008001234D
:100F3000237010BDF80300200000000040B202083A
:100F400008B5054B1BB105490548AFF30080BDE866
:100F50000840FFF7CFBF00BF00000000FC030020E7
:100F600040B202081F4A2049D2F8883043F4700387
:100F7000C2F888300B6843F001030B600B689B07D5
:100F8000FCD58B68184A23F003038B60936813F039
:100F90000C0FC3F38101F9D11368144823F0867351
:100FA00023F48033136091605060D2F8A03043F492
:100FB0008043C2F8A030BFF36F8FD2F8A03061F346
:100FC0000C33C2F8A030BFF36F8FC2F8A010BFF38C
:100FD0006F8F044B4FF41F004FF00061D060996099
:100FE000704700BF00ED00E000380240023003000F
:100FF00008B500F0B1F920B302280AD01648174B03
:1010000017499B68174AC3F30313CB5CD8401060A1
:1010100008BD124BDFF854C05A6859685A685B68BB
:101020000D48C3F30243C1F388111CF803C002F05A
:101030000F02002302FB0CF2A1FB0001FFF7F4FA00
:10104000DDE7064BD3F8A0205204D7D5D3F8A03063
:10105000DB04D3D50448D2E700127A0000380240FE
:101060007CB2020800000020006CDC028CB2020896
:1010700050B9084B5A6860F341025A60054B5A68F0
:1010800061F300025A607047024A536843F002035A
:101090005360F3E700740140024B5A6810435860F4
:1010A000704700BF00740140014BD860704700BF1B
:1010B00000740140014B1861704700BF007401408B
:1010C000014B5861704700BF0074014019490B681B
:1010D00043F001030B600B689B07FCD58B68154A36
:1010E00023F003038B60936813F00C0FC3F38101AB
:1010F000F9D11368104823F0867323F4803313600A
:1011000091605060D2F8A03043F48043C2F8A03020
:10111000BFF36F8FD2F8A03061F30C33C2F8A03068
:10112000BFF36F8FC2F8A010BFF36F8F4FF41F0390
:10113000D36070470038024002300300030C03F113
:10114000804303F50E3300F01F001A68012383402B
:1011500093430CBF01200020704700BF030C03F134
:10116000804303F50E33012900F01F0019684FF08A
:10117000010202FA00F20CBF0A4321EA02021A60DD
:10118000704700BF030C03F1804303F50E330129C0
:1011900000F01F0019684FF0010202FA00F20CBFC4
:1011A0000A4321EA02021A60704700BF042809D8E6
:1011B000DFE800F0090F151B03000F4B5A6F61F3B6
:1011C00000025A6770470C4B1A6861F300021A60FC
:1011D0007047094B1A6861F310421A607047064B5A
:1011E0001A6861F318621A607047034B1A6F61F353
:1011F00000021A67704700BF00380240024B9A682D
:1012000060F307129A60704700380240024B9A68F8
:1012100060F38C229A60704700380240024B9A6853
:1012200060F34F329A60704700380240054AD2F8A6
:10123000A43001280CBF43F0300323F03003C2F880
:10124000A430704700380240012818D1104BD3F861
:10125000A02042F48042C3F8A020BFF36F8FD3F8E0
:10126000A02042F48052C3F8A020BFF36F8FD3F8C0
:10127000A02042F48042C3F8A020BFF36F8F044B3C
:10128000D3F8A02060F34D32C3F8A020704700BF10
:101290000038024010B59E4682B0D8B1DFF87CC05D
:1012A000DCF8043060F39653CCF80430DCF804002A
:1012B00061F38E10CCF80400DCF8041062F3030133
:1012C000CCF80410DCF804206EF31242CCF80420B1
:1012D00002B010BDDFF844C0DCF8A030C3F38033A7
:1012E0008DF80730DCF8A03043F48043CCF8A03010
:1012F000BFF36F8FDCF8A03043F48053CCF8A030FC
:10130000BFF36F8F9DF807301C46DCF8A03064F304
:101310008E33CCF8A030BFF36F8FBFE700380240A8
:101320000C4B9A6860F301029A6000BF00BF00BFD7
:1013300000BF00BF00BF00BF00BF00BF00BF00BFB5
:1013400000BF00BF00BF00BF00BF00BF00BF00BFA5
:1013500000BF704700380240024B9868C0F381001C
:10136000704700BF0038024010B5214B9A6812F058
:101370000C0F0446C2F3810130D0022919D01D4858
:101380001B4B20609A681C49C2F303128A5C1B49FC
:10139000D04060609A68C2F382228A5C184920FAC1
:1013A00002F2E2609B68C3F34233CB5CD840A0609A
:1013B00010BD5A6859685A685B681248C3F3024303
:1013C00002F00F02C05C00FB02F20A48C1F3881170
:1013D0000023A1FB0001FFF727F9D1E7D3F8A020F4
:1013E0005204CCD5D3F8A030DB04C8D50648C7E7F3
:1013F0000038024000127A009CB2020894B202083F
:1014000094B20208ACB20208006CDC02034B04493F
:10141000044A59605A6059645A647047003C02405B
:1014200023016745AB89EFCD044B1A6942F0800276
:101430001A611A6D42F080021A657047003C024042
:1014400000F17843B3F5002F29D300F1774303F57A
:101450007803B3F5002F01D303207047374A136D8B
:1014600043F0020313655065136D43F040031365A9
:10147000D36CD90743D54FF00043D16CC80703F1B3
:10148000FF334FD4D16C490752D4D06CC0F3001055
:10149000C0F10300C0B2002B08BF042038E0274A87
:1014A000136943F0020313615061136943F0400371
:1014B0001361D368DB0713D54FF00043D168C90728
:1014C00003F1FF332AD4D16848072FD4D068C0F382
:1014D0000010C0F10300C0B2002B08BF042008E0D8
:1014E000D368580726D4D068C0F30010C0F10300B9
:1014F000C0B2124A136923F0020313617047D36C20
:101500005B0719D4D06CC0F30010C0F10300C0B267
:101510000A4A136D23F0020313657047002BCDD1E7
:101520000420E6E7002BA8D10420F1E70120D3E74F
:101530000120B0E70120DCE70120E9E7003C0240A0
:1015400000F17843B3F5002F25D300F1774303F57D
:101550007803B3F5002F01D303207047334A136D8E
:1015600043F0010313650160D36CD9073FD54FF4F5
:101570008013D16CC80703F1FF334BD4D16C4907FA
:101580004ED4D06CC0F30010C0F10300C0B2002BE9
:1015900008BF042034E0254A136943F001031361B6
:1015A0000160D368DB0713D54FF48013D168C907F6
:1015B00003F1FF332AD4D16848072FD4D068C0F391
:1015C0000010C0F10300C0B2002B08BF042008E0E7
:1015D000D368580726D4D068C0F30010C0F10300C8
:1015E000C0B2124A136923F0010313617047D36C30
:1015F0005B0719D4D06CC0F30010C0F10300C0B277
:101600000A4A136D23F0010313657047002BCDD1F7
:101610000420E6E7002BACD10420F1E70120D3E75A
:101620000120B4E70120DCE70120E9E7003C0240AB
:101630000B88002B4FD02DE9F041DE078E464FF08E
:1016400000024FF003054FF001043FD5016856003A
:1016500005FA06F721EA070101609EF80610D0F8A6
:1016600000C0B14041EA0C010160416804FA02FC8B
:1016700021EA0C0141609EF80410D0F8048001FAC0
:1016800002FC4CEA08014160816821EA070181609F
:101690009EF807C081680CFA06FC4CEA01018160E3
:1016A000C16821EA0701C1609EF805C0C1680CFA53
:1016B00006FC4CEA01015B08C1600AD00132D9077F
:1016C000C4D45B08DE0702F10102BFD45B0801321B
:1016D000F5E7BDE8F08170474FF6FF724FF0807379
:1016E000C0E90023704700BF036999430CBF012084
:1016F000002070470AB1816170478162704700BF66
:1017000001F007039B004FF00F0CC90802FA03F227
:101710000CFA03FC07D0436A23EA0C034362436AD2
:10172000134343627047036A23EA0C030362036AAC
:1017300013430362704700BF08B5144B984206D0AC
:10174000134B98420DD0134B984214D008BD124849
:101750000121FFF717FDBDE808400F480021FFF702
:1017600011BD0E480121FFF70DFDBDE808400B48F3
:101770000021FFF707BD0A480121FFF703FDBDE87F
:10178000084007480021FFF7FDBC00BF005400409F
:1017900000580040005C00401500200016002000AA
:1017A00017002000036823F001030360026103684F
:1017B00061F30B2303607047036861F30003036068
:1017C000704700BFBDF800C04CEA030C4CEA024C65
:1017D0004368044A4CEA010C13404CEA030343609B
:1017E000704700BF009800FC8162704783690B421C
:1017F00014BF012000207047C1617047194BDB689E
:10180000C3F30223A3F1030CBCF1040F00B51ED8EF
:101810004FF0FF3EC3F107030EFA03F30EFA0CFE7E
:1018200022EA0E02DB43194001FA0CF111430028B1
:101830004FEA01110FDB0C4A131883F80013012340
:10184000410900F01F00834042F8213000BD002212
:101850000F239446E7E7054B00F00F00C3181976F5
:1018600000BD00BF00ED00E000E100E0FCEC00E0A6
:101870000749CA6803024FF6FF0003F4E063024021
:10188000134343F0BF6343F40033CB60704700BFA2
:1018900000ED00E04FF0E022042813690CBF43F094
:1018A000040323F004031361704700BF0B4B01E0F6
:1018B000013B02D00269002AFADA0269074B42F0C2
:1018C0000102026101E0013B02D00269D207FAD4B1
:1018D000836B43F480338363704700BF420D030082
:1018E00010B94FF0A0407047004870470000044016
:1018F0000269074B61F38A120261026942F0200219
:10190000026101E0013B02D002699206FAD47047FD
:10191000420D03000269054B42F01002026101E032
:10192000013B02D00269D206FAD47047420D03008F
:101930008369012A0BBF19438B438161836170471F
:10194000436980691840704741617047836843F07C
:1019500001038360704700BF836823F00103836045
:10196000704700BF41627047436A19B943EA0243B6
:101970008362704710B51446826A013903EB124E38
:1019800009D0002300EB830C0133DCF804218B42E7
:101990000EEB124EF6DB00EB81004EEA0442C0F87B
:1019A000042110BD41B9C36861F35D73C360C368AE
:1019B00043F08043C3607047012908D1C36823F016
:1019C0008043C360C36843F00053C360704702297B
:1019D00007D1C36823F08043C360C36823F000537A
:1019E000C3607047D0F8003E43F00103C0F8003EEA
:1019F000704700BFD0F8003E23F00103C0F8003E5E
:101A0000704700BF00B503F1030E5FEAAE0E0CD0C5
:101A100000F5805000EB02324FF0000C0CF1010C8D
:101A200051F8043B1360E645F8D100BD03F1030C07
:101A30005FEAAC0C08D000F5805000220132036848
:101A400041F8043B9445F9D1704700BF70B50A785E
:101A500072BB8B68083B182B68D9CC78012C1646D2
:101A600000F5006E2AD08D784FF0010C0CFA02FCC4
:101A7000530155BBDEF81C5045EA0C05CEF81C504E
:101A800000F5106C002A4AD088685CF8031060F3F7
:101A90000A014CF803105CF8031064F393414CF80E
:101AA00003105CF8031062F399514CF8031022E024
:101AB0000026CC78012C00F5006ED4D1DEF804307D
:101AC00043F40043CEF80430CDE7DEF81C5045EA7D
:101AD0000C45CEF81C5000F5306CCAB189685CF832
:101AE000032061F30A024CF803205CF8032064F33E
:101AF00093424CF803205CF8032042F080524CF8EB
:101B000003205CF8032042F400424CF8032070BD2F
:101B1000D0F8002B66F30A02C0F8002BE5E7D0F8F6
:101B2000001966F30A01C0F80019B4E7014CE35C40
:101B30001E46BEE7B4B202080B7891F802C001223B
:101B40009A4000F500615B01BCF1000F0ED1D1F8A5
:101B50001CC000F510602CEA0202CA61C258002ABB
:101B60000EDBC25822F40042C2507047D1F81CC0AC
:101B700000F530602CEA0242CA61C258002AF0DA4D
:101B8000C25842F08042C250C25842F00062C25075
:101B9000C25822F40042C250704700BF0B788A78C6
:101BA0005B016AB900F51060C258D20F03D1C15869
:101BB00062F39E71C150C25842F40012C250704785
:101BC00000F53060C258D20FF5D1C15862F39E7152
:101BD000C150F0E7CB780A788978023B5201DBB23A
:101BE00051B900F51060012B50F802C061F3555C4B
:101BF00040F802C008D9704700F53060012B8158C9
:101C000021F400118150F6D8835843F0805383505B
:101C1000704700BFD0F81838D0F81C081840000CE6
:101C2000704700BFD0F81838D0F81C08184080B2B0
:101C3000704700BF00EB4113D3F8083BD0F81408FD
:101C400018407047D0F81028D0F8343800EB411015
:101C5000CB40DB01D0F80809DBB2134318407047D2
:101C600000EB4110C0F8082B704700BF00EB41109B
:101C7000C0F80829704700BFD0F8003861F30A1394
:101C8000C0F80038704700BF0023C0F8103BD0F800
:101C9000103B012262F3DC43C0F8103BD0F8103B4C
:101CA000182262F31203C0F8103BD0F8103B43F047
:101CB000C043C0F8103B7047D0F800396FF30A03F7
:101CC000C0F80039D0F8043823F48073C0F8043821
:101CD000704700BFD0F8043823F00203C0F804387E
:101CE000704700BFD0F8043843F00203C0F804384E
:101CF000704700BFD0F8080800F00100704700BF2F
:101D0000D0F8403401290BBF23F01E0323F4805385
:101D100043F4805323F01E03C0F84034704700BFE3
:101D2000D0F8080480B270472DE9F04100F5A06CAE
:101D30000CEB411C9DF81840BDF81C5098464FF024
:101D4000FF33CCF8083000F580669DF82030032C76
:101D50000BD8DFE804F04A5B4A02DCF80C7047F469
:101D6000D36747F00107CCF80C70B7694FF0010E4C
:101D70000EFA01FE4EEA0707B761816941F0007172
:101D80008161DCF8001068F39C51CCF80010DCF89D
:101D9000001062F3CE21CCF80010DCF80010D2095C
:101DA00062F3CF31CCF80010A3F10203DCF800207D
:101DB000B3FA83F35B0963F35142CCF80020DCF8FB
:101DC000003064F39343CCF80030DCF80030032C8F
:101DD00065F30A03CCF8003005D1DCF8003043F09D
:101DE0000053CCF80030BDE8F081DCF80C7047F40B
:101DF000936747F00107CCF80C701706B5D5DCF8EF
:101E00000C7047F48077CCF80C70AEE7DCF80C70FF
:101E100047F4087747F00107CCF80C70A5E700BF3E
:101E200082681C4B22F001028260026942F01002BB
:101E300000F5806C026101E0013B02D00269D1062D
:101E4000FAD40369102262F38A1303610269114B09
:101E500042F02002026101E0013B02D002699206D9
:101E6000FAD400F5A06300F5E0611A68002A03DAED
:101E70001A6842F080421A6020338B42F5D14FF04D
:101E8000FF33CCF814304361836843F0010383606F
:101E9000704700BF420D030000F5A06303EB411142
:101EA0000B6813F4402F23D00B68C3F38143022B3C
:101EB0001ED00B6843F080430B60D0F8103413F44D
:101EC0007F0FC3F307420B682CD162F3DF730B6003
:101ED0000B68002B03DB0B6843F000430B6040F200
:101EE000E93301E0013B23D00A68002AFADB70479E
:101EF0000B6843F080430B60C36A13F47F0FC3F396
:101F000007420B680ED162F3DF730B600B68002B86
:101F10000FDA40F2E93301E0013B09D00A68002AF8
:101F2000FADB7047002B03DB0B6843F000430B60C8
:101F300070470B6843F000430B60EAE7D0F80034C9
:101F4000022961F30103C0F800340CBF41F2707341
:101F50004BF68033C0F80434704700BF10B584B02E
:101F600004461046CDE90231FFF7BAFC0399206020
:101F7000002384F8F73B4FF40163A4F8EE3B0129FA
:101F80000D4BC4F8F03B04BF022384F8F43B01235B
:101F900084F8EC1B84F8F51B84F8F93B836B029AF8
:101FA00043F400138363069B00910146201D00F05B
:101FB0008BFB002004B010BD4000400110B584B080
:101FC00004461046CDE90231FFF78AFC03992060F0
:101FD000002384F8F73B4FF40163A4F8EE3B01299A
:101FE0000E4BC4F8F03B04BF022384F8F43B0123FA
:101FF00084F8EC1B84F8F51B84F8F93B836B029A98
:1020000043F400138363069B0091014604F53E7080
:1020100001F0CAF9002004B010BD00BF400040012B
:1020200010B5044600F5357100F5337000F054FE2C
:1020300094F8CC32B4F8D212A4F8E212012203F0E0
:102040001F03934284F8E0220CD0022B05D073B911
:102050002046BDE8104000F04BBE2046BDE81040D1
:1020600000F0C8BF2046BDE8104000F09FBF2068C8
:1020700004F5B671FFF792FD0122214684F879211B
:1020800051F80C0BFFF78AFD0122627610BD00BFEC
:1020900000B5D0F800C090F86CE1C0F880110023C2
:1020A000C0F88831C0E9642203210CF5306380F860
:1020B000E01203EB4E13D0F87411C0F884111A69C2
:1020C00061F312021A611A69012161F3DC421A619B
:1020D00090F86F218A420AD1DCF8082812F4807F38
:1020E0001A680CBF42F0005242F080521A601A681F
:1020F00042F080621A601A6842F000421A6000BD25
:1021000000B50A06036883B00DD42C2202FB01013E
:1021100001F5B67118460191FFF75CFD01990023A6
:102120004B7303B000BD01F07F012C2202FB0101C3
:102130000C31EFE700B50A06036883B00DD42C22FA
:1021400002FB010101F5B67118460191FFF726FD6A
:10215000019901234B7303B000BD01F07F012C22D4
:1021600002FB01010C31EFE738B500F5B67104460A
:102170000068FFF713FD0125214684F8795151F8D5
:102180000C0BFFF70BFD657638BD00BF01F07F013A
:102190002C2303FB0100D0F88801704711F0800F59
:1021A00000B5D0F800C012D14FF02C0E0EFB01F19B
:1021B00000EB010E01F5B671014401208EF86E01AD
:1021C000CA705DF804EB8B606046FFF73FBC4FF0D0
:1021D0002C0E01F07F010EFB01F100EB010E0C3122
:1021E000014400208EF80E00CA705DF804EB8B608D
:1021F0006046FFF72BBC00BFD0F800C001F07F02A3
:102200000CF5106303EB42131A68002A00DB7047D9
:102210001A681204FBD5186840F00060186018684E
:1022200040F080401860186840F000604FF4803241
:10223000186001E0013A02D018684000FAD401F0B9
:102240001F016046FFF754BB0B0607D42C2303FB8A
:10225000010101F5B6710068FFF76EBC01F07F0166
:102260002C2303FB01010C310068FFF765BC00BFA4
:102270000068FFF72FBD00BF10B504460068FFF7E8
:1022800031FD002340F20112A4F8E42284F8E63282
:10229000C4F8EC3210BD00BF0068FFF7EDBC00BF12
:1022A00000B50022034611465FFA82FE4FF0000C93
:1022B0006EF3070C01326EF30F2C082AC3E90811E4
:1022C000A3F80CC09973596103F12C03ECD10023DE
:1022D00019464FF0010E5FFA83FC4FF000026CF3D9
:1022E000070201336CF30F22082BC0E96011A0F83C
:1022F0006C2180F86EE1C0F8741100F12C00EAD175
:1023000000BD00BF2DE9F04101F07F062C2505FB43
:102310000605076895F80CC084B007F51064CDE990
:102320000232019004EB4C14FFF766FF029B039A04
:1023300001982A62002107F500686B62A96233BB2D
:102340002169012565F3DC412161216963F31201F3
:102350002C2303FB06032161DB7B012B2ED023689A
:1023600043F080632360236843F0004323602C2301
:1023700003FB06035A6A3AB1197BD8F834200123CB
:102380008B401343C8F8343004B0BDE8F081002E10
:1023900033D141698B428CBF4162416A236961F349
:1023A000120323612369012565F3DC4323612C2398
:1023B00003FB0603C162DB7B012BD0D1D8F80830C8
:1023C00013F4807F23680CBF43F0005343F0805325
:1023D0002360236843F080632360236843F0004355
:1023E00023602C2303FB06001146838C027B3846B6
:1023F00004B0BDE8F041FFF705BBD4F810C069692F
:1024000063F3120CC4F810C0013B0B44B3FBF1F3AF
:10241000216963F3DC412161EB7B012B9FD12169B1
:1024200063F35E712161C9E713460A46022180F811
:10243000E012C0E90C330021FFF764BF002304223F
:1024400080F8E02219461A46FFF75CBF10B501F08C
:102450007F014FF02C0C0CFB010CD0F800E09CF835
:102460006C41CCE960230EF5306202EB441200248B
:10247000CCF8884149B36BBB2C2303FB0103D3F891
:102480007441136964F3120313611369012464F343
:10249000DC4313612C2303FB010090F86F31012B07
:1024A0000AD1DEF8083813F4807F13680CBF43F0BC
:1024B000005343F080531360136843F0806313604C
:1024C000136843F00043136010BDD0F87431C0F8B6
:1024D0008431D1E7DCF87441D2F810C0013B2344C9
:1024E000B3FBF4F303FB04F464F3120CC2F810C062
:1024F000146963F3DC441461CCE700BFD9B990F8E8
:10250000E032032B1ED1D0F890C1D0F874319C4535
:102510001BD843681B6910B504460BB1984790B9A6
:102520000422002384F8E02220461A46BDE8104029
:102530001946FFF7E7BE43689B691BB190F8E42298
:10254000032A01D0704710BD1847ACEB030C63455C
:1025500028BF6346D0F88021C0F890C19BB2FFF736
:1025600075BF00BF21B990F8E022022A09D0704758
:1025700043685B69002BFAD090F8E422032AF6D175
:10258000184730B54269D0F830E0964583B016D888
:10259000C46AA242054624D06B68DB681BB195F87B
:1025A000E422032A1AD00023052285F8E0222846D7
:1025B0001A46194603B0BDE83040FFF747BFAEEBFF
:1025C000020E7245134628BF7346026AC0F830E017
:1025D0009BB203B0BDE83040FFF794BE2846984751
:1025E000E1E7D0F834C06245D6D8B0F8E22294458D
:1025F000D2D20B46C1620A460191FFF783FE019BCE
:1026000028461A461946D5E790F8E402704700BFFD
:1026100010B504460068FFF76DFB012800D010BD1F
:102620002068BDE81040FFF7DDB900BF10B50468B1
:10263000B4F1A04F03D0234B9C422ED010BD0021FB
:102640002046FFF78FF9002211462046FFF78CF94C
:10265000002201212046FFF787F9002202212046AF
:10266000FFF782F9002220460321FFF77DF920467B
:1026700000220421FFF778F9204600220521FFF708
:1026800073F9204600220621FFF76EF9204600224A
:10269000BDE810400721FFF767B980212046FFF70A
:1026A00061F9182200212046FFF75EF9142201216A
:1026B0002046FFF759F9142202212046FFF754F96A
:1026C0001422D0E700000440F8B5064600278360D6
:1026D0000123C0E90012084686F8E43286F8E67263
:1026E0000C4601F50065FFF7FDFA40F20113A6F86C
:1026F000E4323046C6F8EC7286F8E672FFF7D0FD99
:102700002046FFF729F92046FFF7D0F83946204642
:10271000FFF748F93068FFF76DF9D4F8003867F330
:10272000CC23C4F80038D4F8003843F00303C4F8CD
:10273000003810212046FFF7DBF82046FFF7EAF8C3
:102740004FF0FF33AB613946EF613B462F616F615C
:1027500004EB83020133082BC2F80411F8D1304690
:10276000FFF764FFFF26002104F5106304F52060E5
:102770000DE019601A6842F080421A601A6842F04F
:1027800000621A6019619E602033834208D01A6883
:10279000D20FEED11A6019619E6020338342F6D1C8
:1027A00004F5306304F540660021FF200DE0196058
:1027B0001A6842F080421A601A6842F000621A6099
:1027C000196198602033B34208D01A68D20FEED155
:1027D0001A60196198602033B342F6D12B69074A19
:1027E00043F480736FF080462B612046A1616661DF
:1027F000A261FFF7ABF80020F8BD00BF1C383C8099
:102800002C232DE9F041066803FB01048846D4E936
:10281000091306EB48176069D7F81829CD1A8542C5
:1028200028BF054692B2E81CB2EB900F07F510677F
:1028300016D81AE0CD1A6369216A9D4228BF1D4649
:10284000ABB2FFF7DFF8BA69216AA36A92B2E81C5B
:1028500029442B44B2EB900F2162A36205D9616A2F
:1028600099421FFA88F23046E4D845B9D6F8343890
:10287000012202FA08F223EA0203C6F83438BDE85E
:10288000F08100BF2DE9F041076880463846FFF728
:10289000C9F9F8B10446002501E001356408E007F4
:1028A00003D401356408E307F7D529463846FFF716
:1028B000C9F9C10706462CD4320724D4F3061CD428
:1028C000700614D4B1070CD4320605D4640801D0C4
:1028D0000135E8E7BDE8F08129464046FFF790FF63
:1028E000F4E7022229463846FFF7C0F9ECE7402218
:1028F00029463846FFF7BAF9E4E710222946384658
:10290000FFF7B4F9DCE7082229463846FFF7AEF9AD
:10291000D4E7D7F83438012202FA05F123EA01039B
:1029200038462946C7F83438FFF7A0F9E9B24046DF
:10293000FFF718FEC0E700BF2DE9F04107688046A9
:102940003846FFF767F9C8B10446002501E00135B4
:102950006408E60703D401356408E307F7D5294680
:102960003846FFF767F90646F00728D431070DD43B
:10297000F20605D4640801D00135EEE7BDE8F08128
:10298000102229463846FFF76BF9F3E7082229465B
:102990003846FFF765F9E9B24046FFF741FB98F882
:1029A000E632002BE4D0D8F80020D2F8001800203E
:1029B00063F30A11C2F8001888F8E602D8E729463E
:1029C00038460122FFF74CF9E9B24046FFF796FD81
:1029D000CCE700BF10B582B0044600680190FFF755
:1029E0006BF90198C3680521002261F38D23C36050
:1029F000114640232046FFF7D1FB402300228021CF
:102A00002046FFF7CBFB6368012284F8E4225B6871
:102A100023B1204602B0BDE81040184702B010BDF7
:102A200010B584B000221021044600680190FEF722
:102A30007FFF0198026AC2F343410229C2F30A13DD
:102A400002F00F0208D006291DD00122102104B087
:102A5000BDE81040FEF76CBF002BF6D02C2101FB27
:102A600002440293D4F88011FEF7E0FFD4F88011FD
:102A7000D4F88821029B019819441A44C4F88011A3
:102A8000C4F88821E1E704F53571CDE9022301900E
:102A9000FEF7CCFF029A039B01982C2101FB024414
:102AA000D4F888211A44C4F88821CEE770B50568A7
:102AB000D5F8043805F5006423F001036360064689
:102AC000FFF7B4FD10212846FEF712FF05F510634D
:102AD00005F5206C4FF6FF7199601A6822F4001218
:102AE0001A601A681846203342F0006243F8202C1E
:102AF000C0F80812D3F8E02122F40012C3F8E02154
:102B0000D3F8E021634542F00062C3F8E021E3D14D
:102B10004FF0FF324FF00113A261E361636943F0AC
:102B200001036361636943F002036361636943F016
:102B300008036361236943F001032361236943F0C0
:102B400002032361236943F008030021236128461F
:102B5000FFF792F82846FFF797F87368012186F887
:102B6000E4121B6A1BB13046BDE87040184770BDC7
:102B70000268D2F80828D30700D4704700B50422B1
:102B800083B090F8E41280F8E51280F8E422019016
:102B9000FFF73EFD019B5A68126A2AB102211846CE
:102BA00003B05DF804EB104703B000BDF8B505684D
:102BB00006462846FEF7C4FE6B69D90721D4820772
:102BC000044606F1040751D4630355D4200358D4B6
:102BD000E1045BD4220708D5B368DB690BB1384642
:102BE000984708212846FEF7AFFEA3040AD4E00662
:102BF00012D4E10215D4A20220D4002C51DB23050B
:102C00002AD4F8BD3846FFF7E5FE28464FF40051B8
:102C1000FEF79AFEE006ECD53846FFF701FFE10229
:102C2000E9D5B3681B6A13B10521384698474FF4BC
:102C300080112846FEF788FEA202DED5B3681B6A23
:102C400013B10621384698474FF400112846FEF785
:102C50007BFE002CD3DA24E03846FFF789FF2846B4
:102C60004FF40061BDE8F840FEF76EBE0221284631
:102C7000FEF76AFE6303A9D53846FFF703FE20037B
:102C8000A6D53846FFF758FEE104A3D53846FFF72E
:102C90000DFF4FF480512846FEF756FE2207A4D5BB
:102CA0009AE77068D0F8043823F00103C0F80438BC
:102CB000FEF7A0FE96F8E93286F8E832B3681B6AA0
:102CC00013B10321384698474FF000412846FEF7DC
:102CD0003BFE230595D5BFE70B7803704B78437017
:102CE0004B8843808B888380CB88C380704700BF2C
:102CF00010B590F8CC2212F0600F82B0034615D1C7
:102D000090F8CD22092A0BD8DFE802F03D520A05DF
:102D10000A6F910AAA18B0F8CE22012A00F0B180F9
:102D20001846FFF721FA002002B010BD426800F5F6
:102D3000337193689847002002B010BD9A49B0F8EB
:102D4000D00293F8CE220A700028E9D1B3F8D2025B
:102D50000028E5D193F8E402022800F0F680032869
:102D6000DED190B2002A40F0FF805A680093022121
:102D700083F8E4125268C3F8EC02184690470098B2
:102D8000FFF75CFBCFE790F8E422023A012AC7D8AC
:102D900090F8E7222AB1D0F8F02242F00202C0F8FF
:102DA000F022022203F53C711846FFF73DFBBAE71B
:102DB00090F8E422023A012AB2D8B0F8CE22012AD1
:102DC000B1D1D0F8F02241680093002083F8E702E7
:102DD00022F002028C68C3F8F02203F53371184622
:102DE000A0470098FFF72AFB9DE7B0F8D022002A01
:102DF00096D1B0F8D222002A92D190F8E422032A88
:102E00008ED0B0F8CE1201F07F0180F8E612CDE945
:102E10000010FFF741FA0099019B00290CBF012225
:102E2000022283F8E4221846FFF708FB7BE7B0F89C
:102E3000CE120A0A013A062A3FF672AF01A050F8F4
:102E400022F000BFF32E0008BF2E0008A92E0008B4
:102E5000212D0008212D00089B2E00089B2E000824
:102E6000B0F8D222012A7FF45BAF90F8E412022975
:102E700063D003297FF454AF00F53B71FFF7D4FA18
:102E800051E7416880F8E7228A68009000F53371C5
:102E900090470098FFF7D2FA45E75A6803F5337177
:102EA0009268184690473EE7C9B20529F5D801391E
:102EB000042973D8DFE801F0352F29233B009A68F5
:102EC000009392689047009B00283FF42CAF028843
:102ED000002A3FF428AFB3F8D2C2BCF1000F3FF490
:102EE00022AF6245416828BF62461846FFF79CFA48
:102EF00019E79A68009312689047009BE4E79A6884
:102F00000093526A9047009BDEE79A680093D2696B
:102F10009047009BD8E79A68009392699047009B7E
:102F2000D2E79A68009352699047009BCCE79A6871
:102F30000093126A9047009BC6E70021C0F8E81290
:102F400000F53A71FFF770FAEDE61AB3596800938D
:102F5000032083F8E4020968C3F8EC221846884786
:102F60000098FFF76BFADEE6D3F8EC22824211D02C
:102F70005A680093526818469047009B0A495A685D
:102F800009781268C3F8EC12184690470098FFF7CA
:102F900055FAC8E61846FFF751FAC4E69A68009356
:102FA00012699047009B8FE71404002000B590F849
:102FB000E422013A022A83B00ED842680190926856
:102FC00000F533719047019BB3F8D212024601B964
:102FD00040B1104603B000BDFFF7C6F8002210460E
:102FE00003B000BD01901846FFF728FA019A104679
:102FF00003B000BD10B590F8CC2212F0600F82B083
:1030000003462ED1B0F8D0221446D1B290F8CD228A
:10301000012A2ED0032A3CD0EAB990F8E422022AF1
:1030200056D0032A17D12C2104F07F0201FB02F2B3
:1030300021064CBF02F10C0102F5B67101444A7B36
:10304000A2F10102B2FA82F2520941F8102F0222D3
:10305000FFF7EAF902E01846FFF786F8002002B011
:1030600010BD426800F5337193689847002002B0A4
:1030700010BD90F8E422022A25D0032AEBD1B0F843
:10308000CE22002AEAD162063ED11846FFF7D6F9D1
:10309000E4E790F8E422022A15D0032ADBD1B0F845
:1030A000CE222AB94A0603D00090FFF743F8009BCE
:1030B0005A680093926803F5337118469047009858
:1030C000FFF7BCF9CAE74C06C8D0FFF733F8C5E7ED
:1030D00014F07F0211D12C2101FB02F220064CBF1B
:1030E00002F10C0102F5B6711944002241F8102FCB
:1030F00018460222FFF798F9B0E7CDE90020FFF764
:1031000019F8DDE90023E6E70090FEF7F9FF009BE0
:103110005A6803F53371184692689047009BB4E7EC
:103120000F2904D800EB41000023A0F8D4387047E1
:103130002C2303FB010090F86A331BB180F8842331
:103140000020704780F88523002070472DE9F0416A
:103150002C224518002302FB0102D0F800E085F87C
:10316000C438C2F87C33C2F89033D2F88C330EEBFB
:10317000411C0CF5A064E3B1D2F870532B44013B21
:10318000B3FBF5F3B3F5807F63D92C262D0206FB44
:103190000106C2F88C5396F86A534FF000674FF45B
:1031A000807385B1D6F8702302FB03F3C6F88C3325
:1031B0000BE04FF4002701232C2606FB010696F8AE
:1031C0006A53002DEED1D6F88C332C2606FB01066F
:1031D00096F87423520702F0C0423A43C3F3120731
:1031E0003A432261DEF80824DCF80045D24362F35A
:1031F0005D74CCF80045DCF8002522F0804242F0F6
:103200000042CCF800250EF58062FDB9F3B196F8C6
:103210006C43032C10D8DFE804F0021E021EDEF817
:103220002C20DC1C92B2B2EB940F05D2DEF81820F1
:1032300042F02002CEF818200A462C2101FB020C95
:103240009BB2DCF888137046FEF7DCFB0020BDE87B
:10325000F081DF04B0E71269DC1C92B2B2EB940F8C
:10326000EAD2DEF8182042F08062CEF81820E3E7B8
:103270004FF02C0C0CFB010CCCF888239CF8842319
:10328000CCF88C33003A18BF0122520001238CF88D
:1032900074238CF86A33FFF759BF00BF4FF02C0C32
:1032A0000CFB010CCCF888239CF88523CCF88C33DC
:1032B000003A18BF0122520000238CF874238CF8C6
:1032C0006A33FFF743BF00BF4FF02C0C0CFB010C1F
:1032D000CCF888239CF88423CCF88C33003A18BFB0
:1032E0000122520001238CF874238CF86A33FFF713
:1032F0002DBF00BF4FF02C0C0CFB010CCCF8882329
:103300009CF88523CCF88C33003A18BF0122520078
:1033100000238CF874238CF86A33FFF717BF00BFC3
:103320004FF02C0C0CFB010CCCE9E22300238CF8B1
:103330006A338CF87433FFF709BF00BF4FF02C0CD1
:103340000CFB010CCCF88823CCF88C330022012331
:103350008CF874238CF86A33FFF7F8BE90F8443386
:103360004FF0010C00224FF4807180F806C00F2B43
:103370004FF0080C818080F85D2380F846C30181FE
:10338000C0F8302880F8562303D800EB4303A3F895
:10339000D42890F845330F2B04D800EB43000023CA
:1033A000A0F8D4380020704770B50C46054619685F
:1033B0000460C0E9D82388470123AB71082385F84E
:1033C000463395F8443300224FF480710F2BA980C7
:1033D00085F85D232981C5F8302885F8562303D860
:1033E00005EB4303A3F8D42895F845330F2B04D8F5
:1033F00005EB43030022A3F8D4289022002105F610
:10340000340024F0D7F900260823C5F8703320468D
:10341000C5F82868FEF7A0FA2046FEF747FA012112
:103420002046FEF7BFFA2046FEF7E4FA01212046C7
:10343000FEF784FDD4F80034B4F1A04F66F38203A4
:10344000C4F800342AD0214B9C4227D010212046BA
:10345000FEF74EFA2046FEF75DFA00264FF0FF31E8
:1034600004F5A06304F5E062DE60996020339A42BF
:10347000FAD101212046FEF743FC6FF08042144B45
:10348000A66120466261A361FEF760FAD5F8643355
:1034900001219B6A28469847002070BD8022626205
:1034A000A36A62F30F03A362A36AC0F26003A3627C
:1034B000D4F80031E02161F30F03C4F80031D4F8EF
:1034C0000031C0F26003C4F80031BFE700000440DF
:1034D000180830A330B54FF02C0C0CFB010C4FEA50
:1034E000D21E8CF86AE39DF814509DF80CE0BDF8EC
:1034F00010408CF868138CF86B238CF86CE38CF814
:1035000075538CF869330068CCF87043CDE90445F5
:10351000CDF80CE0BDE83040FEF706BC0068FEF7D1
:10352000BBBC00BF00F6D202002332F902CFBCF1CF
:10353000000F04DA0133102BF7D10120704700EBA4
:1035400043026FEA41416FEA514198B2A2F8D418A0
:10355000704700BF084490F8C408704770B504462F
:103560000D46164600F0B8FD20B1042808D0032807
:1035700000D070BD012384F85D536671A37170BDE6
:103580000022012384F85D23A37170BD70B54379D7
:10359000013B86B004460B2B12D8DFE813F016006F
:1035A0002E00450066004D011B0134017D00940092
:1035B000CC00040114000022012384F85D23A371D0
:1035C000022006B070BD0020FBE790F85D33002BB1
:1035D00000F08782204600F07FFD0546002800F0BD
:1035E0008D810428E7D00328EAD100224FF48173AB
:1035F00084F85D23A4F80530E2E790F85D33002BF2
:1036000000F06B82204600F067FD002800F05A8130
:103610000428D0D00328D3D1002240F2031384F829
:103620005D23A4F80530CBE790F85D3353B9B24B76
:10363000197814290ABF01214A1C022201721A704A
:1036400000F0BEFF204600F047FD0546002800F0D0
:10365000A1810428AFD00328B2D100224FF4827395
:1036600084F85D23A4F80530AAE790F85D33002BB9
:1036700000F05282204600F02FFD002800F02F813C
:10368000042898D003289BD1002240F2051384F827
:103690005D23A4F8053093E790F85D33002B00F02C
:1036A0001582204600F018FD002800F0F88004285C
:1036B00081D0032884D1002240F2091384F85D23CD
:1036C000A4F805307CE790F85D23002A00F01B8207
:1036D000204600F001FD002840F0D48094F84433E7
:1036E00084F85D032C214FF4857201FB0343A4F899
:1036F0000520A4F83403D3F8903319469BB29A1EE0
:10370000102A3FF65DAF94F828269A427FF458AF0E
:1037100094F82936032B7FF453AF0D468AB204F296
:10372000223004F5C56124F0BDFB012384F8345335
:1037300084F8353344E790F85D23002A00F0DA81FD
:10374000204600F0C9FC002840F08F8094F84433F4
:1037500084F85D032C2140F20B1201FB0343A4F813
:103760000520A4F84003B3F890330A2B7FF428AF68
:1037700094F828360A2B7FF423AF94F82936062BC9
:103780007FF41EAFD4F82806D4F82C16B4F83026EF
:10379000C4F836034FF48573C4F83A13A4F83E23F3
:1037A000A4F840330CE790F85D33002B00F09D81C6
:1037B000204600F091FC28B104283FF4FCAE032819
:1037C0007FF4FEAE00224FF4867384F85D23A4F8E4
:1037D0000530F5E690F85D33002B00F0708120464F
:1037E00000F07AFC002800F04C8104283FF4E3AE9E
:1037F00003287FF4E5AE002240F2071384F85D232E
:10380000A4F80530DCE690F85D33002B00F0508121
:10381000204600F061FC002800F0208104283FF4DD
:10382000CAAE03287FF4CCAE00224FF4847384F830
:103830005D23A4F80530C3E690F85D33002B00F05B
:103840003381204600F048FC002800F0EA8004287C
:103850003FF4B1AE03287FF4B3AE00224FF483737C
:1038600084F85D23A4F80530AAE6042800F0588106
:10387000032800F0658102283FF4A2AE0023A4F8DB
:1038800040339DE6042800F05381032800F0628154
:1038900002283FF495AE0023A4F8343390E604F5F3
:1038A000C56140F2091384F85D03A4F805300846A9
:1038B000FF22049100F0F4FDD4F864330498DB692E
:1038C00098477DE640F2031384F85D03A4F80530C1
:1038D000122204F5C561204600F004FD70E640F2B6
:1038E000051384F85D03A4F80530092204F5C561C9
:1038F000204600F017FD63E6040000204FF48173BA
:1039000084F85D03A4F8053004F5C561204608225B
:1039100000F0E8FC94F8441394F811C0237A94F86A
:1039200009E084F846C32C2606FB0142104682F8C3
:1039300075E382F8693382F86C5382F86813C2F831
:1039400070C348F20102A0F86A23CDE901CE0095C8
:1039500020688022FEF7E8F994F84513237A94F85A
:1039600046C394F809E006FB01402A4680F875E357
:1039700080F8693380F86C5380F86813C0F870C31E
:10398000A0F86A53CDF808E02068CDE9005CFEF7A6
:10399000CBF915E694F84413237A94F846C394F8C7
:1039A00009E084F85D032C264FF48272A4F8052008
:1039B00006FB0142104682F875E382F8693382F80B
:1039C0006C5382F86813C2F870C348F20102A0F881
:1039D0006A23CDE901CE009520688022FEF7A4F984
:1039E00094F84513237A94F846C394F809E006FB4B
:1039F00001402A4680F875E380F8693380F86C53FB
:103A000080F86813C0F870C3A0F86A53CDF808E0D6
:103A10002068CDE9005CFEF787F90A2006F092FFE6
:103A2000CEE5E38B84F85D03B3F5007F1A464FF4CF
:103A3000837128BF4FF40072A4F80510A4F8202366
:103A400004F5C56104F590700491059324F02AFAF9
:103A5000DDE90412204600F065FCB1E504F5C5611E
:103A60004FF4847384F85D03A4F805300846FF2200
:103A7000049100F015FDD4F8643304989B699847CD
:103A80009EE504F5C56140F2071384F85D03A4F8D0
:103A900005300846FF22049100F002FDD4F864339B
:103AA00004985B6998478BE5C18B00F031FDC8E64F
:103AB000417EFF2300F5C56200F046FDA8E6017EC9
:103AC000FF2300F5C56200F03FFD88E6817EFF23FD
:103AD00000F5C56200F038FDE3E5122100F0FCFCC2
:103AE00090E5082100F0F8FC74E590F8211000F052
:103AF00051FD5DE600F5C56300930A214FF4C063F4
:103B000000F0C4FB1CE600F5C5630093122140F2EF
:103B1000EE3300F0BBFBDBE5092100F0F9FCA9E581
:103B20000023012284F85D33A271A4F8403347E5F5
:103B30000023012284F85D33A271A4F834333FE5F9
:103B4000002340F20B1284F85D33A4F80520A4F89A
:103B5000403335E500234FF4857284F85D33A4F8D3
:103B60000520A4F834332BE570B5D0F82828037964
:103B700088B0044632B913B1032B27D0027101205B
:103B800008B070BD0E2BFAD801A151F823F000BF88
:103B9000793E00082F3C0008433C0008CD3B00085C
:103BA0007F3B00082B3D0008013D0008213D000837
:103BB0007F3B0008E93C0008433D00087F3B0008CC
:103BC0005F3C00087F3B0008913C000894F84433B8
:103BD000012000224FF48071A0710F2B4FF00800DC
:103BE000A18084F85D2384F846032181C4F830283D
:103BF00084F8562303D804EB4303A3F8D42894F89D
:103C000045330F2B40F25C812022002104F6D400C2
:103C100023F0D0FDD4F860335B680BB120469847A1
:103C2000D4F8643300222271DB689847A7E7D0F804
:103C30002C38002BA3D002230371322006F082FE21
:103C40009DE700F6D2021146002331F9020F002849
:103C500080F298800133102BF7D1012398E090F87F
:103C60005D23002A00F04281204600F035FA00284A
:103C700000F02C81042800F0338103287FF47FAF0B
:103C800000224FF4807384F85D23A4F8053076E7B2
:103C900090F84433012000224FF48071A0710F2B63
:103CA0004FF00800A18084F85D2384F84603218149
:103CB000C4F8302884F8562303D804EB4303A3F850
:103CC000D42894F845330F2B04D804EB4303002287
:103CD000A3F8D428D4F8603320465B689847D4F81A
:103CE00064335B6898474AE7D0F860330622027174
:103CF0001B68984703287FF442AF0D2323713EE7EA
:103D0000D0F860339B689847012806D040F2E580E0
:103D10000338C0B201283FF632AF0E2323712EE7DD
:103D2000D0F86033DB68984729E7FFF72FFC0028BD
:103D30007FF425AFD4F864331B6A984709232371B5
:103D40001DE790F85D23002A00F0F380204600F084
:103D5000C3F900288ED14FF4807384F85D03A4F872
:103D60000530032006F0EEFD2068D0F8403423F043
:103D70001E0343F08003C0F84034FDF733FE0B23ED
:103D80002371FCE604EB430148F28000A1F8D4085B
:103D900084F84433002332F9021F002904DA013386
:103DA000102BF8D1012305E004EB43024FF400414E
:103DB000A2F8D418D4F8642384F84533536898479C
:103DC0002368D4F86423D3F840340521C3F3414079
:103DD000217160721369984794F84413237A94F818
:103DE00046C394F809E02C2505FB014210464FF02C
:103DF000000682F875E382F8693382F8681382F866
:103E00006C63C2F870C348F20102A0F86A23CDE9DE
:103E100001CE0022009220688022FDF785FF94F8F1
:103E20004513237A94F846C394F809E005FB01F2A0
:103E300010462244204482F875E382F86933C2F8C0
:103E400070C382F86C6382F868134FF00002A0F828
:103E50006A23CDE901CE002200922068FDF764FFBD
:103E600020681021FDF744FD2068FDF753FDD4F8CC
:103E700064339B68984782E6012A7FF480AE027122
:103E8000C82006F05FFD2368D3F84024069222F094
:103E90001E0141F48071C3F84014642003F580636F
:103EA000059306F04FFD069A059B22F48F721A6463
:103EB000142006F047FDD4F864335B6898475EE64B
:103EC00004EB43030022A3F8D4289DE60122062335
:103ED00084F85D03A271A38051E6072323714EE6A7
:103EE0000022012384F85D23A37148E6006807924D
:103EF000D0F8403400F58061CDE90531FDF77AFD59
:103F0000059B0699059123F09E0343F040030B6443
:103F1000142006F017FD05990B6C23F05E030B646B
:103F2000052006F00FFD079A0121204600F096FBC0
:103F30009AE6012100F076FB08E700BF90F84533D0
:103F4000034493F8C438012B14D0042B0CD0022B5B
:103F50000AD0D0F83038D0F8581341F288325B1AC2
:103F6000934201D80220704740F60533A0F85C3335
:103F700004207047B0F8522390F94C336AB9934249
:103F80004FF032030FDB07220B60D0F8303880F897
:103F90005D23C0F8583300207047002B41F288336E
:103FA00003DB0522F0E70922EEE70322ECE700BF7E
:103FB00038B590F845132C2303FB0103012283F845
:103FC0008523D0F84823B0F85453C3E9E2250222F0
:103FD0000025044683F8742383F86A53FFF7B6F884
:103FE000062384F85D33284638BD00BF90F845337A
:103FF000034493F8C438013B042B07D8DFE803F0EF
:104000001F0D060308000B2380F85D330020704766
:104010000C2380F85D3300207047D0F85823D0F887
:1040200030389B1A41F288320521934280F85D13A3
:10403000ECD940F60533A0F85C3304207047072321
:1040400080F85D330020704738B590F845132C2375
:1040500003FB01030122002483F885230222C3E924
:10406000E244054683F86A4383F87423FFF76EF849
:104070000A2385F85D33204638BD00BF90F84533EC
:10408000034493F8C438013B042B07D8DFE803F05E
:104090001F0D060308000B2380F85D3300207047D6
:1040A0000C2380F85D3300207047D0F85823D0F8F7
:1040B00030389B1A41F288320921934280F85D130F
:1040C000ECD940F60533A0F85C33042070470D238B
:1040D00080F85D330020704700B590F85D23002123
:1040E000013A83B0034680F85C130C2A0CD8DFE851
:1040F00002F0274549657E07819A1F2212100E00A3
:10410000594A1168FFF772FF022003B000BD00207A
:10411000FBE70320F9E790F856230132D2B2022AD6
:1041200080F8562300F28A80012280F85D23EBE7B5
:10413000FFF78AFFE8E74C4A1168FFF79FFFE3E7C4
:1041400090F8451301932C2202FB01024FF0000C62
:10415000032082F86AC382F8740303F5537C0820B5
:10416000C2E9E2C01846FEF7F1FF019B0221D3F835
:10417000302883F85D13C3F85823C5E73A49FFF7A1
:10418000DDFEC1E790F84413B3F854C301932C2229
:1041900002FB0102D0F84803C2E9E20C4FF0010C27
:1041A00082F86AC34FF0020C184682F874C3FEF717
:1041B000CDFF019B042283F85D23A5E790F84423FB
:1041C000024492F8C428012A42D0052A48D0042A81
:1041D00042D0D3F83028D3F8580341F28831121A6C
:1041E0008A4291D940F60532A3F85C238CE7FFF7A9
:1041F000DFFE89E790F8441301932C2202FB0102B1
:104200004FF0010C82F86AC300204FF0020CC2E9A3
:10421000E20082F874C31846FEF798FF019B08225B
:1042200083F85D2370E790F84423024492F8C42891
:10423000012ACAD10D2280F85D2365E708200E21EE
:10424000002283F85C03197183F8562304205CE78D
:10425000092280F85D2357E70B2283F85D2353E79B
:104260000C2283F85D234FE7180400208379012B8B
:1042700009D14FF0020C80F806C0C0F84813A0F82E
:10428000542380F85D330020704700BF62F07F0246
:1042900080F84C2303F47F424FF0060CB2F5407FC8
:1042A00080F84DC3A0F84E33A0F8521310D000236D
:1042B0008279A0F85033012A08D102238371009B30
:1042C000C0F84833A0F8541380F85D2300207047ED
:1042D00013F0FF03ECD0EE2B40F2094214BF13465B
:1042E0000023E5E70B7883724B78C3724B88838198
:1042F0000B7983734B79C3738B790374CB794374D4
:10430000082A0DD90B8943824B8983828B89C3820A
:104310008B7B0376CB7B43760B7C83764B7CC3769F
:10432000704700BF0B782DE9F04103774B78437756
:10433000B1F802E0A0F81EE00B7980F820304B794C
:1043400080F821308B7980F82230CB7980F82330C7
:104350000B7A80F82430092A0ED905460027092255
:1043600008E00B781944134491F801C0BCF1040F24
:104370009AB204D09645F4D80020BDE8F0810B78BD
:1043800085F826304B7885F827308B7885F82830EB
:10439000CB7885F829300E7985F82A604B7985F835
:1043A0002B308B7985F82C30CB7985F82D300B7A32
:1043B00085F82E3046B3322303FB07F84FF0000C8C
:1043C00020E00B78194413444C78052C9AB217D18D
:1043D0000CF1010C08EBCC0303440C7883F8284063
:1043E0004C7883F829408C7883F82A40CC7883F87D
:1043F0002B408C889C858C7983F82E405FFA8CFC4E
:10440000B44501D29645DCD87B1C052B1F4605F12F
:104410003205AFD10020BDE8F08100BFF0B590F8C3
:104420002040F4B11F4615468446002306E0FF2DC8
:1044300010D00133A3420CF1320C12D09CF82B2087
:104440008A42D8B2E64601D0FF290CD19EF82C2032
:10445000AA42ECD19EF82D20BA4201D0FF2FE8D11C
:10446000F0BDFF20F0BD60461A46531C00F1320C2F
:10447000A34202F10202E646F3D09CF82B608E4282
:104480000CD000F1640E94427046EAD09EF82B30B6
:104490008B42EAD1D0B2F4461346D7E7D8B2D5E77B
:1044A0004378032B00D0704790F800C0ACF10203B2
:1044B0009342A8BF13469AB252B1002300EB030CFB
:1044C00002339BB29CF802C001F801CB9A42F5D8A6
:1044D00000230B70704700BF8379A0F852134FF48C
:1044E000D06C4FF48072012BA0F84CC3C0F84E235F
:1044F0000BD14FF0020C00F5C56280F806C0C0F881
:104500004823A0F8541380F85D330020704700BFA3
:104510008379A0F852134FF4D06C4FF40072012B42
:10452000A0F84CC3C0F84E230BD14FF0020C00F59D
:10453000C56280F806C0C0F84823A0F8541380F87C
:104540005D330020704700BF41F440714FF4D062EA
:10455000A0F84E1311F0FF01A0F84C23A0F852333D
:1045600005D0EE2940F2094214BF1146002182799C
:10457000A0F85013012A0BD14FF0020C00F5C561D1
:1045800080F806C0C0F84813A0F8543380F85D23C3
:10459000002070478279A0F84E134FF4106C00236E
:1045A000012AA0F84CC3C0F8503307D10221817111
:1045B000C0F84833A0F8543380F85D2300207047DA
:1045C0008279A0F84E134FF4A06C0023012AA0F8C2
:1045D0004CC3C0F8503307D102218171C0F8483371
:1045E000A0F8543380F85D230020704790F806C08F
:1045F000A0F84E2340F60133A0F84C33BCF1010F74
:104600004FF00003A0F85233A0F8501307D1022254
:104610008271C0F84833A0F8543380F85DC300209D
:10462000704700BF90F806C0A0F84E134FF44073D7
:10463000A0F84C33BCF1010F4FF00003A0F8523347
:10464000A0F8502307D102228271C0F84833A0F8A5
:10465000543380F85DC30020704700BF90F806C057
:10466000A0F84E134FF48073A0F84C33BCF1010F47
:104670004FF00003A0F85233A0F8502307D10222D4
:104680008271C0F84833A0F8543380F85DC300202D
:10469000704700BF08B590F85D3353B98279A0F830
:1046A00052334FF4817C012AC0F84CC3A0F8501358
:1046B00008D000221146FEF751FF003818BF012034
:1046C000400008BD02218171C0F84833A0F854337E
:1046D00080F85D23EDE700BFF0B504688446202034
:1046E00001FB004505F5A0629368D66833409F063C
:1046F00083B002D5906003B0F0BD1E078E4631D462
:1047000058050E4667464CD498053DD413F0010079
:104710005BD02C2303FB01C30121C3F87C13916000
:10472000D5F80035C3F38143022B05D0D5F8003509
:1047300013F4402F40F08F80D36843F00203D3601E
:10474000204631460192FDF7A7FB019A10239360A2
:104750002C2303FB067393F8842382F0010283F871
:104760008423C8E7D36843F00203D3602C2303FB00
:1047700001CC2046052318249460CCF87C3303B088
:10478000BDE8F040FDF788BBD36843F00203D36077
:1047900020460192FDF780FB019A4FF4007393606D
:1047A000A9E7D36843F00203D36020460192FDF7E6
:1047B00073FB2C23019A03FB06734FF482600821DC
:1047C0009060C3F87C1303B0F0BD13F0020F30D13A
:1047D00013F0800C40F08E80D80640F18580D5F82B
:1047E0000035C3F38143032B00F0BF80D5F80035BB
:1047F000C3F38143022B04D0D5F8003513F4402FC6
:104800000ED107EB86030021C3F83418D36843F0B8
:104810000203D360204631460192FDF73DFB019A29
:104820002C2303FB067C03211023CCF87C1393601C
:1048300061E7D36860F34103D3602C2303FB01C31A
:10484000D3F87C33013B072B30D8DFE803F0482F47
:10485000372F32152F15D5F80035C3F38143032BBD
:10486000D5F800355FD0C3F38142012A134604BF57
:10487000BA1982F8C4386BE70CEB8E01F444D1F816
:1048800034380133032B96BF184604230223C1F8A2
:1048900034088CF8C438D5F8003513F4402F4AD0CA
:1048A000D5F80035C3F38143022B44D00223936033
:1048B00021E7F44405238CF8C438F7E7D5F8003530
:1048C00013F4402F44D0D5F80035C3F38143022BB5
:1048D0003ED007EB060C02238CF8C438E6E7F4441C
:1048E00001238CF8C438E1E7DB0544BF4FF4807343
:1048F000936000E7D36843F00203D3602C2303FBEB
:10490000017320460624C3F87C430192FDF7C4FAE4
:1049100007EB860C019ADCF8343880210133CCF89F
:1049200034389160E7E643F00053C5F80035BB1911
:1049300083F8C4180CE7D5F8003523F08043C5F898
:104940000035D5F8003543F00043C5F80035ADE734
:10495000D5F8003523F08043C5F80035D5F800358B
:1049600043F00043C5F80035B3E707EB8103204669
:10497000C3F834C8D36843F00203D3600192FDF753
:104980008BFA019A4CE700BFF0B50668202401FBC2
:10499000046E0EF5A0629368D5682B4013EA0405F7
:1049A00083B002D0946003B0F0BD13F4007C0C46D9
:1049B000074618D0DEF80035C3F38143012B51D1EF
:1049C0002C2303FB0103084406240421C3F87C4381
:1049D00080F8C418D36840F2022165F34103D36024
:1049E000916003B0F0BDDD0724D4180700F1A18069
:1049F00013F4806040F0AB809D074BD413F080052A
:104A000040F0B880DB06CED5D36843F00203D36014
:104A100007EB81033046C3F834580192FDF73CFAA6
:104A20002C2303FB0470019A03211023C0F87C138C
:104A30009360B8E72C2303FB01030120C3F87C0338
:104A40009060DEF80035C3F381400128034617D19A
:104A50007818D16802246CF34101D160946080F829
:104A6000C438A0E7D36843F00203D3603046019214
:104A7000FDF712FA019A4FF40073936003B0F0BD92
:104A8000D36843F002033046D36003B0BDE8F04082
:104A9000FDF702BAD36860F34103D3602C2303FB14
:104AA0000173D3F87C33013B072B22D8DFE803F0F6
:104AB000292124213C04210407EB8401D1F8343856
:104AC0000133032B98BF1846C1F8340807EB0400E4
:104AD00094BF0223042380F8C438DEF8003523F0A5
:104AE0008043CEF80035DEF8003543F00043CEF8C1
:104AF00000350223936056E73819022380F8C43842
:104B0000F7E73B19012183F8C4182C2303FB047336
:104B100093F86C1302390129EBD893F8851381F0CF
:104B2000010183F88513E4E73819052380F8C438B8
:104B3000DFE7D36843F00203D3602C2303FB017348
:104B40000524082595603046C3F87C439DE7D3686B
:104B500043F00203D36030460192FDF79DF92C2308
:104B6000019A03FB04734FF4826008219060C3F83C
:104B70007C1318E7D36807EB810543F00203D36089
:104B8000D5F8344801922C2303FB01730134C5F896
:104B900034480624C3F87C433046FDF77DF9019A7A
:104BA00090239360FFE600BF2DE9F0410568D5F83A
:104BB000146407460024B6B205F5A0654FF001085D
:104BC00006E0FFF789FD0134102C05F1200510D017
:104BD00008FA04F33342E1B2F5D02B6813F4004F26
:104BE0003846EED10134FFF7CFFE102C05F1200539
:104BF000EED1BDE8F08100BF01460068836923F073
:104C000010038361026A02F4F013B3F5802F04D01D
:104C1000836943F0100383617047C2F30A13002BCA
:104C2000F6D030B502F00F024FF02C0C0CFB021442
:104C300083B0D4F8881329B300F5A06CCDE9000344
:104C40000CEB4215FCF7F2FE019BD4F88823009888
:104C50001A44C4F88823D4F890231A44C4F8902343
:104C60002B69C3F3C9436BB12B6823F080432B60DE
:104C70002B6843F000432B6094F8843383F00103E6
:104C800084F88433836943F01003836103B030BD3B
:104C900030B50168D1F840349D0783B001F58064D8
:104CA00023F01E0207D5DD0744BF4FF0010CC0F80A
:104CB00028C842F002021D0716D513F0040C42F07A
:104CC000080218D0054603F4C020B0F5802F08462E
:104CD0000CBF02210121CDE90023FDF72FF9DDE909
:104CE00000230121C5F82C18DB0648BF42F0100252
:104CF000226403B030BDC0F82CC8F5E72DE9F041BF
:104D000004686369DD0701D4BDE8F081054600F55C
:104D10003E772046FCF714FEC00600F18580204651
:104D2000FCF70EFE810176D42046FCF709FE02074F
:104D300067D42046FCF704FE83075DD42046FCF7C9
:104D4000FFFD002878DB2046FCF7FAFD860035D40D
:104D50002046FCF7F5FDC5012CD42046FCF7F0FDFC
:104D6000800221D42046FCF7EBFDC10216D4204678
:104D7000FCF7E6FD42010BD42046FCF7E1FD4304BD
:104D8000C2D520464FF48041BDE8F041FCF7DCBDC0
:104D90004FF080612046FCF7D7FDEDE74FF480111E
:104DA0002046FCF7D1FDE2E74FF400112046FCF766
:104DB000CBFDD7E73846FFF76BFFCEE7D5F8F832E3
:104DC0002E46184698460025FDF72AF80323C6F814
:104DD000205B86F8FC32E9B238460135FEF7A0F9CF
:104DE000102DF8D140460121FDF7A8F84FF00051F1
:104DF0002046FCF7A9FDABE702212046FCF7A4FD05
:104E00009CE7D5F8283B01330821C5F8283B20460C
:104E1000FCF79AFD8DE73846FFF7C6FE4FF00071AC
:104E20002046FCF791FD7FE73846FFF7E5FE1021AD
:104E30002046FCF789FD72E70C2385F8FC324FF021
:104E400000412046FCF780FD7DE700BF10B5D0F89B
:104E500060331C69637E43B1092B04D1D0F86433FD
:104E60005B6A03B19847002010BDD4E903329A422F
:104E70000CD202EB420304EB031393F8A430042B8F
:104E8000F1D8DFE803F0522F4319070009236376B6
:104E9000002010BDD2B204F11C0100F0FDFB60B394
:104EA0000128E0D1236903EB430304EB03134FF420
:104EB0008472A3F8A420D6E702EB420304EB0313A9
:104EC0009C33D2B204F11C0100F05AFBB0BB236941
:104ED00003EB430204EB02120921013382F8A41010
:104EE0002361C0E702EB420304EB03137833D2B231
:104EF00004F11C0100F0FEFA00BB236903EB43033D
:104F000004EB0313022283F8A420ACE7D2B204F12D
:104F10001C0100F083FBE0B9236903EB430304EBBE
:104F200003130322A3F8A4209DE702EB420204EB43
:104F3000021240F20113A2F8A43094E7012892D1A2
:104F4000236903EB430304EB0313042283F8A42037
:104F500089E7012887D1236903EB430304EB03139B
:104F60004FF48272A3F8A4207DE700BF10B5D0F8FB
:104F700060331C6982B09CB1E168844659B117481E
:104F8000002303EB4302013304EB0212DBB28B423A
:104F9000C2F8A400F5D32178604621B9617981B9BE
:104FA000002002B010BDCDF804C0FEF7B9F821789A
:104FB0000198FEF7B3FA6179019800232370002964
:104FC000EED00190FEF7ACF801986179FEF7A6FAF1
:104FD00000230020637102B010BD00BF000101007A
:104FE0002DE9F043D0F86023364D85B0502315618C
:104FF000082106220646FFF711FAFF285ED0322369
:1050000003FB006494F82A3094F82D20EA72002BF8
:1050100043D000274FF00209A0461CE0AB7185F891
:105020000AC0A5F808E0FEF77DFA96F809C0337AC1
:10503000AA79C1B22889CDF80090CDE9010C30469B
:105040006971FEF747FA98F82A200137FBB29A42B5
:1050500004F1080421D994F9322094F83230B4F8DC
:1050600034E094F836C0002A30461946D6DA6B7020
:1050700085F804C0A5F802E0FEF754FA96F809C0D6
:10508000337A6A78C1B26888CDF80090CDE9010C16
:1050900030462970FEF71EFAD5E70A4800F0E2FB19
:1050A000697900223046FEF743F82978002230461D
:1050B000FEF73EF8002005B0BDE8F083032005B000
:1050C000BDE8F0831C04002000B5D0F860331B69F4
:1050D0001A7E012A83B016D0022A05D00AB901220D
:1050E0001A76022003B000BD90F85D23002A36D066
:1050F000002211460193FEF731FA019B0028EED001
:105100000328EED1EBE790F85DC3BCF1000F1BD094
:10511000002211460193FEF721FA019B08B10328F2
:10512000E0D11A7B022A22D9022001210022D86074
:10513000A3F8A61083F8A42001210022A3F8D6101A
:1051400083F8D4200020CDE74FF6A16E4FF4803CC9
:10515000C0E9D3EC03F10C01FFF788F8C1E74FF485
:105160008173C0E9D3321146FFF780F8B9E7013205
:10517000012000218242DA60A3F8A60083F8A4107F
:10518000E0D0D9E7D0F860331B6901EB410103EBB4
:10519000011393F8A500704730B583B0D0F8604391
:1051A0009DF818C00D4621690CEB4C0401EB04146A
:1051B00094F8A4E0BEF1050F16D0BEF1060F05D09D
:1051C000BEF1040F1FD0022003B030BDCDE9002C8A
:1051D0001C312A4600F0A2FA034670B909230020C8
:1051E00084F8A43003B030BDCDE9002C1C312A4630
:1051F00000F0E6FA03460028F0D0012BE4D10423A6
:1052000084F8A430DFE762461C3100F045FA00283C
:10521000DAD10923012084F8A43003B030BD00BFE7
:105220002DE9F04FD0F8284883B09DF8305014B1E4
:105230000479072C03D0012003B0BDE8F08FD0F82B
:105240006043266905EB450C06EB0C1CB3469CF845
:10525000A440092CEFD19946164B736705238CF8AF
:10526000A43042F21073756103FB02F6D0F83038B7
:1052700090460F4604469A4608E0D4F8283883B191
:10528000D4F83038A3EB0A03B3420AD800954B4652
:10529000424639462046FFF77FFF0228EDD0002026
:1052A000CAE705EB45050BEB0515092385F8A43086
:1052B000C1E700BF1C0400202DE9F04FD0F82848BA
:1052C00083B09DF8305014B10479072C03D001202D
:1052D00003B0BDE8F08FD0F86043266905EB450CBC
:1052E00006EB0C1CB3469CF8A440092CEFD1994660
:1052F000164B736706238CF8A43042F21073756165
:1053000003FB02F6D0F8303890460F4604469A4622
:1053100008E0D4F8283883B1D4F83038A3EB0A0376
:10532000B3420AD800954B46424639462046FFF71D
:1053300033FF0228EDD00020CAE705EB45050BEB53
:105340000515092385F8A430C1E700BF1C0400201F
:1053500070B591F851308D6D013B82B00C46064618
:10536000092B0FD8DFE803F02D37444D555E056952
:1053700080110D23297804F14002FDF7A5FF0823D1
:1053800084F85130022002B070BD6A79A979FFF724
:1053900081F90028F6D1697901902C2202FB016283
:1053A000304692F88523C2F10102D2B2FDF7C0FE69
:1053B000019A29783046FDF7BBFE092384F8513065
:1053C000E0E71F23697904F12002FDF793FF022330
:1053D00084F85130D6E76979FEF7BCF801286AD025
:1053E000022850D00528CDD10A2384F85130C9E7CE
:1053F0006B884A6D2978FDF767FF042384F85130E4
:10540000C0E72978FEF7A6F8012840D00528B9D1D1
:10541000D3E72B894A6D6979FDF76CFF062384F881
:105420005130AFE76979FEF795F801284DD0022891
:10543000D8D1052384F85130A4E72978FEF78AF8FB
:105440000128E3D12A4B226C4FF480719A42A4F8D0
:10545000501098D1626C636A9A4294D194F84C00CF
:10546000003818BF01208EE72A786978FFF712F913
:10547000002887D1072384F8513002462978304626
:10548000FDF756FE7EE7012384F851307AE7A26AE1
:105490006B889A4209D9D21AA262626D1A44626577
:1054A00029783046FDF710FF6CE700220723A2623F
:1054B00084F8513066E7A36AABB194F82C30802BA6
:1054C000B7D1032384F851305CE7A26A2B899A4252
:1054D000EBD9D21AA262626D1A44626569793046CC
:1054E000FDF708FF4EE7072384F851304AE700BF75
:1054F0005553425310B591F850C00B46BCF1000F04
:105500000ED0BCF1010F01D0022010BD0C46FFF7F8
:105510001FFF70B30128F7D1002384F8503010BD6D
:1055200024211548C3F833C018629962134883F8E0
:105530003310996D586202EB420001EB001183F8C1
:105540002D205201C3F82FC040F201104FF0800E01
:10555000783183F8302041F20C22A3F8500083F810
:105560002CE0C3F837C0C3F83BC05965DA85022088
:10557000CBE784F8500010BD555342438070605013
:1055800000B591F850E083B08C46BEF1000F12D008
:10559000BEF1010F02D0022003B000BDCDE900131F
:1055A000FFF7D6FE009A48B30128F4D1002382F811
:1055B000503003B000BD174B1748896DCCF8203030
:1055C0000823CCE9090380238CF82C3042F20C53D9
:1055D000CCF82FE08CF82D20ACF82E30520140F2A0
:1055E0000113CCF833E0CCF837E0CCF83BE08CF892
:1055F0003020C1F870C0ACF85030CCE71168019B86
:1056000009BA1960D18849BA89B2596082F8500044
:1056100003B000BD555342438070605091F850C0B4
:105620000B46BCF1000F0FD0BCF1010F01D00220DE
:10563000704710B50C46FFF78BFE18B3012824D134
:10564000002384F8503010BD11481249C3F82FC010
:10565000C3E908010C21500183F82E1040F201111A
:1056600083F83000C3F828C083F82CC0C3F833C0D7
:10567000C3F837C0C3F83BC083F82D20A3F85010FF
:105680000220704784F8500010BD022010BD00BFFA
:10569000555342438070605091F850C00B46BCF1A6
:1056A000000F0FD0BCF1010F01D00220704710B5E0
:1056B0000C46FFF74DFE38B3012828D1002384F8AB
:1056C000503010BD1348186213485862802083F888
:1056D0002C004FF443701221C3F82FC083F82D2003
:1056E000D885520140F20110C3F833C0A3F850002E
:1056F0009962C3F837C0C3F83BC083F8302083F801
:1057000033105B650220704784F8500010BD022002
:1057100010BD00BF555342438070605010B591F8E2
:1057200050E01C468C469DF80C30BEF1000F0ED0A8
:10573000BEF1010F01D0022010BD0C46FFF708FE9C
:10574000B0B30128F7D1002384F8503010BD4C6568
:105750008CF82D305B018CF83030130ACCF833E034
:105760008CF83330029B8CF8342042F60C201B0A54
:1057700040F20111ACF82E008CF83630100E029B6E
:105780008CF83100ACF85010100C0B490B4ACCF8D7
:1057900037E08CF837305B028CF83200CCE9081225
:1057A0008CF82CE0CCF83BE0CCF828300220C3E7A2
:1057B00084F8500010BD00BF5553424380706050C4
:1057C00010B591F850E01C468C469DF80C30BEF1A7
:1057D000000F0ED0BEF1010F01D0022010BD0C460B
:1057E000FFF7B6FDB8B30128F7D1002384F8503095
:1057F00010BD4C658CF82D305B018CF83030130AED
:10580000CCF833E08CF83330029BCCF837E042F62A
:105810000A001B0AACF82E00100E40F201118CF8A1
:1058200031008CF83630100C029B8CF83200ACF84A
:1058300050100A480A498CF834208CF837308022FE
:105840005B02CCE90801CCF83BE0CCF828308CF8BE
:105850002C200220C2E784F8500010BD555342436B
:105860008070605003460649596700204FF48072EB
:10587000C3E90300188398765861A3F86C20704739
:105880001C040020016879B10A4601E03A2B05D0DA
:1058900012F8013B202BF9D8002070470B78302BF1
:1058A00002D102318A4202D04FF0FF3070470260CD
:1058B000F2E700BF48B10268034632B1107820B168
:1058C000B3F804C0D088844503D0002309200B60BE
:1058D000704700B583B05078CDE9001306F098FE0C
:1058E00010F00100009904D1019B1B680B6003B00C
:1058F00000BD092000230B6003B000BD38B5C3789C
:105900000BB9002038BD00F13001C26A0446012302
:1059100040780D4606F0C6FE80B9E16A236AA269A6
:10592000E070CB1A9342ECD2A378022BE9D10A445F
:1059300060780123294606F0B5FEE2E7012038BD74
:10594000F8B505460C46FFF7D9FF30BB6B69A11EC1
:10595000023B99423BBF6B89AE6A064601FB036678
:1059600005F13007EE624FF400720021384621F055
:1059700021FF6B891C466BB1002402E001349C427C
:1059800008D2012368783219394606F08BFE6B89FC
:105990000028F3D0E01A18BF0120F8BD30B5C37855
:1059A00083B0044663B92378032B24D000226078A7
:1059B000114606F0A7FE003818BF012003B030BD25
:1059C00000F13001C26A407801230D4606F06AFEFC
:1059D000002836D1E16A236AA269E070CB1A9342AB
:1059E000E1D2A378022BDED10A4460780123294654
:1059F00006F058FED7E72379012BD7D104F1300008
:105A00004FF4007200210193054621F0D3FE0E4AA7
:105A10002263E268C4F81C22E2690C49019BC4F8C5
:105A200014124AF65520A4F82E0201322069C4F857
:105A30001802E2626078294606F034FE00232371E2
:105A4000B4E7012003B030BD52526141727241612E
:105A5000C26A8A4201D10020704730B5C3780D4632
:105A600083B0044600F1300163B9607801232A460F
:105A700006F0E8FD10B9E56203B030BD01204FF03B
:105A8000FF35F8E740780191012306F00BFE98B945
:105A9000D4F82CC0236AA2690199E070ACEB03032F
:105AA0009342E2D2A378022BDFD1607862440123D3
:105AB00006F0F8FD0199D8E70120DDE7F0B505789B
:105AC000022D83B00C46164628D0032D11D0012D8F
:105AD0003BD1016A019004EB540201EB5221009288
:105AE000FFF7B6FFDDE90023002831D0012003B025
:105AF000F0BD016A009001EBD411FFF7A9FF002867
:105B0000F4D1009BA40003F1300004F4FE740122E0
:105B1000015966F31B010151DA7013E0016A00902C
:105B200001EB1421FFF794FF0028DFD1009B6400F4
:105B300003F1300104F4FF7408190E55320A0121F3
:105B40004270D970002003B0F0BD022003B0F0BD58
:105B5000511CE4070F46C2F308004FEA512103F13C
:105B6000300216D5145C019204F00F0444EA0614C6
:105B70001454186ADD70014418460093FFF768FF5B
:105B80000028B3D1DDE90032C7F308001044320920
:105B900016E01654186ADD7001441846019200930D
:105BA000FFF756FF0028A1D1DDE90032C7F3080155
:105BB0005018515CC6F3032421F00F0141EA04029E
:105BC00001210270D970BDE701291DD942699142B6
:105BD0001AD230B50278022A83B00C460D4626D080
:105BE000032A13D0012A31D1016A019004EB540237
:105BF00001EB52210092FFF72BFFDDE9002338B3C0
:105C00004FF0FF3003B030BD01207047016A0090B3
:105C100001EBD411FFF71CFF0028F1D1009BA1007C
:105C200001F4FE710B44186B20F07040EAE7016A42
:105C3000009001EB1421FFF70BFF0028E0D1009B3F
:105C4000620002F4FF721344188EDBE70120D9E7EB
:105C5000C2F308001844196A90F8304000930132EA
:105C600001EB522118460192FFF7F2FE0028C7D13E
:105C7000019A009BC2F308021A44EB0792F8302005
:105C800044EA02204CBF0009C0F30B00BAE700BF92
:105C9000816838B500230568036129B92B78022B88
:105CA00019D96B6ABBB119466B8903BB04462846F8
:105CB00005E001280DD96B6998420AD22068FFF7E8
:105CC00083FF431C0146F4D1012038BD0023C0E905
:105CD0000513022038BD2B89002BFAD06B6AC0E96E
:105CE0000513002BF5D03035C561002038BD6A6939
:105CF0008C1E023A9442E9D2AA6A04FB0323EEE71F
:105D000001293AD9F8B505686B698B420E4625D949
:105D10001146074622BB284611E0FFF7CFFEF0B937
:105D2000D5E90432911E8B4205D22979013341F025
:105D3000010129712B61A24221D9386826463146DA
:105D4000FFF742FF0446002231462846BCB1012C31
:105D500004D0631C15D06B699E42DED30220F8BDCF
:105D6000012AFBD09342F9D94FF0FF322846FFF7C2
:105D7000A5FE0028F3D13868E1E702207047002033
:105D8000F8BD0120F8BD00BF2DE9F04106680746C7
:105D9000884649BBD6E90352EDB90AB373690125B8
:105DA0002C4606E0012812D0013053D0AC4217D067
:105DB000736901349C4202D3012D11D0022438684A
:105DC0002146FFF701FF0028ECD1012C45D8012422
:105DD0002046BDE8F0817369AB42DED9002ADFD1ED
:105DE00000242046BDE8F0813046FFF7EDFE012893
:105DF0000446ECD9421C2DD073698342F1D8326934
:105E0000002AEDD008F10104A34298BF02243868AB
:105E10002146FFF7D9FE0128D9D0431C1AD0736957
:105E20001A4630B1F568012D04D9AB4298BF4546FA
:105E3000B6E79CB94546B3E7B8F1010FC7D073691F
:105E40009845C4D2224641463046FFF737FE90B10E
:105E50000128BCD14FF0FF34C3E77269A242B6D922
:105E60004FF0FF3221463046FFF728FE0028EFD1E1
:105E7000B8F1000FE0D1D6E90423023B9A42F46066
:105E800001D8013A3261337943F001033371A8E755
:105E900002692032B2F5001F034603D3002282615B
:105EA00004207047F0B50E468169046885B000296A
:105EB0004BD0C2F3080535B130342C441A61DC6193
:105EC000002005B0F0BD013181614169002936D063
:105ED0006089013810EA52200746EDD12046CDE90D
:105EE0000123FFF771FE0128DDE90123014630D9C6
:105EF000481C2CD06069884215D826B359691846C9
:105F0000CDE90132FFF740FF014620B3012820D040
:105F1000431C1CD003902046FFF712FDB8B9DDE901
:105F2000013260690399596102380239814204D211
:105F3000B4F80AC0A06A01FB0C079F61BCE7218985
:105F4000B1EB521FB8D800229A610420B9E70120B2
:105F5000B7E70220B5E70720B3E700BF2DE9F04F10
:105F6000D0F800A083B0884611F8013B2F2BFAD05F
:105F70005C2BF8D00023836098F800301F2B40F290
:105F8000C980054600F120074FF02039C7F804907A
:105F9000C7F80090C7F8079098F80040202C38D92F
:105FA00042464FF0000B082301262F2C3CD05C2CDE
:105FB0003AD02E2C32D05B452BD9210603D55F4930
:105FC00004F07F040C5D5E482146CDE9003221F0EB
:105FD000F9FBF0B9A4F16100A4F12001C0B2C9B28B
:105FE000DDE90032192898BF0C4607F80B400BF189
:105FF000010B12F8014F202C06F10106D5D895F8B7
:106000002030E52BB04402D1052385F8203004234D
:1060100021E00624204603B0BDE8F08F0B2BF8D01A
:106020004FF0080B0B23E4E7464433782F2BB046A0
:1060300006F10106F9D05C2BF7D0BBF1000FE8D0D8
:1060400095F82030E52B6DD098F80030202B8CBFD0
:10605000002301239B0085F82B3028462E68FFF78C
:1060600017FE04460028D5D106F130030093F36AE9
:10607000D5F818B09B45304615D0FFF73FFC0446D5
:106080000028C7D17078009901235A4606F0DAFA41
:1060900038B101244FF0FF332046F36203B0BDE86E
:1060A000F08FC6F82CB0EC6923780B2239462046D5
:1060B000002B3BD094F80BB00BF03F0C85F806C0DA
:1060C000E47A14F0080402D121F04BFB58B100210E
:1060D0002846FFF7DDFE04460028C8D0042895F8BE
:1060E0002B3025D096E795F82B20520792D41BF041
:1060F000100F1FD02A699AF80010C2F308020AF1A3
:106100003003134403295A8B04BF9B8A42EA03429B
:10611000AA603BE7802380F82B3003B0BDE8F04F46
:10612000FFF7B6BD052385F820308DE795F82B30B5
:106130005B0701D405246DE704246BE704D1020852
:10614000D0B20208F8B504460420A769256827B331
:10615000EB6A9F4207D02846FFF7D0FB00B300232D
:10616000A361F8BDEF62E3691A783AB3DB7AE52AF6
:1061700003F03F03A37107D02E2A05D00F2B03D0C5
:1061800023F02003082B09D100212046FFF780FED1
:106190000028E4D1A769002FDAD178B90020F8BD32
:1061A000687801233A4605F1300106F04BFA0028E1
:1061B000D8D04FF0FF33EB620120D0E70420CEE7C8
:1061C00030B583B005680446FFF762FD034698B911
:1061D000A269EB6A9A42284611D1E3691B78E52B44
:1061E00020D001212046EBB1FFF752FE0028EFD06E
:1061F000042814BF03460723184603B030BD01929C
:10620000FFF77CFB019A03460028F5D1687801234B
:1062100005F1300106F016FA019A00B34FF0FF3392
:10622000EB6204E0A1692846FFF712FC08B10123E4
:10623000E2E7014601902022E06921F0BBFA04F177
:10624000200203CAE469019B206061601188927892
:10625000A272184601222181EA7003B030BDEA62C1
:10626000BBE700BF30B54FF0FF350023A94283B034
:106270000446C370C56220D194F83030B4F82E5271
:10628000EB2B0BD01833DBB2012B07D94AF6552084
:1062900085420CBF0220032003B030BD4AF65523CF
:1062A0009D421AD0B4F83B305A1E1A4202D1B3F5BF
:1062B000007F25D0032003B030BD0A46019140780D
:1062C000012304F1300106F0BDF9019A18B1042050
:1062D000E56203B030BDE262CEE71E49082204F158
:1062E000820021F03EFA0028D6D0B4F83B305A1E86
:1062F0001A4202D1B3F5007F23D0022003B030BD93
:1063000094F83D30002BD5D05A1E1A42D2D1E38FDB
:10631000002BBBD094F84030013B012BB6D8B4F829
:106320004130002BB2D0B4F843307F2B03D8236D1B
:10633000B3F5803FAAD3B4F84630002BA6D0002096
:10634000AAE794F83D30002BD7D05A1E1A42D4D178
:10635000DDE700BFE0B202082DE9F041002386B07E
:106360000B6001911546FFF78DFA013000F0BB80FC
:106370008F4B1C68002C00F0BE8001990C602378C4
:1063800005F0FE0563B1607806F042F9C60707D450
:1063900015B1410700F1AB80002006B0BDE8F081E7
:1063A0000020208006F018F9C20774D415B1430705
:1063B00000F19D8000212046FFF754FF022874D091
:1063C000042800F09A8001286BD8B4F83B30B3F56C
:1063D000007F66D1E36AB4F84600984600B9606D64
:1063E00094F84020A061531E012BA27059D894F854
:1063F0003D306381002B54D0591E194251D1B4F85D
:1064000041C0A4F808C01CF00F0F4AD1B4F84310E3
:1064100001B9216DE58F002D43D000FB02F205EBA1
:106420001C1E964471453CD3A1EB0E01994238D312
:10643000B1FBF3F15F4B994233D84FF6F5772B461A
:10644000B94208EB0E06434401F1020E6FD840F644
:10645000F577B942C4F81C80A662C4F814E0236240
:106460004DD9BCF1000F1CD04FEA4E011A4401F285
:10647000FF13B0EB532F626213D34FF0FF33802230
:10648000C4E90333227102234B4A2370138801337A
:106490001380E38080E7032006B0BDE8F081042884
:1064A0002BD00D2006B0BDE8F081D4F82632D4F808
:1064B000F601D4F80612D4F81622CDE90201CDE98E
:1064C000042302AB03E0043306AA9342E7D0196821
:1064D00003200029F7D020460193FFF7C3FE0128CF
:1064E000019BF0D871E70B2006B0BDE8F0810A20CF
:1064F00006B0BDE8F0810C204FE701204DE7BCF16C
:10650000000FCED013440EF0010202F2FF120EEB88
:106510004E0E02EB5E02B0EB522F6362C1D34FF01E
:10652000FF338022C4E9033322710123ACE72362E5
:10653000B4F85A30A6625CEA0303C4F814E0C4F865
:106540001C80AED14FEA8E0303F2FF13E26D62624C
:10655000B0EB532FA5D3B4F860204FF0FF33802168
:10656000012AC4E90333217101D003238CE708F128
:1065700001012046FFF76CFA0028F6D1B4F82E226C
:1065800020714AF655239A42EFD1226B0B4B9A4267
:10659000EBD103F1FF53D4F8142203F50053203359
:1065A0009A42E2D1D4E98632C4E90323DDE700BF91
:1065B0003C050020F5FFFF0F3805002052526141D5
:1065C00000B587B0CDE90121039005A80591FFF73B
:1065D00059F9013015D00C49019A0B680BB1002014
:1065E0001870039B0BB1002018700B6012B9104695
:1065F00007B000BD002203A902A8FFF7ADFE07B057
:1066000000BD0B2007B000BD3C0500202DE9F04186
:1066100090B00391002800F096801446054602F0E1
:106620003F0704A902F03F0203A8FFF795FE0346C7
:1066300028B100222A60184610B0BDE8F081049B02
:1066400001900399059305A89846FFF787FC019BE5
:1066500004F01C02002835D19DF93F10814277DB00
:106660009DF81A109AB311F0110F73D1610700F160
:106670008280220731D50C99564AC1F80E200C9918
:10668000C1F8162098F800100C9A032908BF918AC7
:10669000548B08BF44EA01442021D1720C9A4FF078
:1066A0000001518398F80000032808BF91820C99DB
:1066B0000022CA61012188F80310002C5DD147F047
:1066C00040070AE00AB1042848D00346B1E7CE06E5
:1066D00042D4A00701D5CA073CD4D8F82C202A629E
:1066E0000C9A6A6298F80000518B032804BF908AC4
:1066F00041EA0041A960D469B8F80620AA80BE0624
:106700004FF00002EC60C5F800802F746A74EA61F3
:106710006A6190D5002C8ED0B8F80A206C615202C4
:1067200094423FD92868CDE90123FFF74DFA019A39
:10673000029B01280146A4EB020419D9481CEFD1A1
:10674000A961012375E70923184610B0BDE8F0815F
:1067500006236EE707236CE704236AE705A8019385
:10676000FFF72EFD0028B0D1019B47F0080782E714
:10677000A86102235DE708235BE70193D8F82C307A
:1067800005A821461E46FFF7BBFA00289DD13146D9
:106790004046FFF75DF9013C019BC8F80C4000281A
:1067A0008DD0CEE7C4F30802A961002A3FF443AFBD
:1067B000D8F814200239023A9142DAD2B8F80A0025
:1067C000D8F8282001FB0022002AD2D002EB542264
:1067D000EA6130E7000021502DE9F04F984685B07E
:1067E00000230F46C8F8003003A904461546FFF7FA
:1067F00061F800284BD1607C002849D194F810C082
:106800001CF0010C00F08C806169E668761AAE42DB
:1068100028BF2E46002E3BD0C146E246B8468346EE
:106820003746C1F30805039E002D46D17389013B0D
:1068300013EA51232FD0A06972690238023A9042BC
:1068400036D27189B26A01FB0022002A30D07D0A5B
:106850001A4453D05819884288BFCD1A70780192D3
:106860002B46414605F0EEFE002853D1F37863B184
:10687000F06A019A801AA84207D206F1300108EBAB
:1068800040204FF4007221F00DFB6D0229E0092039
:1068900005B0BDE8F08F002935D1A068012807D9DF
:1068A000421C37D07269A061023A02389042C8D3C4
:1068B0000220607405B0BDE8F08FE26911463046F1
:1068C000FFF7C6F830BBC5F500756169BD4228BF4A
:1068D0003D463036C1F3080131442A46404621F096
:1068E000E1FAD9F8003061692B4429447F1BC9F8CB
:1068F0000030A844616194D15846C9E76569E261F6
:10690000C5F30805DAE7A16920680193FFF75CF990
:10691000019BC3E701235046637405B0BDE8F08FC7
:106920000720B5E72DE9F047984684B000230F46CD
:10693000C8F8003003A904461546FEF7BBFF00283F
:1069400051D1667C002E4FD1227C910740F1A0806E
:106950006369EB4228BFDD43002D75D0B246C146C6
:106960003E46A846C3F30805039F002D40D1798910
:10697000013911EA53250DD1002B77D1A0680028E9
:1069800000F08880012863D0431C7BD0A368A061FD
:1069900003B9A060FA6AE3699A426ED0A3697A6982
:1069A000023B023A934253D27989BA6A01FB03222D
:1069B000002A4DD05FEA58232A444FD0E818884275
:1069C00088BF4B1B78783146CDE9002305F06AFE7D
:1069D0000546002856D1F96A009A019B891A994206
:1069E0006AD35D021DE00926304604B0BDE8F08799
:1069F000E26911463846FFF72BF8002842D1C5F569
:106A000000756069454507F1300328BF4546C0F36E
:106A1000080018442A46314621F044FA4FF0010399
:106A2000FB70D9F8002063692A44C9F80020E268A5
:106A30002B449A4238BF1A46B8EB05082E446361CE
:106A4000E2608FD1227C564642F040022274CBE7AE
:106A500002263046667404B0BDE8F0876569E368D5
:106A60009D421FD2E261C5F30805C2E7A169204635
:106A7000FFF78AF9002885D1E4E73846FEF73EFFA4
:106A800000288BD001263046667404B0BDE8F0873C
:106A90000726A9E729462046FFF776F900287FF464
:106AA00071AFCFE738460092FEF728FF0028E9D102
:106AB000009A6569FA62D5E706EB41214FF400724E
:106AC00007F13000009321F0EDF9009BFD7088E79D
:106AD00038B102682AB113781BB18188D3889942F2
:106AE00001D00920704710B582B00190507805F0B0
:106AF0008FFDC30706D4019B187C10F0400004D121
:106B000002B010BD092002B010BD1868196A044611
:106B1000FEF79EFF019B0028F2D15A6AD17A41F01C
:106B20002001D1729968186891764FEA112C82F889
:106B30001BC00078032813D0D8680C49D061C2F874
:106B400016104FF00000012150822046E1700193A1
:106B5000FEF724FF019B1A7C22F040021A74CFE753
:106B6000090C080A11755075E6E700BF00002150B6
:106B700010B582B00446FFF7ABFF08B102B010BDFC
:106B800001A92046FEF796FE10B9206002B010BDA4
:106B9000092002B010BD00BF70B59AB0022201906A
:106BA00003A901A8FFF7D8FB08B11AB070BD039A7A
:106BB00001990492034604A814460B93FFF7CEF9FB
:106BC0000028F2D19DF93B30834221DB9DF816303D
:106BD000DA072FD421780B9A049E508B032908BF23
:106BE000918A054608BF40EA0145DB0612D40A999E
:106BF00000923046FEF72CFF009A0028D5D1E523FD
:106C000013700123F370BDB92046FEF7C7FECCE731
:106C10000620CAE70FA800920F941195FFF738F8E5
:106C20000028C2D10FA8FFF78DFA18B10428009AE6
:106C3000BBD1DCE70720B8E70246294604A8FFF7E6
:106C40005FF80028B1D1DFE72DE9F041A2B0019053
:106C500068460091FEF716FE022203A901A8FFF77D
:106C60007BFB10B122B0BDE8F081039A01990C9230
:106C700003460CA815460E93FFF770F90028F1D1D2
:106C80009DF85B3013F0A00F40F08280139B0C9EA8
:106C9000186859689A681C461F46DB680DF1100E8B
:106CA000AEE80F0020696169A269E369AEE80F00F0
:106CB000E37A0E9C0DF1300C9846BCE80F000DF104
:106CC0005C0EAEE80F00BCE80F00AEE80F009CE8D9
:106CD00007008EE80700009917A8FFF73FF9002882
:106CE00058D00428BED117A8FFF76AFA0028B9D1F6
:106CF00048F0200318F0100FDBB208BF1A461E9BA5
:106D000018BF4246DA72DDF81D20C3F80D20DDF809
:106D10002120C3F81120DDF82520C3F81520DDF867
:106D20002920C3F81920BDF82D20A3F81D209DF8B7
:106D30002F20DA770122EA70DA7AD2061BD5199A67
:106D4000A24218D029785A8B032904BF9B8A42EAB1
:106D500003426B69023A023B9A42284626D26B896B
:106D6000A96A02FB031109B3FEF772FEE0B995F8B8
:106D700051302E2B1CD012993046FEF769FE98B97F
:106D8000E52201233A702846F370FEF707FE69E713
:106D9000062067E7199BA34201D0082062E71B9AEF
:106DA000109B9A42F9D19EE701205BE7022059E748
:106DB000199B85F86A301A0A85F86B202A78032A0D
:106DC00005D11B0C1A0A85F8643085F8652001236B
:106DD000EB70D0E708B541F62C70FAF765F94FF47F
:106DE000FA50FAF767F941F65470FAF769F9042096
:106DF000FAF752F9BDE8084001210220FAF738B944
:106E00000120FAF721BA00BF0120FAF71DBA00BF2E
:106E100010B5FAF75BF925480121FAF79FF9244AE2
:106E2000244B1069012161F3020010611A6E61F3B5
:106E300001021A660420FAF7B9F91F48FAF77EF939
:106E40000128FAD101460020FAF7B0F90120FAF73B
:106E500075F901280446F9D1024690210020022349
:106E6000FAF718FA21460220FAF7A0F91920FAF7E2
:106E700065F901280446F9D10020FAF7BFF904208A
:106E8000FAF7CCF90420FAF7C1F92046FAF7CEF95F
:106E90000220FAF745FAFAF75FFA0228FBD1002040
:106EA000FAF7C4F9BDE81040FAF7A2B81C00400098
:106EB00000700040003C02400100740008B5012150
:106EC0004FF44010FAF74AF908480121FAF746F959
:106ED00007480121FAF742F906480121FAF73EF97D
:106EE000BDE8084004480121FAF738B90100300034
:106EF0001D003000070034001D00440008B50320C9
:106F0000FAF7B6FC174B0022D9681A76D9685A7678
:106F1000D9689A76D968DA77D96883F82020D96851
:106F200083F82220DB68C3F30223D91E042916D874
:106F3000C3F107024FF0FF339340DB438B401B014B
:106F40000849002281F8233043201146FAF756FC05
:106F5000BDE80840002201214D20FAF74FBCF02384
:106F6000EEE700BF00ED00E030B591F83030002BC7
:106F700062D1D1F82CC0DFF8E0E000232CFA03F254
:106F8000D20703D40133162BF8D130BD0F2B31F9C2
:106F900013203ED9DBB2113B042B53D8DFE803F0BA
:106FA0002E23180D0300002A40DD2A49C2EB82235C
:106FB000A1FB03135B09838130BD002A39DDC2EBDD
:106FC0008223244AA2FB03235B0943811523D5E7CF
:106FD000204BC2EBC23283FB0243D217A2EB6312F7
:106FE00002811423CAE71B4BC2EBC23283FB02436C
:106FF000D217C2EB6312C2801323BFE7154BC2EB5B
:10700000C23283FB0243D217A2EB631282801223A7
:10701000B4E704883EF813501AB12C4304800133BE
:10702000ACE724EA050404800133A7E70023838149
:1070300030BD00234381C9E70023036043608360C0
:10704000838196E7C2EBC232642392FBF3F3438061
:10705000112393E71F85EB51A4D2020830B50C49E8
:1070600083B0044606F0DEF80122054611462046AC
:1070700016F0F0FDAB693BB101212046019305F00C
:10708000DDFF019BC0B29847002003B030BD00BFB8
:10709000D7B9F0FF08B5044906F0C4F8C36803B1D6
:1070A0009847002008BD00BFD7B9F0FF38B5144994
:1070B00006F0B8F800F5A04300240546C3F8924650
:1070C00083F8964603F11000214640F2826220F0D8
:1070D00071FB05F55850214641F60822083020F092
:1070E00069FB214643F2E04205F5947020F062FB13
:1070F0003422214605F1700020F05CFB204638BDAB
:10710000D7B9F0FF08B5044906F08CF8012380F8E0
:107110006C30002008BD00BFD7B9F0FFF0B51849AA
:1071200083B0044606F07EF801210746204616F09B
:1071300039FE02210546204616F034FE7F2D064614
:1071400010D81F2E15D87B694BB10321204601931F
:1071500005F074FF019BC2B2F1B2E8B2984700207B
:1071600003B0F0BD074A0121204616F061FC1F2E36
:10717000E9D9054A0221204616F05AFCE3E700BF90
:10718000D7B9F0FFECB2020800B3020870B51A4993
:1071900082B0064606F046F801210546304616F054
:1071A00001FE02210446304616F0FCFD152C034674
:1071B00017D80F2C10DD13F1640F1ADB642BA8BF56
:1071C0006423AA6E05EB44000121A14083870A4392
:1071D0000020AA6602B070BD084A32F81420002AC6
:1071E000E9D1074A01933046012116F021FC019BA9
:1071F000E1E76FF06303E4E7D7B9F0FFA4D2020838
:1072000010B302082DE9F041264982B0044606F089
:1072100009F801218046204616F0C4FD02210546EA
:10722000204616F0BFFD01AA06460321204616F0AF
:107230003BFD7F2D074614D81F2E19D8019A402AEE
:107240001ED800213846F9F72BFA28BBD8F81030A1
:107250001BB13A46F1B2E8B29847002002B0BDE84F
:10726000F081114A0121204616F0E2FB1F2EE5D9DC
:107270000E4A0221204616F0DBFB019A402AE0D993
:107280000B4A0321204616F0D3FB019A0021384611
:10729000F9F706FA0028D9D0064A2046032116F04D
:1072A000C7FBD3E7D7B9F0FFECB2020800B302087E
:1072B0002CB3020840B3020800B5084983B0034666
:1072C00031B1019002F0B6FE019B011E18BF0121F1
:1072D000184606F03FF9012003B000BD35A00008B4
:1072E00000B5074983B0034621B1019002F09CFE2E
:1072F000019B0146184606F07BF8012003B000BD53
:1073000029A0000830B5124983B0044605F08AFF71
:1073100001210546204616F045FD032803460FD8F7
:1073200095F83A20DBB222FA03F313F0010F20465E
:1073300014BF6421002106F05BF8012003B030BDCA
:107340000190044A0121204616F072FB019BE7E7F9
:10735000D7B9F0FF60B3020830B5154983B00446D1
:1073600005F060FF01210546204616F01BFD15289B
:10737000034614D80F280DDD05F5A0423433D2F8AA
:107380009C1655F823302046C91A06F031F8012022
:1073900003B030BD074A32F81020002AECD1064A6B
:1073A00001930121204616F043FB019BE4E700BF57
:1073B000D7B9F0FFA4D2020810B3020810B50649ED
:1073C000044605F02FFF00F5A0432046D3F89C1695
:1073D00006F00EF8012010BDD7B9F0FF00B507493F
:1073E00083B0034621B1019002F018FE019B0146D3
:1073F000184605F0FDFF012003B000BD1DA00008E8
:1074000010B50121044616F0CDFC064929B1C0B2E1
:1074100002F0C4FD011E18BF0121204606F09AF8B3
:10742000012010BD9D9F00082DE9F04F83B0044658
:10743000904605F03DFA052201468346204616F0A7
:1074400009FC5946204605F09DFE431E1F2B009067
:1074500000F21381054640F282620021404620F08E
:10746000A9F988F8005046464FF0000A55E04FF061
:10747000FF31204616F096FC6FF0010105462046CC
:1074800005F030FA152D05D80F2D08DC854B33F8A3
:10749000153023B9844A5946204616F0C9FA834A62
:1074A0004FF0FF31204606F0D1F84FF0FF31204673
:1074B00016F078FC10F1640FC0F2F1806428A8BFC8
:1074C000642030816FF00101204605F00BFA784A04
:1074D0004FF0FF31204606F0B9F84FF0FF3120465B
:1074E00016F060FC6FF001010746204605F0FAF93E
:1074F0004EF65F237A1E9A4200F2B0800123337168
:107500007780B5716FF00101204605F0EBF9009B23
:107510009A4506F1340680F0978057460AF1010A31
:1075200052465946204606F027F905224FF0FF3112
:10753000204616F08FFB4FF0FF315E4A204606F0E2
:1075400085F84FF0FF31204605F050FB00288ED122
:107550006FF00101204605F0C5F9574A4FF0FF31A1
:10756000204606F073F84FF0FF31204616F01AFC63
:107570004EF65F23421E9A42054675D86FF0010110
:107580002046758005F0AEF94C4A4FF0FF31204699
:1075900006F05CF805224FF0FF31204616F05AFB4A
:1075A000204605F013FF07EB4709CDF804A037E0AC
:1075B0006FF00101204616F0F5FB4FF0FF318246D7
:1075C000204616F0EFFBBAF1150F054606D8BAF1C2
:1075D0000F0F08DC334A32F81A2022B9324A5946D2
:1075E000204616F025FA32790B2A30D807EB8901AC
:1075F000114408EB810115F1640F81F806A039DB15
:10760000642DA8BF642507EB8903134408EB8303AB
:1076100001321D816FF001013271204605F062F9DF
:107620006FF00101204606F0E9FB0028C0D16FF0A1
:1076300002012046DDF804A005F054F9009B9A45AC
:1076400006F13406FFF469AF03B0BDE8F08F1C4AC1
:107650005946204616F0ECF93279C7E7194A5946DF
:10766000204616F0E5F949E7174A5946204616F034
:10767000DFF983E76FF06305C5E7144A59462046F2
:1076800016F0D6F940F282620021404620F092F8CE
:10769000009B88F80030002B7FF4E5AED4E76FF054
:1076A00063000EE7A4D20208A4B3020840B60208A1
:1076B000D0B30208A0B30208F4B3020840B4020831
:1076C00024B40208D8B3020800B4020880B3020848
:1076D00070B51F49ADF5D26D064605F0A3FD00F566
:1076E000A04494F89436032B25D8054603AA3046C7
:1076F0000121FFF799FE94F89236019340F28262DD
:1077000002FB035000F5585003A9083020F0CAFBD3
:10771000019B94F8942601210B4403F003030A44CF
:10772000304684F8923684F8942605F013FF012041
:107730000DF5D26D70BD3046002105F00BFF0549F7
:10774000304605F083FE02200DF5D26D70BD00BFFE
:10775000D7B9F0FF48B4020830B550F8044C04F52E
:10776000A04283B0D2F8A03605468BB16168013BD8
:10777000C2F8A03651B1D2F8A4363BB10192884785
:10778000019AD2F8A436C01A002809DA03B030BD35
:107790000749019216F0D0F8019AD2F8A036E5E731
:1077A0000449284603B0BDE8304016F0C5B800BF14
:1077B0005CB4020878B40208103905294BD8DFE818
:1077C00001F010233840480383892448642202FBD7
:1077D00003F3A0FB03201B1A00EB530040F34F20E0
:1077E0007047B0F9020010F5004F27D000EB800081
:1077F0001B4B00EB8000800083FB00230344C01779
:10780000C0EBA33000B27047B0F9043013F5004F5D
:107810001CD003EB8303124A03EB83039B0082FB20
:1078200003121A44D817C0EBA23000B2404200B293
:107830007047B0F9060010F5004FD7D16FF0630024
:107840007047B0F9083013F5004FE2D16FF06300D4
:10785000ECE74389B9E70020704700BF05104000FE
:107860000300018070B5234982B0044605F0DAFCBC
:1078700001210546204616F095FA1528034605D83D
:107880000F2819DD05F12C00D9B20CE0019001217F
:10789000194A204616F0CCF89DF804100F290B4623
:1078A00026D905F12C00FFF787FF0146204605F099
:1078B0009FFD012002B070BD104A164632F810201C
:1078C000A2B901900C4A0121204616F0B1F89DF8AA
:1078D0000430AA8D36F81330134220460CBF002125
:1078E000642105F085FD012002B070BDC3B2F0E750
:1078F000024EEEE7D7B9F0FF10B30208A4D2020897
:107900002DE9F04734220446002170301FF052FF69
:1079100004F5A04292F89536002B40D14FF00008B4
:10792000264645464FF0340A40F29C69012706E09E
:107930000135082D06F29C6608F29C682DD096F859
:10794000C137002BF4D096F8C0370AFB03F309FBCC
:107950000532224492F83C21002AE9D004EB0800C9
:107960000344D4F89C1003EB820E93F83E21B3F944
:1079700040C104EB4200043307FA02F27345A0F859
:1079800070C041EA0201F0D10135082DC4F89C1005
:1079900006F29C6608F29C68D1D1BDE8F08792F8A7
:1079A0009606342303FB0022157D002DB6D000EB94
:1079B000400200EB820204F5A04616362A44D4F8B1
:1079C0009C1003FB0063012706EB82061A78B3F9CB
:1079D000025004EB4200043307FA02F2B342A0F86B
:1079E000705041EA0201F1D1C4F89C1096E700BF43
:1079F0002DE9F04F4649ADF28C6D074605F012FCBB
:107A0000012180466A46384616F04EF9DDF800B08E
:107A10000BF1FF330E2B064672D85A460021304632
:107A2000F8F73EFE002863D1C24608F5947400259D
:107A300094F8993643B114F80B305A463146204633
:107A400013B91FF08EFED0B10135082D04F29C64ED
:107A5000EED100239AF8C1570AF29C6AC5B10133EE
:107A6000082BF7D13846002105F074FD2949384626
:107A700005F0ECFC02200DF28C6DBDE8F08F0146A4
:107A8000384605F067FD01200DF28C6DBDE8F08FE2
:107A900040F29C6B0BFB03F404F5947A01AA384680
:107AA0000221FFF7C1FC5A4629460AEB08001FF0E5
:107AB00081FE4444009A31460AEB080020F0F2F9B6
:107AC00001A940F2826204F59C7020F0EBF908F500
:107AD000A0430125D3F89C36C4F8BC37404684F84F
:107AE000C157FFF70DFF2946384605F033FDCAE7B9
:107AF000094A0121384615F09BFFDDF800B093E7F5
:107B0000064A0121384615F093FFDDF800B084E7FE
:107B1000D7B9F0FFDCB40208B8B4020894B4020884
:107B20002DE9F0411A4982B0804605F07BFB012126
:107B3000054601AA404616F0B7F8019E731E0E2BAB
:107B400007461BD805F5947405F55855083594F883
:107B500099363BB1A35D32463946204613B91FF032
:107B600000FE90B104F29C64A542F0D10021404691
:107B700005F0F0FC012002B0BDE8F081054A0121CA
:107B8000404615F055FF019EDCE70121EFE700BFFD
:107B9000D7B9F0FF94B402082DE9F043224983B02D
:107BA000804605F03FFB0121074601AA404616F03A
:107BB0007BF8019E731E0E2B81462ED807F5947418
:107BC000002594F899363BB1A35D324649462046DC
:107BD00013B91FF0C6FD60B10135082D04F29C6495
:107BE000EFD14046002105F0B5FC012003B0BDE80F
:107BF000F08340F29C6202FB0575014605F5947026
:107C00001FF0D8FD3846FFF77BFE4046012105F006
:107C1000A1FC012003B0BDE8F083044A01214046E5
:107C200015F006FF019EC9E7D7B9F0FF94B402082A
:107C3000002800F00F81002A00F00C812DE9F843A4
:107C40001368002B00F00381DFF8488215460F46C9
:107C5000064600219146404645F2AC621FF0AAFD5F
:107C60000FCD08F104040FC40FCD0FC495E8030035
:107C700084E803003946304610F058F904460028DD
:107C800000F0E580C8F80000734A40F8048C012336
:107C90007249734D16F028FC6FF00101204604F084
:107CA00021FE704A70490123204616F01DFC6FF03A
:107CB0000101204604F016FE6C4A6D49012320465E
:107CC00016F012FC6FF00101204604F00BFE0123B8
:107CD000684A6949204616F007FC6FF0010120460A
:107CE00004F000FE204605F071FB6449204605F0D3
:107CF000DBFD204605F06AFB6149204605F0D4FD16
:107D0000204605F063FB5F49204605F0CDFD204687
:107D100005F05CFB5C49204605F0C6FD00221146DB
:107D2000204605F041FD4146204605F01DFC01229C
:107D30005649204616F090FA5549204605F0B4FD04
:107D40005349204605F01AFC002605F1580855F85D
:107D5000047F314620463FB105F04AFB3A466FF0BA
:107D60000101204605F0A8FD454506F10106EED1CA
:107D70006FF00101204604F0B5FD002211462046B7
:107D800005F012FD4349444E204605F0EDFB01226B
:107D90004249204616F060FA4149204605F084FD2C
:107DA0003F49204605F0EAFB00252946204605F01C
:107DB0001FFB013556F8042B6FF00101204605F03A
:107DC0007BFD042DF1D120466FF0010104F08AFD06
:107DD00000221146204605F0E7FC20462D4905F01B
:107DE000C3FB012220462F4916F036FA20462E49C1
:107DF00005F05AFD00221146204605F0D5FC20462C
:107E0000244905F0B1FB01222046284916F024FA46
:107E10002046274905F048FD00221146204605F07E
:107E2000C3FC20461B4905F09FFB01222046214947
:107E300016F012FA2049204605F036FD484600F0BB
:107E400095FE1E4B012083F8AA06BDE8F8830020AA
:107E5000BDE8F8830020704741F00108F8B402083B
:107E600090D10208C9260208B4CE0208851E020875
:107E7000B8CD020889F90108FCB4020804B502086B
:107E80000CB5020814B5020820B502084CD202084D
:107E900030B502084005002084D102081CD2020837
:107EA0003CB50208FCD1020844B50208ECD1020836
:107EB0004CB50208C4D2020850B502084055002053
:107EC0002DE9F041304C04F5A04582B095F8AAC6E2
:107ED000BCF1000F40D000283ED0DFF8C0C001F157
:107EE000FF3EE64538D89846284B00931746284B66
:107EF0000A460146206816F08BF8064618BB642334
:107F00004FF4FA72A5F8A836C5F8A0266268904723
:107F10001430C5F8A4061F4920686423082208F01D
:107F2000D5F9CDE90066334632463146206805F082
:107F3000DFFD3346054632462068314608F0C6F973
:107F40000DB9012009E0206817B1B8F1000F07D181
:107F50006FF0010104F0C6FC002002B0BDE8F08122
:107F600000224FF0FF3105F0B1F80B4B08F1FF355F
:107F7000002814BF014619462A4638461FF034FE31
:107F800000237B552068E3E74005002084C90208F0
:107F90006CB502085977000858B50208DFDF030006
:107FA0002DE9F84F334C04F5A04A9AF8AA36002B75
:107FB00055D0002853D005460F460068AA68696866
:107FC00004F12C0307C3A068AA891A80CAF89C761A
:107FD00000B1804784F83A00DFF8A0B02648DFF807
:107FE000A090342200211FF0E5FB9AF8AB66002434
:107FF0000BF12C080F2C0DD839F8140008B32A887F
:10800000104022D1CEB92BF8026B48F8247001340D
:108010000F2CF1D9E1B22846FFF7CEFB1EB1BBF918
:108020000030834203D0ABF8000048F824700134DC
:10803000162C11D00BF1020BDCE7BBF90030002B42
:10804000F1D101340BF1020BD4E756B1BBF900308A
:10805000642BF6D06420E6E701238AF8AB36BDE84E
:10806000F88F4FF064032BF8023B48F8247001347A
:10807000C0E700BF400500207C050020E40500208B
:10808000A4D20208F0B5424C964604F5A04285B051
:1080900092F8AAC6BCF1000F08D038B131B10D6812
:1080A00025B1B1F808C0BCF1000F02D1002005B025
:1080B000F0BD0D46014620681F46764605F05EFA83
:1080C00020684FF0FF3104F091FD002834D0206883
:1080D0004FF0FF3104F08AFD06282E4A32D12B687A
:1080E000591E2B89A2F8A8361944B1FBF3F1C2F846
:1080F000A0166868C0B9C2F8A406274920680822FB
:1081000008F0E4F80023CDE900331A461946206848
:1081100005F0EEFC002305461A462068194608F0D3
:10812000D5F8ADB90120C2E7636898476B68194A72
:108130001844B2F8A836DEE720686FF0010104F0B9
:10814000D1FBEFE720686FF0010104F0CBFBADE756
:10815000206896B18FB100224FF0FF3104F0B6FFD6
:108160000E497A1E002818BF0146304603921FF0C0
:108170003BFD039A0023B35420686FF0010104F023
:10818000B1FB3422002106481FF014FB8EE700BF2C
:1081900040050020405500205977000858B50208D6
:1081A0007C0500202DE9F8434E4E06F5A04494F8D6
:1081B000AA36002B00F08C8094F895760546002FA7
:1081C00052D0D4F8981694F89636F7B194F81090E7
:1081D0004FF0000C4FF0340845F2120E05E0FBB2F0
:1081E0004B4511444FF0010C74D208FB0362681A2E
:1081F00032F80E20904203F10107F0D2BCF1000FDB
:1082000003D0C4F8981684F89636374C4FF000081F
:10821000342740F29C6994F89936CBB109FB08F0F9
:1082200006E0217CC4F89426994284F8983641D916
:1082300094F89836D4F8942607FB03013144A5EB53
:10824000020CB1F83A1101338C450A44DBB2E8D292
:1082500008F10108B8F1080F04F29C64DBD1BDE815
:10826000F8432048FFF74CBB94F89486B8F1000F10
:10827000A7D094F8939640F2826303FB096101F55D
:1082800058511A46083104F110001FF00BFE09F195
:10829000010303F0030384F8933608F1FF384FF02D
:1082A0000103A4F8953684F89486C4F898563B46A2
:1082B00029468BE7204640F29C62002108F1010824
:1082C0001FF078FAB8F1080F04F29C64A3D1C6E756
:1082D000BDE8F8830022C4F8981684F8963684F82E
:1082E000952692E7400500206806002008B5074B58
:1082F00093F8AA3643B138B10549FEF735FEBDE81B
:1083000008400449FEF730BE08BD00BF40550020BC
:108310007C050020B0050020034B93F8AA3603B972
:10832000704700F0EFBC00BF4055002008B5064B79
:10833000186808B10FF030FFBDE80840024845F268
:10834000AC6200211FF036BA4005002008B5034B8F
:10835000997ED97605F0FEF8012008BDCC9B00205F
:10836000F0B5012183B0064615F01CFD0221074639
:10837000304615F017FD03210546304615F012FD75
:108380007B1E012B04460ED8013D232D15D8013C40
:10839000012C1CD803EBC30305EB830504EB45005C
:1083A00080B203B0F0BD0E4A019301213046013D79
:1083B00015F03EFB232D019BE9D90A4A01930221C6
:1083C0003046013C15F034FB012C019BE2D9064AF2
:1083D00001933046032115F02BFB019BDAE700BF28
:1083E000FCB6020810B7020828B702082DE9F04FC2
:1083F00083B00446FFF7B4FF04210546204615F07C
:10840000D1FC05210746204615F0CCFC062181460B
:10841000204615F0C7FC07218246204615F0C2FC15
:1084200009218346204604F009FE0A215FFA80F8FC
:10843000204604F0DBFB00284FDC6426632F334624
:1084400053D809F11E023C2A5AD8BAF1630F61D8F9
:108450000BF1FF321D2A68D8C82B6FD8082120469F
:1084600004F0ECFD4D4B05EB450103EB4101C2B2BD
:1084700091F83C00003A18BF012210F0010F7FB2C2
:108480004FFA89F95FFA8AFA5FFA8BFB03D091F908
:1084900038C0BC4558D02046414CB8F1000F4FF0D1
:1084A000010105EB450503EB4503A1760CBF0C4626
:1084B000032444EA820283F8387083F8399083F801
:1084C0003AA083F83BB083F83D6083F83C2005F088
:1084D00041F8012003B0BDE8F08F0A21204615F0D5
:1084E00061FC632F0346C6B2ABD92E4A0193042127
:1084F000204615F09DFA09F11E023C2A019BA4D9E1
:10850000294A01930521204615F092FABAF1630F2A
:10851000019B9DD9254A01930621204615F088FA32
:108520000BF1FF321D2A019B96D9214A01930721A5
:10853000204615F07DFA019BC82B8FD91D4A0A21D0
:10854000204615F075FA89E791F939C0CC45A2D1DA
:1085500091F83AC0D4459ED191F83BC0DC459AD100
:10856000C0F3800C8CF0010C5FFA8CFC944592D027
:10857000C0F34000B8F1000C80F00100C0B218BF99
:108580004FF0010C844586D091F83D10B14282D164
:108590000121204604F0DEFF9BE700BFCC8B0020CA
:1085A000CC9B002040B7020858B7020874B70208F5
:1085B0008CB70208A4B7020838B50546FFF7D0FE0D
:1085C0001B4C00EB400004EB400494F83C30DB070C
:1085D00028D594F93810284604F00AFF94F9391088
:1085E000284604F005FF94F83A10284604F000FFEE
:1085F00094F83B10284604F0FBFE94F83C10284603
:1086000001F0040104F0A6FF94F83C10284601F0A4
:10861000020104F09FFF284694F83D1004F0E8FEA4
:10862000072038BD284604F0D1FE012038BD00BF28
:10863000CC8B00202DE9F04784B002AA01218146AD
:1086400015F032FB029A531E1E2B074600F2D6800D
:1086500000213846F8F724F8002840F0C980DFF8F8
:10866000A482B8F82E40002C00F0E28008F5667A6B
:10867000642606FB04A6554602E06435AE422ED0C1
:10868000394628462C46F7F7FBFF0028F5D1019024
:108690000221484604F0AAFA019B0646002862D04F
:1086A000012E40F08B801946402204F124000193F2
:1086B0001FF080F8019B6384012384F8203002219D
:1086C000484604F0BBFC84F82400874B012148464F
:1086D000997604F03FFF012004B0BDE8F087022145
:1086E000484604F083FA0646002858D0012E40F090
:1086F000B8800126B8F82E301F2B55D8642202FB13
:1087000003F505F566744444013300212046A8F8BA
:108710002E301FF04FF8394605F56F771F2220469F
:1087200047441FF061FA45444022002138461FF0BB
:1087300041F80023012EA5F8BA33BDD0032E48D04E
:10874000042E08BF03ADC0D12A460221484604F0DA
:10875000BDFC039A62840423014684F82030384625
:108760001FF0A0FBB1E7614AB8F82E10A5EB0A0391
:108770009B1002FB03F39BB25A1C8A4245D301397A
:10878000642389B203FB01801A46A8F82E1000F575
:10879000667000211FF00EF8534B01229A760121DA
:1087A000484604F0D7FE96E70021484604F0D2FE82
:1087B0004F49484604F04AFE02208DE7032E53D16C
:1087C0001946402204F1240001931EF0F3FF019B9F
:1087D00063840221484604F063FAB8B30022022100
:1087E000484604F0E3FB022384F8203060626CE723
:1087F000404A0121484615F01BF930E73E4A012165
:10880000484615F015F9029A22E76420C91A00FBC0
:1088100003F34A1E03F57F7103F5667300FB02F252
:10882000414408EB03001EF0ACFFB8F82E10A6E799
:108830000221484604F0DAF906460028AFD00128A4
:108840003FF457AF03283CD1032653E703230246E6
:1088500084F820300221484604F060FB84ED090AC8
:1088600033E7032EF0D00024042E19D103AD2A469D
:108870000221484604F02AFC039B3F2B0AD85CB334
:1088800004F124074022002138461EF093FF002304
:10889000638459E7194A0221484615F0C9F8EEE702
:1088A000174A0221484615F0C3F8002C3FF422AFC6
:1088B0004022002104F124001EF07CFF0023638489
:1088C00003E704280AD103AD2A460221484604F0F2
:1088D000FDFB039B3F2BDDD804260BE7084A022152
:1088E000484615F0A5F805E7CC9B0020295C8FC20F
:1088F00060B80208E8B70208C8B7020838B802082A
:1089000008B80208CC8B0020F0B583B001AA012181
:10891000074615F0C9F9019A531E1E2B064647D883
:1089200000213046F7F7BCFE00283BD1264CE58DF0
:10893000002D44D004F56674642303FB054502E072
:108940006434AC423BD031462046F7F799FE00280C
:10895000F6D194F82030013B032B30D8DFE803F048
:108960000B131A02628C04F12401384604F04AFD0C
:10897000012003B0F0BD384694F8241004F0EAFD5D
:10898000012003B0F0BD3846616A04F031FD0120DA
:1089900003B0F0BD384694ED090A04F01FFD012034
:1089A00003B0F0BD094A0121384615F041F8BDE792
:1089B000074A0121384615F03BF8019AB0E73846DE
:1089C00004F004FDD4E700BFCC8B0020E8B7020818
:1089D000C8B70208454B02689A4201D00020704790
:1089E00083888B422DE9F0410C4602D00020BDE87F
:1089F000F081C388202B9846F8D8C2683C490023F0
:108A00001746C360064600F1FF3E00F6EF754FF0D3
:108A1000FF3C1EF8013F8CEA030C08234CF30002D4
:108A2000013B0A4013F0FF0382EA5C0CF6D1AE452D
:108A3000EFD16FEA0C0C6745C760D7D1042C0CBF8F
:108A40006FF007016FF0030100F5587C034604E066
:108A5000C82ACBD806339C451BD01A7D0A42C5D103
:108A6000D207F7D51A7C632AC0D85A7C1E32D2B2FC
:108A70003C2ABBD89A7C632AB8D8DA7C013A1D2AF2
:108A8000B4D8032C5A7DE3D102F07F02642AE1D9E5
:108A9000ACE7B8F1000F26D0642303FB08050AE019
:108AA000042B03D1B6F892333F2B9FD806F1640311
:108AB0009D421E4617D096F870332022002106F5FD
:108AC0005C70002B92D0F7F7EBFD00288ED096F863
:108AD00090335A1E032A89D8012BE1D196F894339A
:108AE000012BE3D982E7012081E700BF52565053A2
:108AF0002083B8ED38B50C4B9C6934B10D460B4A58
:108B00004FF480530021A04708B9002038BD074921
:108B100028464FF47F621FF0C5F928460421BDE8BE
:108B20003840FFF757BF00BFCC8B0020CC7B002024
:108B300038B50C4B9C6934B10D460B4A4FF4805349
:108B40000021A04708B9002038BD074928464FF446
:108B50007F621FF0A7F928460321BDE83840FFF7E0
:108B600039BF00BFCC8B0020CC7B002030B541F258
:108B70001C0283B0044600215C481EF01BFEA44684
:108B8000BCE80F00DFF864E1594CAEE80F00BCE828
:108B90000F00AEE80F009CE803008EE80300544984
:108BA0000020FFF7A7FF04F57F6105460120FFF7CE
:108BB000A1FF85B100BB4E494E484FF47F621FF0C4
:108BC00071F9DFF83CC100238CF8183001238CF8D0
:108BD000193003B030BDB0B1474946484FF47F6209
:108BE0001FF060F9DFF818C101238CF81830012359
:108BF0008CF8193003B030BDA368D4F8F82F9B1A55
:108C0000002BD8DCE8E73A49FFF792FF3A490446DF
:108C10000120FFF78DFF84BB00284CD0344B01901E
:108C20004FF47F62991833481FF03CF9019BDFF83D
:108C3000D0C08CF81830ACF5805304229A85ACF57E
:108C40004A6093F93D1093F83D20002902F07F021D
:108C500005DA93F83C1041F0040183F83C1083F8E6
:108C60003D2006339842ECD140F20113ACF81A30A3
:108C700001238CF8193003B030BD98B11C4A9368B9
:108C8000D2F8F82F9B1A002B26DD194919480193B9
:108C90004FF47F621FF006F9019B002BCCBF00232D
:108CA0000123C4E70190124912484FF47F621FF07C
:108CB000F9F8019BBBE701464FF47F620D481EF0B7
:108CC00079FD0A480D49816200F5805C0422012388
:108CD00082858CF818308AE70193054B05484FF4DC
:108CE0007F6299181FF0DEF8019BD6E7CC8B00203D
:108CF000EC5B0020F48B0020DC6B002052565053BC
:108D0000CC9B00202DE9F047314D05F58056737E50
:108D1000002B57D0B37E002B54D0F37E002B51D0C4
:108D2000EB69002B4ED02B6A002B4BD06B6A002BCB
:108D300048D09847002845D02A6B337E2549914674
:108D400083F001080132002392462A636B6306F127
:108D5000170C05F127004FF0FF3210F8013F0824EF
:108D60005A4042F30003013C0B4014F0FF0483EA35
:108D70005202F6D16045F0D1D2436A63FF214FF42D
:108D8000805215481EF016FD144913484FF47F62B7
:108D90001FF088F8EB6940469847A8B10E4A2F6A41
:108DA0004FF4805321464046B84768B10C494046CD
:108DB000FFF7A0FE40B10A4B9B68534504D186F8EB
:108DC00018807483BDE8F087C5F83090FAE700BFDB
:108DD000CC8B00202083B8EDCC7B0020F48B0020CE
:108DE000EC5B0020DFF898C09CF81930002B43D0D2
:108DF000002840D0002A3ED0B1F5805F3BD330B58B
:108E0000ADF6F47DACF6D871154604464FF47F629A
:108E100068461FF047F80023184A03930DF1FF300E
:108E20000DF6EF7E4FF0FF3C10F8011F08238CEA8F
:108E3000010C4CF30001013B114013F0FF0381EAE8
:108E40005C0CF6D17045EFD16FEA0C034FF4805201
:108E5000FF21204603931EF0ADFC4FF47F6269466C
:108E600020461FF01FF801234FF4805218462A6055
:108E70000DF6F47D30BD0023184670472083B8ED11
:108E8000CC9B002070B5184C04F58055ADF6F87DEC
:108E90006B7E1BB110B1B1F5805F04D00023184682
:108EA0000DF6F87D70BD01464FF47F6202A81EF0FA
:108EB000F9FF042102A8FFF78DFD0028EED00190F4
:108EC00002A94FF47F6204F12800266B1EF0EAFF2E
:108ED000019B0022C4E90C62184640F201126A8329
:108EE0000DF6F87D70BD00BFCC8B0020034B987E43
:108EF00018B1D87E003818BF01207047CC9B0020E5
:108F00000120704708B502F0B3FD00F0010310F036
:108F1000040F43F0020218BF134643F0040210F09E
:108F2000020F18BF134643F0080210F0080FD2B228
:108F300014BF1046184608BD012833D892B341EA41
:108F4000030C1CF0030C2DD12DE9F041DFF884E077
:108F5000714582B028D8AEEB010E9E4524D338B3BC
:108F60001A481D46984644181646F8F74FFAAB08BB
:108F700027461FD0013B06EB8305C6F10403321FD1
:108F80001C1902E0009AAA4214D0A01852F8041F3B
:108F9000CDE90022F8F7D4FA0328F3D0F8F744FA21
:108FA000002002E000207047604602B0BDE8F0817A
:108FB0000748D6E7F8F738FA4246314638461EF0F9
:108FC000D0FBB0FA80F04009EFE700BF00F00F08D7
:108FD00000E00F0800100000012870B502D900243D
:108FE000204670BD0446F8F711FA0C4B0C4E0D4D9F
:108FF00014F0010F18BF1D4600246019F8F720FA7D
:10900000032804F5006406D1B442F6D30124F8F72E
:109010000BFA204670BD0024F9E700BF00F00F08EE
:109020000010000000E00F08012813D892B1DFF80B
:109030003CC061450ED8ACEB010C9C450AD308B589
:1090400050B1DFF82CC0104661441A461EF02AFFCA
:10905000012008BD00207047DFF818C010466144A9
:109060001A461EF01FFF012008BD00BF00100000BF
:1090700000F00F0800E00F0800487047F4D2020823
:109080009446126802F10C036344084403F10C0196
:10909000884214D35968C90712D500B502E059684F
:1090A000C9070BD51B681A4402F11803634403F186
:1090B0000C0E0C327045CCF80020F0D200BD704789
:1090C000704700BF30B5044683B065680068019101
:1090D00001230A464B6029460090FFF7D1FFDDE9E6
:1090E000000298B18446624500EB05014FF000058F
:1090F0000BD0DCF800300C33634403F10C0E8E45CA
:10910000654606D89C466245F3D10DB903B030BD23
:10911000AC46DCF80430DB07F8D56168624603B082
:10912000BDE83040FFF7ACBF30B505460068CC1D48
:1091300024F00704034680B1D3E9001212F00102C3
:1091400001F10C0C0BD08C4211D96A68634403F115
:109150000C0102449142EFD90023184630BD6968E2
:109160006344014403F10C0C6145E5D2F4E704F1DA
:1091700014028A420AD804F10C050A1B0C3A5A510F
:10918000581901210022C0E901121C6000225A6016
:109190000C33184630BD00BFB0B1A1B14B4203F053
:1091A000070303F1140C94450DD2D21A01EB030C02
:1091B00022F00702C0E900C20C3ACA500120002385
:1091C000CCE9010370470020704700BF2DE9F04152
:1091D000B0B10F461946036804468BB1002F41D049
:1091E000A7F10C051A4695420CD0106800F10C0C42
:1091F0006068624402F10C0E03EB000CE645F2D904
:1092000000262CE057F8082C12F00100F8D1A446F3
:10921000002954D0CA1D22F0070457F80C2CA24292
:109220003DD2DCF804101944BB1803F10C068E4241
:1092300002D85B68DB071BD421466046E046FFF797
:1092400073FF064658B157F80C2CA242394628BF86
:1092500022461EF027FE29464046FFF733FF3046E0
:10926000BDE8F0810029CBD0BDE8F041FFF75CBF3D
:10927000B95802F10C030B44A342DDD304F11402EC
:10928000934247F80C3C08D31B1B0C3B3B513A194B
:109290000123C2E9013047F80C4C3E46DFE704F1F8
:1092A00014039A42F9D3A2F10C031B1B3B51391949
:1092B0000123C1E901303E4647F80C4CCFE729466F
:1092C0002046FFF7FFFE9BE7002070474368022916
:1092D0005B6A06D0032904BF002283F871220020B4
:1092E0007047044A0020012183F8700211700020A9
:1092F000704700BF0111012010B5436801395A6A57
:1093000082B0052918D8DFE801F003242A17301AA3
:1093100028482949294A2A4C00234FF0010C84F897
:1093200000C00370274C0B70274813802749284A38
:10933000237003700B701370002002B010BD92F800
:10934000ED31012BF8D1E42380320321F9F77EF8C7
:10935000F2E7184B002200201A7002B010BD1D4B1E
:10936000012200201A7002B010BD92F8ED31012BDD
:10937000E2D10068D0F80818D0F86039C1F30021B4
:10938000C3F300439942D7D1D0F86039019243F03A
:109390008043C0F86039D0F8603943F00063C0F80A
:1093A00060390321F8F7A4FA019A002382F8713298
:1093B000C2E700BF01110120E81101209E11012028
:1093C00002110120FE9D0020FD9D0020E99B002050
:1093D000E89B0020001101202DE9F04143685B6A01
:1093E00093F8ED41012C82B003D0002002B0BDE81B
:1093F000F08193F87122002AF7D1124D124A297890
:1094000012789142F1D08046104A2878104932F8FB
:109410001020019301EB8011C6B203F5B27007462C
:1094200000921EF03FFD019B701C00F0070083F8C6
:1094300071422870009B3A4683214046F8F762FF4C
:10944000D3E700BFE89B0020E99B0020EC9B0020B5
:10945000FC9B002030B5436885B05B6A01910446EF
:109460001D46F8F793FE019902292DD0032904D057
:1094700004293FD0002005B030BD224B1B7870B3CB
:10948000214A0133127803F07F039A4224D005F178
:1094900080011C4D0393024695F800C0E4281B4848
:1094A0004FF0E40E28BFE4220EFB0C00CDE90112C0
:1094B0001EF0F8FC95F800C01548039B029A20F8AE
:1094C0001C2001992B700CE04028124B28BF402033
:1094D0001880002005B030BD0F4B01221A7005F135
:1094E00080010A462046E4230321F8F7AFFF00205D
:1094F00005B030BD402305F5D2722046F8F7A6FF2F
:10950000B8E700BFFE9D0020FD9D0020009F0020C9
:10951000009E00209E110120FC9D002010B582219C
:109520000446F8F791FE20460221F8F78DFE20460A
:109530008321F8F789FE20460321F8F785FE2046AF
:109540008421F8F781FE20460421F8F77DFE0020F3
:1095500010BD00BF416838B503224C6A0546402360
:109560008221F8F71BFE2846402303220221F8F748
:1095700015FE2246284640230221F8F767FF0B4DCF
:109580000B4A0C490020287010800B4A087010709C
:109590000A490B4A087010700A4AA4F87002A4F82D
:1095A000EC0184F8EE01107038BD00BF01110120FC
:1095B0009E110120FE9D0020FD9D0020FC9D0020AD
:1095C000E99B0020E89B002070B591F800C00CF0EA
:1095D0006003202B82B00C46054629D0402B27D0B3
:1095E0002BB12846F8F7C0FD002002B070BD4268DC
:1095F0004B78526A013B16460A2BF2D801A252F868
:1096000023F000BFE9950008E3950008E9950008FC
:10961000E3950008E3950008D9960008E395000853
:10962000E3950008E3950008C59600086B960008CE
:10963000E288402A13D8DFF87CE29EF8003073B944
:109640008E4B206861681CF0800F03C302D1002A92
:1096500040F09E8002238EF800300220C5E72846A5
:10966000F8F782FD012002B070BD8A88022AB8D8BE
:109670004B88012BB5D8B118012A81F8EC3100F0E4
:10968000D680022AB0D184210192F8F7DDFD0421B1
:109690002846F8F7D9FD6388019A012BA4D1284602
:1096A00040238421F8F77AFD019A284640230421BB
:1096B000F8F774FD4023042106F5D2722846F8F726
:1096C000C5FE91E7898802298BD801F5F671012240
:1096D0007118F8F7A9FE87E74A88130A032B41D0CF
:1096E000063B1C2B3FF67DAF01A252F823F000BFD2
:1096F00009980008C1970008E3950008E395000861
:10970000E3950008E3950008E3950008E395000859
:10971000E3950008E3950008E3950008E395000849
:10972000E3950008E3950008E3950008E395000839
:10973000E3950008E3950008E3950008E395000829
:10974000E3950008E3950008E3950008E395000819
:10975000E3950008E3950008E3950008B197000839
:10976000A1970008D2B2EE2A7FF43BAF444B1B789E
:10977000002B3FF474AF434B1B78002B3FF46FAFCB
:10978000CA8841499A4228BF1A46F8F74DFE2BE78E
:1097900001233E498EF800302846F8F779FC5CE753
:1097A000CA883B497E2A28BF7E22F8F73DFE1BE788
:1097B000CA883849092A28BF0922F8F735FE13E775
:1097C000354B1B78002B2DD0344B1B7853B3344BC7
:1097D0009B68984700283FF442AF416800293FF456
:1097E0003EAF0288772A7FF43AAF2E481EF05AFB2C
:1097F000E2882C49772A4FF0070328BF77222846B2
:109800004B70F8F711FEEFE6234B1B7853B1234B57
:109810001B783BB1CA8824499A4228BF1A46F8F7F8
:1098200003FEE1E680212846F8F784FC1AE783214D
:10983000F8F70AFD03212846F8F706FD00231B4A26
:1098400086F8713264881370194A012C13707FF402
:10985000CBAE2246284640238321F8F79FFC2246C0
:109860002846E4230321F8F799FCE423032106F1B9
:1098700080022846F8F7EAFDB6E600BFE0110120B5
:109880007B1101207C11012080110120A0110120F9
:10989000B0000020A40000209211012093110120AB
:1098A000BC0100200411012094110120E99B00203B
:1098B000E89B0020E81101200346D8B110B58E4680
:1098C000B1B110490978022912D10F49CC889442CC
:1098D0000ED88C4691F90020BCE80300002A1860DD
:1098E000596000DB3CB9074A03231370012010BD07
:1098F000002010BD70470549704622461EF0D2FA7E
:10990000F1E700BFE8110120E0110120A0110120C2
:10991000114B4FF0010C00B583F800C00F4B864689
:109920000020187022B1BEF1000F01D00A2900D02A
:1099300000BD9EF800200A2AFAD19EF801100629DF
:10994000F6D11A70DEF80000DEF80410044B03C3F1
:10995000BEF808201A8000BD921101209311012049
:1099600094110120104B4FF0010C83F800C00F4BF5
:109970004FF0000C83F800C032B128B18A1E102AC3
:1099800002D802788A4200D0704741780329FBD17F
:1099900000B583B00146064801921EF083FA019A91
:1099A000024B1A7003B000BD7B1101207C11012015
:1099B0008011012010B40548054C0649064A0023D1
:1099C000237003700B70137010BC7047931101204B
:1099D000921101207B1101207C110120014B0022FA
:1099E0001A70704702110120014B1878704700BFB0
:1099F00002110120014B1878704700BF01110120AE
:109A0000EFF3108272B6044B187800211970C0B2BF
:109A100002B962B6704700BF0011012010B5DFF82F
:109A200064C09CF800E0BEF1030F19D14FF0000EA6
:109A30008CF800E0EBB1114B93F900C0BCF1000FC2
:109A400004460EDADB8863B19A4228BF1A460C4BF3
:109A50004FF0010C83F800C0BDE81040F8F7E4BCFB
:109A600010BD074B01221A702046BDE81040F8F7E0
:109A7000E5BCBDE81040F8F777BB00BFE01101205E
:109A800001110120E811012030B5144C85B0B4F863
:109A900000C0F9B1F3B196461FFA8CF2D2B172450B
:109AA00018D80546084669680393496ACDE901124A
:109AB0001EF0F8F9DDE9022328461A804FF0000C69
:109AC000019AA4F800C040230221F8F7BFFC01204E
:109AD00005B030BD002005B030BD00BF9E11012093
:109AE000002932D08BB370B5104682B0EFF31082EC
:109AF000164672B6164C174A94F800C01278944570
:109B000008D094F800C0144A32F81C2082425FFA50
:109B10008CF504D906B962B6002002B070BD0846C3
:109B20000E4901934FF0E40C0CFB051100921EF05E
:109B3000B9F9691C01F07F01DDE90023217006B944
:109B400062B601201A8002B070BD0020704700BFCD
:109B5000FD9D0020FE9D0020009E0020009F002013
:109B6000F0B543685B6A83B00D4616461C46F8F7AD
:109B70004BFD032803D194F8ED31012B02D00120D5
:109B800003B0F0BD002DFAD0402EF8D8EFF31083CB
:109B90001F4672B6104B114A1B781278013303F03E
:109BA00007039A4213D00C4C0D4A2078019302EB24
:109BB0008010294632461EF075F9019B22782370E9
:109BC000084B23F8126007B962B60020D8E7002FCF
:109BD000D5D162B6D3E700BFE99B0020E89B002007
:109BE000FC9B0020EC9B002043685B6A2DE9F04160
:109BF00005460F4690461E46F8F706FD032803D09B
:109C000001242046BDE8F08196F87042002CF7D17F
:109C1000002FF5D0B8F1400FF2D8394606F14000D8
:109C2000424607461EF03EF9012186F8701243466F
:109C30003A4628468221F8F765FBE2E738B54368E3
:109C400000215C6A0546F8F7A1FA174B197801293B
:109C50000DD094F86F32092B01D0002038BD94F854
:109C6000EF31F02B06D0002384F86F32F5E70220A5
:109C7000187038BD6B681FFA80FC596A6246BCF1E7
:109C8000000F0BD004F5F77303EB0C0E01F13F004E
:109C900013F801CF00F801CF7345F9D140312846C0
:109CA000FFF7A2FFDFE700BFE8110120004870477F
:109CB0005C000020002070470048704754000020DE
:109CC000004870474C0000200048704744000020C6
:109CD0000020704700B5DFF83CE00C4973460EF1F8
:109CE0001E0C582200209A70D87002339C4511F83F
:109CF000012FF8D14FF44872AEF80020044A202317
:109D00001380C2F804E0104600BD00BFA8B80208E6
:109D1000601401206814012000B50D4ADFF838E016
:109D200002F1090C73464D210020997012F8011FB1
:109D3000D870944503F10203F7D14FF44572AEF8A1
:109D40000020044A14231380C2F804E0104600BD2A
:109D5000B8B80208601401206814012000B50D4A4B
:109D6000DFF838E002F10A0C7346432100209970B5
:109D700012F8011FD870944503F10203F7D140F2A5
:109D80001632AEF80020044A16231380C2F804E00D
:109D9000104600BDC4B802086014012068140120F8
:109DA00000B5DFF83CE00C4973460EF11E0C58225A
:109DB00000209A70D87002339C4511F8012FF8D119
:109DC0004FF44872AEF80020044A20231380C2F8F2
:109DD00004E0104600BD00BFA8B8020860140120CE
:109DE00068140120002832D00378122B2FD1437839
:109DF000012B2CD1164B42889A70428890F804C0EF
:109E0000018983F804C0120A90F805C0DA708279DB
:109E100083F805C09A7190F807C0428919720189C8
:109E20009A72428983F807C0120ADA7282891A7319
:109E3000828990F80FC0090A120A5972817B5A73FD
:109E40009973427C017C83F80FC019745A7470476F
:109E5000A801002098B1772912D108B50378092B01
:109E600010D14378022B0DD18278772A0AD1C3789A
:109E700043B9014604481EF015F8012008BD70479B
:109E800000207047002008BD3001002000B5F0B16F
:109E90000178E1B1DFF84CE000227346944602E01D
:109EA00001321C2A18D0997083F803C010F8011FE2
:109EB00002330029F4D1931CDBB25B001A46084838
:109EC0008EF80020032103808EF8011000BD0222CD
:109ED000DFF810E01346F2E73A221346EFE700BF3F
:109EE000440000206400002000B500220E4983B029
:109EF0001046FCF765FB0D48D0F8583623B15B6877
:109F000013B100F53E709847094A0092094B074883
:109F100000220121F8F752F8074B00221A7003B013
:109F20005DF804EBFFF746BDE8B20208703501208A
:109F3000F8010020E40100209C2701202DE9F843CE
:109F400001F0A0FCDFF85080082600274FF08009C0
:109F500007EB470507EB85050024454402E0013483
:109F6000682C12D0C4F3C40204F00703AA5C29FAD7
:109F700003F31A42E0B2F2D0123001223146C0B2ED
:109F8000013401F0A1FC682CECD1013701360F2F10
:109F9000F6B2DDD1BDE8F88328D30208431E012BB9
:109FA0002AD8164A1378013B012B25D910B504464F
:109FB00082B01348F8F760F9124B104A124800219A
:109FC0001970124B4FF0010C82F800C01C70104A3F
:109FD000D0F85836117023B15B6813B100F53E70AC
:109FE00098470C4A00920C4B074800220121F7F7D2
:109FF000E5FF012002B010BD002070479A27012024
:10A0000078290120A72701207035012099270120F8
:10A0100098270120F801002008000020014B187843
:10A02000704700BF9A270120014B1878704700BF86
:10A030009827012008B5094B1A78022A07D0012A6F
:10A0400007D0074900221A700A70012008BD0020BD
:10A0500008BDFFF749FF014BF3E700BF9A27012036
:10A0600098270120014B00221A7070479B2701207E
:10A0700030B583B00122194D194B1A48009511468D
:10A08000F7F76CFF1848F8F7F7F82B689847AB68B4
:10A090000446984754B150B163683BB142682AB155
:10A0A0002288122A02D11A7A5E2A02D0002003B036
:10A0B00030BD5B7A042BF9D10388772BF6D10B489E
:10A0C0000B490C4A0C4D0D4C002303702B70237070
:10A0D0000B701360FFF782FC0120E8E7BC01002051
:10A0E0001C0000207429012078290120A5270120C7
:10A0F000A4270120A0270120A7270120A6270120AF
:10A1000000B583B0044A0092044B054800220121A7
:10A11000F7F754FF03B000BDF8010020E401002070
:10A12000703501200000000070B5994C22788EB087
:10A13000002A00F0AC80974C9748F9F715FD23787A
:10A140005A1E012A40F2AB80944B1A78002A2BD178
:10A15000934C94F8FC22072A40F0918001F040F8DB
:10A16000002800F08C808F4B1A78002A00F00B82B8
:10A1700094F855261AB994F8FE42012C01D00EB07D
:10A1800070BD89480092F8F773F8844B8748884976
:10A19000009A1C7002700A7002F082F87F4B854AA8
:10A1A0001B781060002BEAD0FFF72AFC28B17C4C0A
:10A1B00094F8FC32072B00F098817B48F8F724FADA
:10A1C000032821D002F06CF80546FFF70DFC784C0F
:10A1D0002278002800F05E81002A00F07C81754919
:10A1E0000B68EB1A41F28732934200F2FA816F4C0E
:10A1F00022784AB1F92BC2D96B480091F8F738F8A8
:10A200000099002323700D60654B93F8FC42072CE6
:10A2100000F0EC80684C694A237800211170002B13
:10A2200040F050815E4B664AD3F8FC3203F0FF13D6
:10A23000934200F0E8815A49624CD1F858362278AE
:10A24000186991F8FC320546002A64D0072B23D107
:10A2500010B3417901B35048F9F77CF9012806D0D1
:10A26000022800F0F381031FDBB2012B87D86B7942
:10A270004B490B440022227083F8BC2B7FE7494BEB
:10A2800000221A700EB0BDE87040FFF793BBFFF7D5
:10A2900055FE012222704EE7002323706FE7022B48
:10A2A00000F092813E4890F8FC32072B7FF467AFB4
:10A2B000454B5A7E092A7FF462AF93F8A420092AFD
:10A2C0007FF45DAF002100F53E70FAF75BFF0028D8
:10A2D0007FF455AF3C4BD3F8A030002B3FF44FAF89
:10A2E00002233A493A4823700122FCF769F90346F0
:10A2F0000D2800F21D81DFE810F0270125011B0168
:10A3000044011B011B011B011B011B011B011B0144
:10A310001B011B012301072B7FF431AF00283FF401
:10A320002EAF4379002B3FF42AAF2A4B2A491E480F
:10A330004022FFF7A9FB00283FF421AF254B274916
:10A340001B880978082B1A4628BF0822002900F02C
:10A350009D8123490E460988994200F0CB811E4910
:10A36000204800931DF09EFD1C49009B3380012274
:10A370000A70194A69790848F8F790FF084BD3F832
:10A38000F802F7F7CDFC184A012310802370F6E697
:10A390009B2701209A27012068380120A727012048
:10A3A000703501209C27012078290120A527012054
:10A3B000A4270120A027012028290120EC27012023
:10A3C00007000100E22801201C040020E8B2020876
:10A3D00068250120E4280120E8280120D428012054
:10A3E000D6280120D8280120E0280120AA4B1B787C
:10A3F000002B00F00681A94BA9491A88A94800F052
:10A400006FFE00B3A44A002313700FE0A24A13703A
:10A41000A24BA4481A88A24900F062FE013C002326
:10A4200088B19D4A14F0FF0413700CD09B4B9C49DB
:10A430009D48E422FFF754FB01230028E6D1964B08
:10A440001B78002BE4D1994C2378002B3FF4EAAE23
:10A45000974D95F8FC32072B34D1002205F53E705C
:10A460001146F9F77BF802283FF4E5AE002840F0EA
:10A47000C680904B93F900208242C0F2DB800246F6
:10A48000B0FA80F35B098C498748FFF7C7FA0023CD
:10A490002370D0E689490B68EB1A002A7FF4A2AE3C
:10A4A000874C2278002A7FF4A5AEB3F5FA6FFFF44B
:10A4B000ABAE7D480091F7F7DFFE012323700099D2
:10A4C0000D605CE600231A4619467748FFF7A6FAA6
:10A4D00000232370AFE67A4B784A1B781560012180
:10A4E0002170002B3FF490AE49E64FF47A7104F5E9
:10A4F0003E7000F07BFE00287FF45FAED4F8583643
:10A5000023B15B6813B104F53E70984765486D4C04
:10A51000664DF8F723FF9FED5E7B6B485E496B4A03
:10A52000002384ED007B2B7003700B70137026E604
:10A530000523674A1370FFF7D7FC042323701EE638
:10A540000423F6E70323F4E7624A1278012A15464A
:10A5500000F0E58000226049039204AE0D4601221E
:10A56000096800933046FCF751F8002800F0CE80CF
:10A57000009B0133DBB2032B05F10401EED106236E
:10A58000D7E70223D5E704F20230FFF72BFCB4F83B
:10A59000181604F58360FFF75DFC00283FF4EFAD6B
:10A5A00094F8392694F8381604F22E60FFF7B0F9C3
:10A5B00094F82D2694F82C1604F21A60FFF7D2F9BD
:10A5C000464A02231370DAE5424B1B78022B7FF4D4
:10A5D000D6ADFEF78BFC00287FF4D1AD03232370AA
:10A5E000CDE531480091F7F747FEFFF7F7F9344B17
:10A5F00001221A700023237000990D60BFE500222C
:10A600003EE7082412E72C492A484022FFF754F974
:10A6100000283FF410AE274A314B92E80300D2885D
:10A6200083E80300A3F553702349F9F71FFE0123C4
:10A63000237000E695F83C16DA882C2303FB0153BF
:10A64000B3F888369A4228BF1A4619E7184B254CAA
:10A65000D3F8F802F7F764FB2288831AAA7A9BB230
:10A660009A423FF68CAD6979114D1F4B6A18002054
:10A6700082F8BC0B1B881D4A05F53E70F8F70EFEEC
:10A68000D5F8F802F7F74CFB208078E5184E66E61F
:10A690000100000000000000EC270120EE2701204F
:10A6A000F02701206838012078290120282901207D
:10A6B000703501206C2901202C290120A0270120C0
:10A6C000A527012090400120E2280120A827012091
:10A6D00098270120992701201CD302089C270120DC
:10A6E000B43B0120E0280120E4280120E8280120D3
:10A6F000D628012050495148019300921DF031F8AD
:10A70000DDE9002300283FF434AE28E6079AB2F5CD
:10A71000805F13D03046FCF72BFA0C2309E70023A7
:10A72000474803AA4FF48051CDE90233FEF75AFBA4
:10A73000E0B9444B1D70FFF7D7FBFEE603AB404981
:10A740003046FCF749F8354606462846FCF710FA2D
:10A7500046EA0003DBB21BB90399B1F5805F15D05F
:10A76000384B0B221A70FFF7BFFBE6E63648FCF7C2
:10A7700013FA35490A2204A804AEFBF747FFD0B10B
:10A78000304B06221A70FFF7AFFBD6E62C48FEF7D7
:10A7900079FB002840D0FFF7A7FB2C4B1B78022B3E
:10A7A0007FF41CAF0093FEF7A1FB00283FF416AF27
:10A7B000009B2370E3E4039A214902AB3046FCF787
:10A7C000B1F818B9DDE902239A422BD01D4B0722BC
:10A7D0001A7030460093FCF7CBF9009B1A7828B129
:10A7E0000AB909221A70FFF77FFBA6E6002AFAD100
:10A7F00017480093FCF7D0F915491648FCF724FADE
:10A8000014491148FCF720FA009B0028C3D00A2203
:10A810001A70FFF769FB90E60A4B0C221A70FFF7DB
:10A8200063FB8AE63046FCF753F9064B0028D0D08C
:10A8300008221A70CDE700BFE8280120D82801209F
:10A840006815012098270120D0B802089927012017
:10A85000DCB80208E8B8020808B50F4B1B7813B142
:10A860000E4B1B781BB10E4B0020187008BDFFF774
:10A87000C1F80028F7D00B48F7F7C6FE0328F2D13D
:10A8800009484FF47A7100F0B1FC054B08B918780B
:10A8900008BD0120187008BDA7270120A5270120A9
:10A8A000A6270120782901206838012008B5074B28
:10A8B0001B780BB1002008BD0A4601460448FFF78B
:10A8C00093F9B0FA80F0400908BD00BFA527012028
:10A8D0007829012010B5134C2046FAF70FFA04F539
:10A8E0003E7000F027FB94F8FC320F4C072B08D188
:10A8F00023784BB10D4B0E491A880E48FFF730F9FB
:10A9000008B90023237010BD084A0948402100F00F
:10A910002DFC10B101232370ECE72378002BE9D143
:10A9200010BD00BF70350120A8270120AA270120F3
:10A93000AC270120782901200148F8F737B900BF7A
:10A940007429012001F06CBC10B5D0F860231469A3
:10A95000A27F82B00346042A06D8DFE802F0030C87
:10A96000192608000123A377022002B010BD0020A1
:10A97000E07702B010BD90F85D1319B300221146C4
:10A980001846F8F7EBFD0028EED10223A377EBE79A
:10A9900090F85D23E2B1002211461846F8F7DEFD7B
:10A9A0000028E1D10323A377DEE790F85D23AAB165
:10A9B000002211461846F8F7D1FD0028D4D104230F
:10A9C000A377D1E701220190F9F710FE019BD5E7AB
:10A9D00002210190F9F70AFE019BDCE701221146F2
:10A9E0000190F9F703FE019BE2E700BFD0F8602376
:10A9F00038B51469002C30D02178054600292ED1B5
:10AA00006179002936D1217B00293FD1217C0029A1
:10AA100048D12948294A2A490023037029486370EC
:10AA20000380A371637363742748284C13702370E9
:10AA30000360274C274823800370274C2748237046
:10AA40000370274C274823700370274C27480B605E
:10AA5000C1E90133237003708B81002038BDF8F702
:10AA60005FFB21782846F8F759FD617900232370B0
:10AA70000029C8D02846F8F753FB61792846F8F733
:10AA80004DFD217B002363710029BFD02846F8F7D4
:10AA900047FB217B2846F8F741FD217C00232373E7
:10AAA0000029B6D02846F8F73BFB217C2846F8F76A
:10AAB00035FD00232374ACE7B97E0120B87E012068
:10AAC000DC820120767E0120707E0120747E0120D0
:10AAD0002C7E0120DA7B0120D97B0120D87B01204C
:10AAE000F07A01206F4101206E4101206D4101206B
:10AAF0002DE9F04FD0F86033428A8F4D85B01D614B
:10AB000040F25E439A4218D1828A40F612339A424A
:10AB100013D14FF00008C3460346444693F828205B
:10AB200032B993F829701FB993F82B20FF2A09D066
:10AB30000134052C03F13203F0D10327384605B068
:10AB4000BDE8F08F93F82C20472AF1D193F82D20FF
:10AB5000D02AEDD1322303FB0404064694F82A30B0
:10AB6000002B53D0B946A24625E0022BAB712A81B7
:10AB700085F80AE0E1D1F8F7D5FC96F809E0B5F8D8
:10AB800008C0AA79337AC1B203200090CDE901CE82
:10AB900030466971F8F79EFC697900223046F8F773
:10ABA000C7FA9AF82A2009F101095FFA89F39A4253
:10ABB00004F108042AD994F932C094F83230A28EF4
:10ABC00094F836E0BCF1000F30461946CDDA822BFE
:10ABD0006B706A8085F804E0AFD1402AADD8F8F7F1
:10ABE000A1FC96F809E0B5F802C06A78337AC1B2E0
:10ABF00003200090CDE901CE30462970F8F76AFCB9
:10AC0000297800223046F8F793FACAE76B78002BD0
:10AC100093D0AB79002B90D03246002392F82810C5
:10AC200001297FD192F8291001297BD1322202FB20
:10AC3000036393F82A0000B303EBC0004FF0000C4D
:10AC400093F8332002F00302012A0CD193F832105A
:10AC500001F00F04032C06D111F0800F9C8E68D1F7
:10AC6000A3468846944608338342E9D1BCF1000FDD
:10AC700003D0A5F812B085F81180697B00293FF454
:10AC80005CAF6B7C002B3FF458AFEB89402B3FF659
:10AC900054AF6B8AE42B3FF650AF3046F8F742FCD6
:10ACA000C1B22973737A0293EB8901930124009452
:10ACB000337A6A7B3046F8F70DFC697C3046F8F74A
:10ACC00031FCC1B200942974727A337A02926A8A92
:10ACD00001926A7C3046F8F7FDFB184918480022BB
:10ACE0000270C1E9002217488A608A811649027001
:10ACF0000A801648164902700A601649EA8313460C
:10AD00000A80154A15481370154A16491370164AD9
:10AD1000037013700B7015481549164A03700B70B9
:10AD200013700BE70133052B02F132027FF476AF8B
:10AD3000A3E76973EC8196E7EC820120DC820120B5
:10AD4000B97E0120B87E0120767E0120747E01202C
:10AD5000707E01202C7E0120D87B0120DA7B01202F
:10AD6000F07A0120D97B01206D4101206F41012043
:10AD70006E4101206C41012010B582B00446184696
:10AD800001921DF08FF8019A112A27D90178202904
:10AD900024D1417811BB218801712188090A4171B0
:10ADA000618981716189090AC171A1890172A189D1
:10ADB000090A4172618881726188090AC172A18899
:10ADC0000173A188090A4173E1888173E188090A46
:10ADD000C173218901742189090A4174104602B0A6
:10ADE00010BD00BF10B5034690F85D0382B020BBD4
:10ADF000A3F8501311F0800F4FF02C0101FB023229
:10AE00004FF48174C3F84C43A3F8520314BF82F883
:10AE1000840382F885030022184611460193F9F74E
:10AE200025FA019B0446002211461846F8F796FBC6
:10AE3000002818BF204602B010BD0224F3E700BF6F
:10AE4000F0B5D0F860331C69E37F012B83B0054671
:10AE500020D0032B05D00BB90123E377002003B0EA
:10AE6000F0BD0068F6F75CFF228C2379801A9842C7
:10AE7000F2D221782846F8F76DFB0128034618D056
:10AE80000528EBD1227861782846FFF7ABFF002830
:10AE9000E4D1E1E72246638812F8241BF8F7E8F9C9
:10AEA0000323E3772868F6F73BFF2084002003B0F4
:10AEB000F0BD22782C20A91800FB0252002081F856
:10AEC000C408D2F89023002AC8D01449D5F8300815
:10AED000086092B2002AC1D0114D2978013101F0E9
:10AEE0000F06104909788E42B8D0402A28BF402268
:10AEF000174628780C4A019304F1240102EB8010D4
:10AF00003A461CF0CFFF094A2978019B2E70107831
:10AF10001370074B23F81170A0E700BF707E01206B
:10AF2000B97E0120B87E0120DC7E0120747E0120E4
:10AF3000BC7E012030B30279072A23D1D0F86023E8
:10AF400002B3F0B5126983B01546CAB1117B07464A
:10AF500059B1554B1B78002B3FD1EB89534A3846EA
:10AF6000F8F7ECF9504A01231370297C41B1504B9A
:10AF70001B78FBB94F4B504A19781278914202D195
:10AF800003B0F0BD70471A784C4B4D4933F812307E
:10AF90000193E42000FB02111A464A481CF082FF8C
:10AFA000019B484A297C3846F8F7BAF9404A012300
:10AFB0001370E5E73846F8F7CDFA431EDBB2012BF4
:10AFC0002A7C22D90438C0B201285DD9002AD7D002
:10AFD000374B1B78002BD3D1CCE7F8F7BBFA01280D
:10AFE00027D0022809D00438C0B2012805D92E4B39
:10AFF0001B78002BB9D1297BAFE7297B7A18002376
:10B0000082F8C438284A1370A7E7012808D12E4BCC
:10B010002849002018700B78013303F03F030B70B0
:10B02000B918002381F8C43821490B70002AA1D136
:10B03000A6E7297B25482C2303FB01730278D3F86C
:10B040009063731E9BB23F2B17D8531C204A127873
:10B0500003F00703934210D004461E4A00781349B8
:10B06000019302EB8010B2B21CF01CFF21781A4A47
:10B07000019B22F81160297B23707B18002283F842
:10B08000C428094B1A7068E70F490B78022B05D9C1
:10B0900012490B7843F004030B70C1E70133DBB2B4
:10B0A000032B0B70BCD1F3E7D87B0120EC7D012092
:10B0B000F07A01206E4101206F4101207041012092
:10B0C000F0410120F47A01206D410120DA7B01205A
:10B0D000D97B0120EC7B0120DC7B01206C4101202D
:10B0E000002832D0D0F860337BB31B696BB361B3F7
:10B0F000187C50B34AB35B8A934226D3E42A24D8FF
:10B1000070B582B0EFF310831E4672B6134B14482D
:10B110001B780078013303F03F03984219D00F4C9D
:10B12000104894F800C001934FF0E40E0EFB0C00A1
:10B1300015461CF0B7FE21780B4A019B22F81150EE
:10B14000237026B1012002B070BD0020704762B6A6
:10B15000F8E706B962B60020F5E700BF6F410120AD
:10B160006E410120F04101207041012068B362B3BB
:10B17000F0B583B0EFF310831E4672B6144C154B36
:10B1800094F800C01B789C4507D02378DFF84CC0AA
:10B190003CF813508D42DBB204D906B962B60020E8
:10B1A00003B0F0BD0C49019301EB831117462A4609
:10B1B0001CF078FE019B013303F00703237006B9EE
:10B1C00062B601203D8003B0F0BD0020704700BF93
:10B1D000D97B0120DA7B0120EC7B0120DC7B012084
:10B1E000014B1878704700BF747E012078B1094B7D
:10B1F0001A7802F0FF0342B1074AD0F830381268DB
:10B200009B1A8B422CBF002301231846704703462C
:10B2100018467047747E0120707E0120002856D0A9
:10B2200030B583B0EFF310831D4672B6294C2A4B1C
:10B2300022781B789A4228D02178284A019032F847
:10B240001120274920780A802649009201EB8011BD
:10B2500025481CF027FE2178009A019B013101F05E
:10B260000F01112A217003D91F490978202911D013
:10B270001E4C07CC186059609A6022889A8115B1DB
:10B28000012003B030BD62B6FAE705B962B600200E
:10B2900003B030BD144949780029E9D11449154853
:10B2A0000A80114900931CF0FDFD0F4B0F4A99884D
:10B2B0001180D3F80610C2F80A10D3F80E10C2F8A5
:10B2C0000610D3F80A10C2F80210009BD0E7002045
:10B2D000704700BFB87E0120B97E0120BC7E0120EE
:10B2E000767E0120DC7E0120787E0120DC82012038
:10B2F0002C7E0120307E01200B4660B159B10749F8
:10B30000B1F800C0BCF1000F05D0944503D8044942
:10B310006246FFF731BD0020704700BF767E0120F6
:10B32000787E01200B4660B159B10749B1F800C0E1
:10B33000BCF1000F05D0944503D804496246FFF7DD
:10B340001BBD0020704700BF2C7E0120307E0120F5
:10B350000020704700207047002070470020704791
:10B3600008B5FEF793FD002008BD00BF0020704720
:10B370000020704700207047002070470020704771
:10B3800000207047002070472DE9F04F9646127854
:10B3900083B0002A47D0DFF89480DFF89490044609
:10B3A000002608EBC1108C46611D7F293BD8A2F115
:10B3B0006105A2F12003192DDBB20FD93A2B0CD96C
:10B3C000234600255A1C042DC654D2B203F10203B1
:10B3D00020D08654DBB20235F4E71346203B03EB62
:10B3E000830313EB0903EBD05F1D22460191BB469B
:10B3F0001946551C11F8017B875402F1020A594580
:10B40000EDB25FFA8AF204D05978415502339B4578
:10B41000EED1019908EBCC1306345E541EF8012FCF
:10B42000E4B2002AC0D103B0BDE8F08F88850120C6
:10B43000ECD3020870B51C4E1C4831881C4D01220B
:10B44000F6F758F9052000F0CFFE0924298817489F
:10B450000022F6F74FF9052000F0C6FE01222988E8
:10B460001248F6F747F9052000F0BEFE621E12F002
:10B47000FF04EBD131880D482246F6F73BF9052051
:10B4800000F0B2FE298809480122F6F733F90520B9
:10B4900000F0AAFE054831880122F6F72BF9BDE835
:10B4A0007040052000F0A0BE2802002000040240E9
:10B4B0002A02002010B51C481C4C82B0F6F73CF95B
:10B4C0006846F6F709F94FF00133C022694618487B
:10B4D000CDE90023F6F7ACF8FFF7ACFF14480422DF
:10B4E0000621F6F70DF9042211480721F6F708F9AD
:10B4F000022369460E488DF80630F6F799F80D4A92
:10B5000009480F21F6F74EF907480121F6F754F9DB
:10B5100009490A480A4A00230B700121237003706D
:10B52000117002B010BD00BF005400405E830120C6
:10B53000000402404E4C50805F830120598301205B
:10B54000588301202DE9F0470246002800F043818E
:10B550000388DFF8FCC2B54C9CF80050277803F450
:10B560004040B0F5404FB2480CBF4FF0010E4FF0D5
:10B57000000E90F800808CF800E036D1002D67D1E5
:10B58000DFF8BCC2CCF80010DFF8B8C28CF800506D
:10B590000026B2F80CC0DFF8BCE2C3F380240470CC
:10B5A000BCF100009EF8004018BF01208EF800009A
:10B5B00013F48060A14621D19E4CDFF89CE220600C
:10B5C000A2469D4C8EF800002070BCF1000F40F0A8
:10B5D000A8809A4981F800C027B19EF80010002980
:10B5E00040F0BA803046BDE8F087954C4FF0000C33
:10B5F000C4F800C0934C84F800C0C9E7B8F1000F4C
:10B6000058D0BCF1000F00F0DB80002C40F0FC8033
:10B610008A4804708C4880460160002FE2D0DFF831
:10B6200014A2DFF834E2DAF80000081AB0F5FA7F65
:10B63000C0F0E2809EF80000002840F00F817E4CB0
:10B6400020708248016001208EF80000012670E021
:10B650007C4C94F800C0BCF1000F99D1784C246860
:10B660000C1BB4F5FA7F93D3704DDFF8ECE1B7FA19
:10B6700087F464092C70704D8EF800C0DFF8CCE1BF
:10B6800085F800C0704DCEF80010DFF8B0E12960F9
:10B690006C4D8EF800C0E04527464FF0010C654C1C
:10B6A00085F800C0664614BF8C464FF0000CC4F805
:10B6B00000C06EE75F4CDFF8A0E121605E4D8EF8C0
:10B6C0000080A246614C85F800802160BCF1000F2B
:10B6D00057D0B9F1000F00F08280002F82D0DAF845
:10B6E0000000081AB0F5FA7F21D39EF80000002868
:10B6F00000F09280554804680C1B092C17D94E4C59
:10B70000016020780126304400F003002070BCF175
:10B71000000F0CD1217800294ED023F02003138094
:10B7200060E7B9F1000F5AD0002F3FF45BAFDFF8AC
:10B730001881D8F80000081A04285DD93F48C8F8D5
:10B74000001001789EF800E0B1FA81F1490901701A
:10B750000126BEF1000F0CD037490978002950D1DD
:10B7600043F020031380BCF1000F3FF43BAF334B99
:10B77000197800293FF436AF002393813046BDE8A5
:10B78000F0872E4880F80080002F3FF42BAFDAF8C6
:10B790000000081AB0F5FA7FFFF41FAF9EF8000012
:10B7A000002862D1DFF890C08CF8000027480160C3
:10B7B00001218EF800100E4643F02003138011E79C
:10B7C0001E4880F800C0002F3FF40CAFDFF864A0E3
:10B7D000DFF884E0DBE706463046BDE8F0871A4C28
:10B7E0002160A046154C4FF000052570002F3FF456
:10B7F000F9AE00287FF417AF9EF800100029ABD1F6
:10B80000B5E723F02003ADE7002F3FF4EBAEDFF800
:10B8100024A0DFF844E062E7074CDFF82C802070BA
:10B820000A48016001208EF800000FE7A58701207B
:10B83000A4870120A08701209C87012094870120F4
:10B84000888701208C87012090870120988701201C
:10B850008D870120958701209D8701200748046876
:10B860000C1B092C3FF64BAF63E7044804680C1B24
:10B87000092C3FF644AF024C4CE700BF98870120EB
:10B880009C87012008B54FF40072044800211BF08A
:10B8900091FF034B01221A7008BD00BF888501206B
:10B8A0005883012022B110F0800F01D11F2900D947
:10B8B000704708B5C908FFF767FD024B01221A70EF
:10B8C00008BD00BF58830120030617D41F2915D8CF
:10B8D00000B501F0070EC908DFF838C0012300EBFE
:10B8E000C11003FA0EF31CF80010DBB23AB1194391
:10B8F000074B0CF8001001221A7000BD704721EAB6
:10B900000301034B0CF8001001221A7000BD00BFA8
:10B91000588301208885012030B5012183B04FF480
:10B920004010F5F71BFC3B483B4D3C4C0121F5F723
:10B9300015FC01213A48F5F711FC6846F5F7CCFEF5
:10B940000F224FF00103694636480092ADF80530EA
:10B95000F5F76EFE6846F5F7BFFEC0224FF00133E3
:10B9600031486946CDE90023F5F762FE8023402186
:10B970002D48238001222980F5F7BCFE21882A4822
:10B980000122F5F7B7FE012000F04AFC298826487D
:10B990000122F5F7AFFE218823480122F5F7AAFE20
:10B9A000052000F021FC20482988F5F79DFE01289C
:10B9B00029D0FFF73FFD1C4804220621F5F7A0FE21
:10B9C000042219480721F5F79BFE02236946164811
:10B9D0008DF80630F5F72CFE1448F5F7ADFE144A45
:10B9E00012480F21F5F7DEFE10480121F5F7E4FEBD
:10B9F0004FF4007200210F481BF0DCFE0E4B0122B9
:10BA00001A7003B030BD21880748F5F76DFE012894
:10BA1000CFD1D0E7010030002A0200202802002008
:10BA200015004000000002400004024000540040A5
:10BA30004E4C5080888501205883012000B501219B
:10BA400083B00848F5F78AFB6846F5F745FE064BD4
:10BA500006484FF400426946CDE90023F5F7E8FDBA
:10BA600003B000BD020030000000010200080240E7
:10BA700010B501212448F5F737FE0221B0FA80F411
:10BA80002148F5F731FE640944F00203002808BF9D
:10BA90001C4604211C48F5F727FE44F00403002847
:10BAA00008BF1C4608211848F5F71EFE44F008039D
:10BAB000DBB2002808BF1C4600F0F2FB134B1A78DB
:10BAC0005AB94FF0010C124A83F800C01149124BC9
:10BAD00014700C701860224609E00E4B0C4993F864
:10BAE00000C00A78A44504D00B491C7008601046B9
:10BAF00010BD9442FBD0084B1B68C31A132BF6D918
:10BB00000C702246F3E700BF00000240568301207C
:10BB1000548301205583012050830120021E044BD1
:10BB2000044818BF01224FF400411A70F5F7E2BD36
:10BB3000578301200008024010B5DFF880C0DFF80D
:10BB400080E09CF80030834282B003D19EF8003040
:10BB50008B421CD003468EF8001012488CF800303F
:10BB60000C464FF40072002101931BF023FE019B51
:10BB70007BB90D4A00211420FFF706FC84B10B4A63
:10BB800002211420FFF700FC094B01221A7002B0B9
:10BB900010BD084A00211420FFF7F6FB002CEED15F
:10BBA000054AEDE788850120FCB8020808B90208BB
:10BBB00058830120F4B8020810B902082D020020B1
:10BBC0002C02002070B5944C227884B0E2B100F0D1
:10BBD00067FB924B1B68C01A132810D8904810219D
:10BBE000F5F704FE30B98E484FF48071F5F7FEFD8D
:10BBF000002848D08A484FF44471F5F7FDFD04B0A1
:10BC0000BDE87040FFF756BC864B1B78002B00F058
:10BC1000A68085490B78002B5ED0844B1B78002BC7
:10BC20006FD0834B1B886FF4F07159181F2940F2B5
:10BC30008B80804A4021117020251F227E497F4839
:10BC4000039219441CF02EF9039A7D497D4B0A702A
:10BC50007D497E4A1D70002008700321117000F09C
:10BC60001FFB784B6D491A784FF4005CCDF800C08B
:10BC700008604FF000736A487821F5F7A3FD0123AF
:10BC8000237004B070BD66484FF40071F5F7AEFD47
:10BC90000028AFD12278012A40F08E806A4B694A91
:10BCA000187811788842ECD25D480221F5F79EFDA4
:10BCB000654B0028E5D01978481C18705D48415C38
:10BCC0005748F5F791FD604B5E4A19781378994211
:10BCD000D7D102232370D4E75D4A10780028D0D052
:10BCE000524813704FF0010C81F800C0DFF840C1DA
:10BCF000037058495048ACF800304FF400721CF003
:10BD0000D1F8554A4B4B92E803004E4A18604FEA6F
:10BD1000114C83F806C04A4899804FF0070C82F80E
:10BD200000C04949494B4FF0060C80F800C0002084
:10BD300008700221197000F0B3FA424A37491278AC
:10BD40004FF40053009393E73A494020B3F5007F46
:10BD500008704AD0C3F50072D2B2551C6EE73A495A
:10BD6000384D0B70364A394BDFF8F0E0DFF8C4C0CD
:10BD70001B2129704FF001061A2111701E70BEE8B8
:10BD80000F00ACE80F009EE80700ACE803002CF8B9
:10BD9000022B120C8CF8002000F082FA1F4B2A783C
:10BDA00018604FF4005300931D484FF00073782142
:10BDB000F5F708FD267064E7039020211848F5F791
:10BDC00015FD00283FF45DAF20211548F5F714FD5F
:10BDD0001E49039B0A782370012A08D0022A09D041
:10BDE000032A0BD000230B704BE701252DE70D4BE9
:10BDF0001A70F7E70D4B01221A70F3E70C4A104B4B
:10BE000010881B7803449BB2B3F5007F1380E9D3FD
:10BE1000054B00221A70E5E75F8301206083012053
:10BE2000005400405B830120598301205A83012084
:10BE30005C830120688301208883012069830120BD
:10BE40006483012066830120658301205E830120D5
:10BE5000588301208885012074B2020858B2020874
:10BE60002DE9F04FA1B04FF0000BFAF7D1FFFBF72F
:10BE700025F8FBF743F800F0E7F9FFF74DFDFFF772
:10BE8000DDFDB04BB04883F800B05A464FF4004196
:10BE9000F5F730FC00F0C6FACDE908BB8246CDF8D4
:10BEA00028B0ADF82CB000F0FBF9014608A800F06E
:10BEB0001DFBFAF78FFFFAF7A7FFFAF7A1FFFEF7CE
:10BEC000D1F8FEF7D5F8FEF71BF9FF230193CDF863
:10BED00008B0CDF80CB0FEF727F9FFF773FEFEF7B8
:10BEE000BBFC4FF001085E465D46D9465446074606
:10BEF000002844D0002E00F0C98000F0D1F901469E
:10BF000008A800F0F3FA002D51D0594610A8FEF70A
:10BF1000CDFC00284BD1594610A8FEF7C7FCB0FA5B
:10BF200080F56D09894B93F800A000F0B9F9064639
:10BF300000F0C2FAA04263D000F0BEFA0446002826
:10BF400000F0B680B9F1000F00F0AF80029BCDF891
:10BF500004A0F61AB6F57A7F2CBF4FF000094FF017
:10BF60000109002F62D0FEF7DFF8FFF72BFEFEF786
:10BF700073FC3E464FF0000807460028BAD1002E59
:10BF8000BBD0FEF74BF80028B7D1FDF7D7FF6D4BBC
:10BF90006D481F704FF400413A46F5F7ABFB00F0D7
:10BFA0007FF9014608A800F0A1FA002DADD104A840
:10BFB000FFF734F90546002851D1039B002BB1D07F
:10BFC00000F06EF908AB06460FCB0DF1300CACE873
:10BFD0000700ACF8003000F06FFA3146002800F09E
:10BFE000BB800CA800F0C6FA00289BD040220DEBC5
:10BFF00002010CA8FFF796F9834600288BD191E740
:10C00000B9F1000F1DD0029BF61AB6F57A7F16D350
:10C01000CDF804A04FF00009002CA2D14B4B4846AC
:10C020001978FFF789FD0024002F9CD1454B464825
:10C030001F703A464FF40041F5F75CFB93E74FF071
:10C040000109019BCDF804A0534518BF48F0010831
:10C050005FFA88F3002B84D0002C82D1DEE700F059
:10C060001FF9402202900DEB020104A8FFF744F9EA
:10C0700089F00109012848EA090883464FD99DF84B
:10C080004030202B2BD04FF0010944E73146304897
:10C090004FF400721BF08EFB2E4B01261E7000F039
:10C0A0000BFA002867D1B04627E7CDF804A058E77F
:10C0B000244B024618704FF400412348F5F71AFB51
:10C0C000B9F1000F3AD0029BCDF804A0F61AB6F5EC
:10C0D0007A7F2CBF4FF000094FF001099EE79DF8D1
:10C0E0004130002BCFD104AB0FCB08AE07C6338055
:10C0F00008AB0FCB0CAD07C52B8000F0DDF9002895
:10C100003CD0029A0CA908A800F012FA40220DEBCC
:10C1100002010CA8FFF7F0F8012383460393BBF15B
:10C12000000FB0D1094B93F800A000F0B9F8064613
:10C1300000F0C2F9A04226D15D4664E7CDF804A024
:10C140006CE700BF5783012000080240A58701204B
:10C1500088850120588301200CA8FFF7F3F93146A8
:10C1600082460CA800F006FA40EA0A03DBB2002B74
:10C170003FF4D8AE3AE700F0A5F9BEE602990CA864
:10C18000FFF7E0F9BDE700F097F9044608B15D4616
:10C19000DCE6054B054883F800B05A464FF40041F1
:10C1A000F5F7A8FA5D468EE75783012000080240A4
:10C1B000704700BFFEE700BFFEE700BFFEE700BF1D
:10C1C000FEE700BF704700BF704700BF704700BF69
:10C1D000024A136801331360704700BFA88701202B
:10C1E000FEF778BBFEF7A8BB4FF0E02C0B4B10B569
:10C1F0001B68DCF81440DCF8182003FB00F0013465
:10C2000000211346DCF81820934236BFA4EB020E3F
:10C210009B1A734419448842F3D810BDAC8701209F
:10C2200088B1322810B5044606D94CF25030323C61
:10C23000FFF7DAFF322CF8D84FF47A7004FB00F0E5
:10C24000FFF7D2FF10BD704710B584B06846F5F710
:10C250008BF8019C0020F5F71DFB0D4B0D49DFF815
:10C260003CC00D48E408A3FB04239B094FF0E022E7
:10C27000A1FB0414A40C0021013BCCF80040016098
:10C2800053619161136943F00303136104B010BD5E
:10C29000D34D621083DE1B43A8870120AC870120A9
:10C2A000014B1868704700BFA8870120034620B1E2
:10C2B00019B13E4A1078532801D0002070475078B9
:10C2C0004C28FAD190785528F7D1D0784128F4D16C
:10C2D00090880128F1D1D0882028EED190690028DB
:10C2E000EBD1D0692DE9F043064600285BD1D46834
:10C2F0002F4804F1FF3C8445A04654D8956804F1CA
:10C300002000A8422F464ED1101900F11F051069D8
:10C3100002F11F0481464FF0FF3E14F8010F8EEA30
:10C32000000E08204EF3000C2CF0925C2CF4EF2C45
:10C3300001382CF49B6C2CF0070C10F0FF008CEAF9
:10C340005E0EEFD1AC42E8D16FEA0E0EF14528D176
:10C3500050694FF0FF3E8146A6F11400032884BFC8
:10C36000905D8EEA000E08204EF3000C2CF0925CDB
:10C370002CF4EF2C01382CF49B6C2CF0070C10F0F3
:10C38000FF008CEA5E0EEFD1741CA7422646E3D86C
:10C390006FEA0E0EF14504D1064A1A600120C1F879
:10C3A0000080BDE8F0830020FBE700BF00000C0820
:10C3B000DFDF030020000C0830B5144C227899B060
:10C3C0000AB300B30D46FBF7EBFD2846FBF7EAFE88
:10C3D0000F4A104B15604FF001021A700E490F48BA
:10C3E00060236A46FBF74EFE28B10D4B0022012068
:10C3F0001A7019B030BD0A4A13780133DBB2022B30
:10C40000137088BF2070002019B030BDCA8701208A
:10C41000C4870120C987012014D502081CB902086D
:10C42000C887012030B51B4D1B481C491C4A1D4CB8
:10C4300000239BB02B701C4D03700B60684601A954
:10C44000C2E900332370936093812B70FFF72EFFB6
:10C4500010B900201BB030BD144915484FF400320C
:10C46000FCF79AFE0028F4D0FCF706FE10490246BD
:10C470001048FBF7DDFB0028EBD0DDE9000160236D
:10C4800002AAFBF71DFD10B101202070E2E7FBF7C7
:10C490004DFFDEE7C9870120C8870120C48701203E
:10C4A000B4870120CA870120B0870120D8870120E6
:10C4B000CC870120CD910008014B1878704700BF50
:10C4C000CA870120064B1B7803B9704700B599B0A5
:10C4D0000449054860236A46FBF7D4FD19B000BD46
:10C4E000CA87012014D5020828B9020800B583B014
:10C4F000CDE90001FBF710FF0A4B1B787BB10098D8
:10C5000068B1094B01991B7823B1084B1B68CB1A02
:10C51000092B04D903B05DF804EBFFF74DBF03B05E
:10C5200000BD00BFCA870120C9870120C487012040
:10C530000D4B1B7843B138B131B110B50C461146E3
:10C54000FFF73AFF08B910BD70472046FBF7CEFE53
:10C550006168A2682068054B07C3054A0121117074
:10C56000A2891A8010BD00BFCA870120B4870120AC
:10C57000B0870120154B1B781BB308B310B50446D8
:10C580000846FBF70FFE2046FBF7B0FE104B1B786A
:10C59000CBB110480E2221461BF0E3F8031E18BF52
:10C5A000012320686168A268DFF828C0ACE80700B2
:10C5B000074901220A70A289ACF80020184610BD74
:10C5C0000346184670470123EBE700BFCA870120E6
:10C5D000B0870120B487012008B518B1094B0120AC
:10C5E000187008BD01460848F8F7CCFD0028F5D1C1
:10C5F000064BD3F8A000034BB0F5007018BF012024
:10C60000187008BD2E020020683801201C0400208C
:10C6100008B10120704708B501460748F8F7B2FD98
:10C6200028B9064BD3F8A030B3F5007F01D0012024
:10C6300008BD034B187808BD683801201C04002091
:10C640002E02002010BB09B303B370B50C4682B0B4
:10C65000014611481E461546F8F794FD0F4BD3F8D6
:10C66000A030B3F5007F13D10D4B1B78184310F0A9
:10C67000FF030DD100933246234629460648F8F7BA
:10C68000CFFD003818BF012002B070BD04207047F4
:10C69000042002B070BD00BF683801201C040020D7
:10C6A0002E02002010BB09B303B370B50C4682B054
:10C6B000014611481E461546F8F764FD0F4BD3F8A6
:10C6C000A030B3F5007F13D10D4B1B78184310F049
:10C6D000FF030DD100933246234629460648F8F75A
:10C6E000EBFD003818BF012002B070BD0420704778
:10C6F000042002B070BD00BF683801201C04002077
:10C700002E020020D0B938B50C4601461548154612
:10C71000F8F738FD144BD3F8A020B2F5007F0BD109
:10C72000124A1278104310F0FF0005D1032C16D8DE
:10C73000DFE804F0030F0A06032038BD032070472A
:10C740006DB101232B6038BD4DB14FF400732B80C8
:10C7500038BD25B1D3F89C3001332B6038BD04209F
:10C7600038BD00BF683801201C0400202E020020C4
:10C77000002943690ADD1B68C26803EBC1039A42C2
:10C7800002D800692C30704718467047114A914210
:10C7900018DADFF844C0614518D01B6800B593F87B
:10C7A00004E0BEF1660F02D000692C3000BD1B68AA
:10C7B00093F806E0ACEB010CE645F5DB521A03EB0F
:10C7C000C20000BDC06800EBC100704700692430A2
:10C7D000704700BFD9B9F0FFD8B9F0FF30B50D46AA
:10C7E00085B0114604460BF0EDFE2A79452A034632
:10C7F00015D00020E26813601B7943F040031371E9
:10C8000002F10803E36029460090A2F108032046E4
:10C810000DF0EAFEE368103BE36005B030BD194659
:10C82000286803930CF04AF90279039B12F00F0F6A
:10C83000E0D0E36853F8082C026013F8042C02716E
:10C8400051060DD529684A79920609D553F8082C66
:10C85000527912F0180F03D0204606F065FDE36808
:10C86000083BE36005B030BDD1E9001204F024BEFE
:10C87000C3688269D21AB1EBE20F70B546690D4602
:10C8800007DA0120726803EBC5039A4238BF736070
:10C8900070BD0022044604F02DFA0028F8D0E368A9
:10C8A000F0E700BF9FED010A704700BF0000FC43A6
:10C8B000074A01F5742303F22763934205D84269BE
:10C8C000C36812689B1A01EBE3010846704700BF7A
:10C8D00027460F004369C0681B680833C01AC010A0
:10C8E000704700BF002938B5C268044632DB43698F
:10C8F0001B68013103EBC10CACEB020CBCF1000F67
:10C900004FEAEC001EDD114602F10805034608322D
:10C910004FF0000E013B02F804EC02F10802F9D1DD
:10C92000BCF1000FACF1080C08BF4FF0000C6144E3
:10C9300005EB0C02E2600B71C0F1010308BF00239C
:10C940000138184402EBC00110B1636A8B4203D274
:10C95000E16038BD481CF5E700234FF0FF32204668
:10C9600005F0A8F90146E16038BD00BF002908B50F
:10C97000CABF4369C3681B684FF0FF3203EBC101B4
:10C98000002305F097F90023037108BD0029C8BFF3
:10C990004369D0F80CC0C8BF1B682DE9F041CCBF7B
:10C9A00003EBC1010CEBC101002AB8BFD343ACF1CA
:10C9B0000804ACBFA4EBC20301EBC3038B4282B0FB
:10C9C00017D901F10800A3F10802956850F8086C26
:10C9D00040F8085C10F8047C92F80C8000F8048C95
:10C9E0009042966017730096A2F1080200F10800C9
:10C9F000EBD303F10802944215D91033ACF11002C5
:10CA0000906853F8085C43F8080C13F8046C177B23
:10CA100003F8047C9342956016730095A2F1080216
:10CA200003F10803ECD38C4215D90831ACF11003A3
:10CA30009A6851F8084C41F8082C11F8045C1E7BE8
:10CA400001F8046C8B429C601D73009401F1080195
:10CA5000A3F10803ECD802B0BDE8F081002930B59D
:10CA6000D0F814C017DDDCF8003003EBC103C16857
:10CA70008B421DD2002A20DDDCF800C0C46893F888
:10CA800004E00CEBC201A1423AD302691B68D362F5
:10CA900082F830E030BD374B99425CDADFF8D8E0FD
:10CAA000714563D0DCF8004025462479662C3FD0E0
:10CAB0000369002A03F12C03DEDC2E498A4241DAA5
:10CAC0002D498A424BD0DCF800C09CF804E0BEF14E
:10CAD000660F1BD001691A68CA621A7981F8302082
:10CAE0005106D7D5DCF800104A799206D2D51A68DB
:10CAF000537913F0180FCDD0BDE8304006F0ECBBF1
:10CB00001B684CF8323081F804E030BDDCF800E0FE
:10CB10009EF80640891AA142DCDC1849891A0EEBFE
:10CB2000C10E1A68CEF810201A798EF81420D7E7B3
:10CB30002C68A579AEEB010EAE45B9DC5B1A04EBAF
:10CB4000C30397E7C168186841F8320001EBC201DE
:10CB50001B790B7130BDC36803EBC1038AE702691F
:10CB6000196851621B7982F8283030BD036924337B
:10CB700080E700BFD9B9F0FFD8B9F0FFD7B9F0FF0F
:10CB8000002910B5C26843690EDD1B6803EBC103C1
:10CB90009A4201D803692C3319681160197911710F
:10CBA00002F10803C36010BDDFF838C0614512DA36
:10CBB000DFF834E0714511D01B681C79662CE9D18F
:10CBC0001B689C79AEEB010EA645E3DCACEB010CD7
:10CBD00003EBCC03E0E702EBC103DDE70369243399
:10CBE000DAE700BFD9B9F0FFD8B9F0FF00294369EF
:10CBF0000FDD1A68C36802EBC1029A421ED2137994
:10CC000013F00F0303D101692C318A421CD018465E
:10CC10007047DFF874C0614524DA00B5DFF86CE0D6
:10CC2000714523D01B681A79662A10D0036993F8DE
:10CC3000300010F00F0323D0184600BD036993F8AD
:10CC4000300010F00F03E2D14FF0FF3070471A6848
:10CC50009379AEEB010E9E45E8DCACEB010C02EBE8
:10CC6000CC0205E0C26802EBC102C8E702692432C7
:10CC7000137913F00F03DFD101692C318A42DBD124
:10CC80004FF0FF3000BD00BFD9B9F0FFD8B9F0FFB9
:10CC9000024B013153F82100704700BFE4D802086D
:10CCA000002900B543690EDD1B68C26803EBC103B0
:10CCB000934201D303692C331879A0F10300B0FA31
:10CCC00080F0400900BD0F4A914214DADFF838C005
:10CCD000614514D01B6893F804E0BEF1660FE9D1FA
:10CCE0001B6893F806E0ACEB010CF445E2DC521A49
:10CCF00003EBC203E0E7C36803EBC103DCE70369AE
:10CD00002433D9E7D9B9F0FFD8B9F0FF00B500292D
:10CD1000436983B016DD1B68C26803EBC10393420D
:10CD200009D300692C300379132B08D001A90DF029
:10CD30001FFA03B000BD18460379132BF6D101206A
:10CD400003B000BD0F4A914214DADFF83CC06145E0
:10CD500014D01B6893F804E0BEF1660FE1D11B68A4
:10CD600093F806E0ACEB010CF445DADC521A03EB65
:10CD7000C200D8E7C06800EBC100D4E700692430E6
:10CD8000D1E700BFD9B9F0FFD8B9F0FF002900B54D
:10CD9000436910DD1B68C26803EBC103934201D3F2
:10CDA00003692C33187900F00F00033801288CBF79
:10CDB0000020012000BD0F4A914214DADFF838C08C
:10CDC000614514D01B6893F804E0BEF1660FE7D10B
:10CDD0001B6893F806E0ACEB010CF445E0DC521A5A
:10CDE00003EBC203DEE7C36803EBC103DAE70369C1
:10CDF0002433D7E7D9B9F0FFD8B9F0FF30B583B005
:10CE000015460446FFF7B4FC02791207034603D126
:10CE100022692C32904215D0294620460193FFF713
:10CE2000A7FC0279019B12F00F0F03D122692C326B
:10CE3000904207D002461946002003B0BDE83040BA
:10CE40000DF0FABD002003B030BD00BF10B5A1F158
:10CE50000C02012AC36884B007D813F8042C53F8D5
:10CE6000084C1C601A710833C360A3F110020092D1
:10CE7000083B039008F0EAF80398C368083BC360D6
:10CE800004B010BD70B582B016461D460446FFF7CB
:10CE90006FFC02791207034603D122692C329042BB
:10CEA0000ED0314620460193FFF762FC0279019BC8
:10CEB00012F00F0F07D0012D0BD0022D19D085B124
:10CEC000002002B070BD22692C329042F8D0012DB2
:10CED000F3D102461946204602B0BDE870400DF07D
:10CEE00023BC02461946204602B0BDE870400DF052
:10CEF000A3BD02461946204602B0BDE870400DF0C1
:10CF0000D5BC00BF10B504460846E16808F0C6F875
:10CF100010B1E3680833E36010BD00BF10B584B002
:10CF200000230029039343691DDD1B6803EBC10344
:10CF3000C1688B420BD300692C300379132B0AD1C3
:10CF400090ED000A012002B1106004B010BD184637
:10CF50000379132BF4D003A901920DF009F99DED8B
:10CF6000030A019AEFE7DFF83CC0614512DADFF807
:10CF700038E0714512D01B681C79662CDBD11B6828
:10CF80009C79AEEB010EA645D5DCACEB010C03EBB6
:10CF9000CC00D2E7C06800EBC100CEE700692430C6
:10CFA000CBE700BFD9B9F0FFD8B9F0FF10B582B018
:10CFB000002300290193144643691BDD1B68C268E6
:10CFC00003EBC10393420AD300692C300379032B8E
:10CFD00009D10068012304B1236002B010BD1846D6
:10CFE0000379032BF5D0002201A90DF06DF903465A
:10CFF0000198F0E70F4A914214DADFF83CC061452E
:10D0000014D01B6893F804E0BEF1660FDCD11B68F6
:10D0100093F806E0ACEB010CF445D5DC521A03EBB7
:10D02000C200D3E7C06800EBC100CFE7006924303D
:10D03000CCE700BFD9B9F0FFD8B9F0FF00294369A8
:10D040000FDD1B68C26803EBC103934201D3036980
:10D050002C331879012829D010F00F0018BF0120B7
:10D060007047184A914223DADFF85CC0614526D048
:10D070001B6800B593F804E0BEF1660F0BD003699E
:10D080002C331879012804D010F00F0018BF0120AC
:10D0900000BD002000BD1B6893F806E0ACEB010C5E
:10D0A000F445ECDC521A03EBC203EAE700207047B8
:10D0B000C36803EBC10318790128CDD1F6E70369F2
:10D0C0002433C6E7D9B9F0FFD8B9F0FF10B514463C
:10D0D0000A1E436982B02EDD1968C36801EBC201E4
:10D0E000994235D20B7903F00F03042B13D0032B95
:10D0F0001CD1CDE9000208F0BFF80098019A03693D
:10D10000DB68002B03DD06F03DFADDE90002114685
:10D11000FFF72EFB01462CB10A68D379FF2B08BF1D
:10D12000D36823600868103002B010BD0CB1002332
:10D1300023600020F8E711498A4217DADFF840C07F
:10D14000624517D01B6893F804E0BEF1660F02D069
:10D1500001692C31C6E71B6893F806E0ACEB020CC2
:10D16000F445F5DC891A03EBC101BBE7C36803EBA7
:10D17000C201B7E7036903F12401B3E7D9B9F0FFAE
:10D18000D8B9F0FF002900B5436928DD1A68C368E3
:10D1900002EBC1029A4201D302692C32137903F0E7
:10D1A0003F03043B102B0AD8DFE803F01611090EE9
:10D1B0000909090909090909090909090B000020D8
:10D1C00000BD1368D86800BD1368986800BD10687A
:10D1D0005DF804EB0BF094BF1368D87900BDDFF85D
:10D1E0003CC0614512DADFF838E0714512D01B68A7
:10D1F0001A79662AD0D11A689379AEEB010E9E4552
:10D20000CADCACEB010C02EBCC02C7E7C26802EB54
:10D21000C102C3E702692432C0E700BFD9B9F0FFF9
:10D22000D8B9F0FF0029436916DD1B68C26803EB1B
:10D23000C103934201D303692C331A79186802F0B1
:10D240000F03022B07D0072B3ED1C388002B40D100
:10D2500010231844704770471F4A91422ADADFF8BA
:10D260007CC0614532D01B6800B593F804E0BEF184
:10D27000660F14D003692C331A79186802F00F0373
:10D28000022B06D0072B05D1C3882BB10333DB005B
:10D29000184400BD002000BD10231844F9E71B68A6
:10D2A00093F806E0ACEB010CF445E3DC521A03EB17
:10D2B000C203E1E7C36803EBC1031A79186802F0FF
:10D2C0000F03022BBFD1704700207047036924333E
:10D2D000B3E70333DB00BCE7D9B9F0FFD8B9F0FFFF
:10D2E0000029436915DD1B68C26803EBC103934243
:10D2F00001D303692C33187900F03F02072A3ED08E
:10D30000162A04D0022A3AD010F0400044D01868FF
:10D3100070472C4A914240DADFF8ACC0614547D0F3
:10D320001B6800B593F804E0BEF1660F1CD00369DA
:10D330002C33187900F03F02072A08D0162A04D0AF
:10D34000022A04D010F0400000D0186800BD00F0A0
:10D350000F02022A1868F9D0072A27D1C38853B3CD
:10D360000333DB00184400BD1B6893F806E0ACEB08
:10D37000010CF445DBDC521A03EBC203D9E700F0E1
:10D380000F02022A186807D0072A17D1C388BBB139
:10D390000333DB00184470477047C36803EBC103D5
:10D3A000187900F03F02072AAAD1E8E7002000BD63
:10D3B000036924339FE710231844D4E70020704703
:10D3C0001023E7E7D9B9F0FFD8B9F0FFC36800210F
:10D3D00003F108021971C260704700BFC3681321CE
:10D3E00003F1080283ED000A1971C260704700BFA3
:10D3F000C3684FF0030C03F10802196083F804C0FE
:10D40000C260704710B5044682B0CAB90E490BF02D
:10D41000D9F80346E2681360197941F040011171AF
:10D4200002F108002269E060D268002A04DD20468B
:10D43000019306F0A7F8019B03F1100002B010BDA4
:10D440000BF096F80346E5E7E8B2020810B502468D
:10D4500082B0B9B101900BF0B5F8019AD3681860A9
:10D46000017941F0400100F1100419711169C96896
:10D4700008330029D36002DD104606F083F8204609
:10D4800002B010BDC3680C461971EFE710B5044631
:10D4900082B007F015FF2269D268002A034604DD36
:10D4A0000190204606F06EF8019B184602B010BDB0
:10D4B0000EB410B585B007AA044652F8041B0392B7
:10D4C00007F0FEFE2269D268002A034604DD0190BF
:10D4D000204606F057F8019B184605B0BDE81040FD
:10D4E00003B07047844642B9C368162003F10802AE
:10D4F00019601871CCF80C20704730B583B00D4618
:10D5000004461146019204F0E3FAE368019AC5600B
:10D51000A3EBC20C00EBC20253F8081C916013F895
:10D52000041C1173083B6345A2F10802F4D1662282
:10D530001A712269D268186003F10801002AE160BB
:10D5400001DC03B030BD204603B0BDE8304006F03A
:10D5500019B800BFC368002914BF1121012103F1CC
:10D5600008021971C2607047C3684FF0020C03F1E2
:10D570000802196083F804C0C260704730B50369BF
:10D580005B6ADD6885B004460BF01CF82B7B452BED
:10D59000024619D04FF0000CE3681A60127942F08D
:10D5A00040021A7103F10802E26020461A4605F1B2
:10D5B0000801CDF800C00CF0B3FFE36813F8040CC9
:10D5C00000F00F0005B030BD1146A86803920BF0C3
:10D5D00075FA0379039A844613F00F00DCD0E268F1
:10D5E000DCF80010116002F108011371E16005B070
:10D5F00030BD00BF30B583B00446FFF7B9F80379FA
:10D60000452B05460FD00022E3680092083B1A46DE
:10D61000204629460CF084FFE36813F8040C00F060
:10D620000F0003B030BDE168006808390BF070FAF4
:10D630000379024613F00F00E6D0E168126841F862
:10D64000082C01F8043C03B030BD00BF30B585B0F4
:10D6500004460392FFF78CF80546039920460AF02A
:10D66000B1FF2B79452B024618D04FF0000CE36830
:10D670001A60127942F040021A7103F10802E26066
:10D6800020461A462946CDF800C00CF049FFE36851
:10D6900013F8040C00F00F0005B030BD11462868E7
:10D6A00003920BF00BFA0379039A844613F00F00F0
:10D6B000DDD0E268DCF80010116002F1080113719E
:10D6C000E16005B030BD00BF30B587B015460446F7
:10D6D000FFF74EF80379452B024618D100688168A0
:10D6E0006B1E8B4227D2C16805F10053013B01EB51
:10D6F000C30191F804C01CF00F0009D0E3680A6868
:10D700001A6083F804C00833E36007B030BD00211D
:10D7100000910320E3688DF814001146204604AA06
:10D7200004950CF0FDFEE3681879083300F00F0053
:10D73000E36007B030BD294603920BF063F9039A0A
:10D740000146D6E710B50446FFF712F8E168006815
:10D7500008390BF0DDF9E3680168A3F10802E26023
:10D76000027912F00F0016BF03F8042C03F8040C22
:10D7700043F8081CE36010BD10B582B00446019266
:10D78000FEF7F6FF019900680BF03CF90279E368B7
:10D79000016812F00F000EBF187119601A7108337A
:10D7A000E36002B010BD00BF10B5044682B0CDE901
:10D7B00000210BF0FBF8D4F80CC00199CCF8000064
:10D7C00045238CF8043000290CF10803009AE3602B
:10D7D00001DC002A05DD13460A46014620460BF00F
:10D7E0002DFB2369DB68002B01DC02B010BD204655
:10D7F00002B0BDE8104005F0C5BE00BF002900B56D
:10D80000436921DD1B68C26803EBC103934228D240
:10D810001A7902F00F02052A2CD0072A11D00369C9
:10D8200003EB8203D3F8FC304BB1C2684FF0450CD8
:10D8300002F10801136082F804C00123C160184698
:10D8400000BD1B68DB68EFE7154A914220DADFF87C
:10D8500054C0614520D01B6893F804E0BEF1660F08
:10D860000BD0036993F8302002F00F02052A03F170
:10D870002C03D2D11B689B69D6E71B6893F806E09E
:10D88000ACEB010CF445ECDC521A03EBC203BFE72E
:10D89000C36803EBC103BBE703692433B8E700BFE8
:10D8A000D9B9F0FFD8B9F0FF03695B6A0A46D968B5
:10D8B0000831FEF793BF00BFB1F1000C436909DDE9
:10D8C0001968C36801EBCC01994201D301692C317D
:10D8D000FEF784BF12498C4519DA10B5DFF844E031
:10D8E000F44519D01B681C79662C05D001692C31D0
:10D8F000BDE81040FEF772BF1B689C79AEEB0C0EC2
:10D90000A645F3DCA1EB0C0103EBC101F0E7C36812
:10D9100003EBCC01FEF762BF01692431E8E700BFE9
:10D92000D9B9F0FFD8B9F0FF70B584B004461646F7
:10D93000FEF71EFF0379452B054624D10068826857
:10D94000731E934231D2C06806F10053013B00EBD5
:10D95000C30003791B0717D0E36853F8082C026053
:10D9600013F8042C0271510609D529684A799206E8
:10D9700005D553F8082C527912F0180F19D1083B2D
:10D98000E36004B070BD0020E368009003228DF8CE
:10D990000C20083B02AA2946204602960CF024FEE1
:10D9A000E368083BE36004B070BD31460BF02AF831
:10D9B000CFE7204605F0B8FCE368E0E730B583B078
:10D9C000C5680446FEF7D4FEA5F10803016801917D
:10D9D000A5F1100220460BF055FB01998B7923F03D
:10D9E0003F038B71E36813F8042C500608D54A797D
:10D9F000920605D553F8082C527912F0180F03D16E
:10DA0000103BE36003B030BD204605F08DFCE368B9
:10DA1000F6E700BF30B5044683B0FEF7A9FEE36821
:10DA2000017913F8042C12F00F02054601F00F01E2
:10DA30000BD0052953F8082C13D0072922D02069D0
:10DA400000EB8100C0F8FC2006E005291FD0072963
:10DA5000F5D12B68DA60E368083B0120E36003B08E
:10DA600030BD03689A61002AF5D029684B799B067E
:10DA700003D5537913F0180F0CD1204605F0B8FCEC
:10DA8000E368E9E70368DA60002AEED1E3E72B6890
:10DA90009A61E0E72046019205F01EFC2968019A90
:10DAA000EBE700BF70B5049EC568C94305EBC10133
:10DAB000044615461EB1066EB6F5803F0DD32A46C4
:10DAC000204603F0F9FC002D00DB70BD6369E268BD
:10DAD0005968914238BF5A6070BDD0F814C0049E96
:10DAE000CCF81060CCF8183003F0B6FCEBE700BFC0
:10DAF00070B50446B3F1000C1546C069E26884B005
:10DB000008D0C5BF63691B6802EBCC0303EBCC03F1
:10DB1000A3EB000CC94302EBC101099A02910B1A55
:10DB20001AB1226EB2F5803F11D31849CDF800C06A
:10DB300002AA2046039503F00DFD002D05DA636966
:10DB4000E2685968914238BF5A6004B070BD666996
:10DB5000099AF361089BB361E36D32617361728C62
:10DB6000E379C4F85CC022F00102134343F01003D0
:10DB7000738420462A4603F06FFC738C23F0100355
:10DB800073847369E3650020D7E700BF69C80008A4
:10DB900030B59C4613460A461B4989B0BCF1000FBC
:10DBA00014BF65460D46044603A90FF043FD0C9BC8
:10DBB0002A4603A9204603F017FD0346D0B9E268C0
:10DBC00052F8082C9179A9B12169D2F810C04A6A9B
:10DBD000DCF80810D26890680860107B0871400675
:10DBE00008D59CF80510890604D59268517911F082
:10DBF000180F02D1184609B030BD61462046019386
:10DC000005F06AFB019BF5E740B9020800B5D0F8C2
:10DC10000CC01CF804ECBEF1460F83B002D001200A
:10DC200003B000BD9E4613460A465CF8081CC9684E
:10DC3000CDF800E003F0C6FE03B000BD0EB470B531
:10DC4000046994F83E5085B0AA07099B00F1B280A0
:10DC50000AA9024603910B2B00F2AC80DFE803F027
:10DC60002C363E42474D727EAA8A8E0694F83AC000
:10DC7000039DBCF1010F2868D5E9011500F0A780CC
:10DC80006669002E18BF0A23002804D0B8BF0330ED
:10DC9000801084F84000002904D0B8BF03318910F7
:10DCA00084F841100DB184F84250002110460093D1
:10DCB00005F018FC009B03E0012384F83E300023AC
:10DCC000184605B0BDE8704003B0704700212046FB
:10DCD0000AF0C8F9002384F83E30F0E7002105F08F
:10DCE000FFFDECE7D4E9023213449B0AE8E7D4E9EC
:10DCF00002321344C3F30903E2E7039909680023DE
:10DD000084F83E30002958D0E368019003EB81216C
:10DD1000204600910AF0A6F9019A00991369DB6880
:10DD2000002B03DD104605F02DFC009984F83E50D1
:10DD30000029C4DD94F83930A3F10803B3FA83F362
:10DD40005B09BDE7039A94F840301268002AB8BF17
:10DD5000033292109B0084F84020B1E7039A94F8B4
:10DD600041301268002AB8BF033292109B0084F839
:10DD70004120A5E7B5FA85F35B09A1E794F83A508D
:10DD80000399012DD1E9000103D06569002D08BF79
:10DD90000B2308B184F83C00002904D0B8BF03313C
:10DDA000891084F83D1001211046099305F09AFB73
:10DDB000099B85E74FF0FF3382E7009020460AF089
:10DDC00051F9009805F0DEFB84F83E50B2E70A23D3
:10DDD0005AE700BF08B5C26812F8041C442903467C
:10DDE00006D152F8081C0269D2F89420914202D060
:10DDF000184602F063FC042102F06CFE002910B505
:10DE00004369C268044611DD1B6803EBC1039342FA
:10DE100019D21968083A20460AF068FDE36810B183
:10DE20000833E36010BD083BE36010BD1048814239
:10DE300017DADFF840C0614516D01B6893F804E09C
:10DE4000BEF1660F02D023692C33E2E71B6893F81A
:10DE500006E0ACEB010CF445F5DC401A03EBC00323
:10DE6000D7E702EBC103D4E723692433D1E700BF2E
:10DE7000D9B9F0FFD8B9F0FF10B543690029CCBF7C
:10DE80001A68C268B3F9204082B002EBC101019068
:10DE900003F09CFE631C05DB01984FF6FD7342699D
:10DEA0001B1B138402B010BD002938B504460BDDDE
:10DEB0000CF0BAFE2369DB68002B00DC38BD20467D
:10DEC000BDE8384005F05EBBC368074900221D4627
:10DED0000AF04EFB2860037943F040032B71E3689E
:10DEE0000833E360E6E700BFE8B2020810B50B1E96
:10DEF0004269C16882B00FDD126802EBC3028A4238
:10DF000001D302692C3201900CF094FE0198C36891
:10DF10000833C36002B010BDDFF838C0634512DAC1
:10DF2000DFF834E0734511D012681479662CE8D11B
:10DF300012689479AEEB030EA645E2DCACEB030C61
:10DF400002EBCC02DFE701EBC302DCE7026924321B
:10DF5000D9E700BFD9B9F0FFD8B9F0FF11B1036913
:10DF60005B680B6003691868704700BF0AF01AB954
:10DF700010B5044682B00AF05FFBE26847211171D8
:10DF80002169C9680346002902F108001360E060B6
:10DF900004DD2046019305F0F5FA019BD88820B1F5
:10DFA0000330C000184402B010BD1020184402B065
:10DFB00010BD00BF30B583B004460192FEF7D8FB18
:10DFC00003790168019A03F03F03062B25D0262B25
:10DFD0001FD18B79501E98421BD20132194D01EB93
:10DFE000C200E36853F8082CA3F1080CC4F80CC075
:10DFF000026013F8043C037158060BD54B799B065D
:10E0000008D5537913F0180F04D0204605F064F9B1
:10E0100000E00025284603B030BDC868C568531E1F
:10E02000AB42F6D2C36BD01C02F10052013A51F858
:10E03000201053F83230886813B103F11005D0E78F
:10E04000014DCEE7E8B2020844B9020800B58C469B
:10E0500086460FC885B08DE80F009CE80F008EE85B
:10E060000F009DE80F008CE80F0005B000BD00BF59
:10E0700083692DE9F041D31A904683EAE372076978
:10E08000A2EBE3727F2A84B004460E4607F1FF3705
:10E0900008DC90F83520511C80F83510100601D4AA
:10E0A0001D461DE0A368186A184B02936FF060418B
:10E0B0000823CDE9003106F12403626A716C06F091
:10E0C0008DFD636A706440F8337000EBC300013368
:10E0D00063620123C0F804806FF07F0584F8353057
:10E0E000A368186A0A4B02936FF000420123CDE93E
:10E0F000003206F11803316C3A4606F06FFD3064C9
:10E10000C555C4F8188004B0BDE8F08150B90208C4
:10E1100058B902082DE9F0478368054688B0D86AE7
:10E12000D3F820902F6890460C460AF0F1FC027953
:10E13000EE69032A034603D1D0F800A0B24544DBC0
:10E14000A9680696BA4606A8C96A22465AF8104F28
:10E15000009003208DF81C0048460AF07FFF274AF4
:10E16000396B02926FF07E400822CDE900205346C1
:10E170003246484606F032FD3A693863944208DA7E
:10E1800000EBC40300EBC2020021197108339A426C
:10E19000FBD1D8F8003040F8363000EBC60098F8D4
:10E1A00004200271EB69520603F10103EB6108D50B
:10E1B0007B799B0605D5D8F80020537913F0180F0A
:10E1C00015D1304608B0BDE8F087396B98F80420C7
:10E1D00001EBCA010879504010F03F00B0D142462F
:10E1E00005930CF029FC38B9EE69059BA8E7394680
:10E1F000484605F071F8E4E75646E2E760B90208E0
:10E2000010B588B013230446002103A88DED040A3D
:10E210008DED010A8DF814300BF0DEFF9DED010A43
:10E22000B0B1039B6BB99FED0E0A8DED060A132367
:10E2300004AA06A920468DF81C30FFF76BFF08B032
:10E2400010BDDFED077A60EE277A37EE800AECE743
:10E2500004AA11462046FFF75DFF08B010BD00BFBD
:10E2600000000034D1E902239A4201D00020704717
:10E2700000B50A78013A87B00B46062A15D8DFE8C0
:10E2800002F017272B2F313804005A68049292F8B5
:10E2900004C001934CF0400C04AA11468DF814C040
:10E2A000FFF738FF019BFF282FDD002007B000BDDE
:10E2B0008268019300218DF814104521D36A8DF8EE
:10E2C0000C1004AA02A90293FFF724FF019BEAE7BE
:10E2D00001934FF0110CDFE701934FF0010CDBE7E6
:10E2E0005868E0E793ED010A0193FFF789FF019B6E
:10E2F000D9E7032259688DF8142004AA0491114625
:10E300000193FFF707FF019BCDE70422586001202E
:10E310001A7007B000BD00BF10B50C460178062981
:10E3200084B0034613D0052902D0002004B010BDEC
:10E3300090ED010A0090002103A801920BF04CFF20
:10E340000028F2D0019A009B0121116001E042688F
:10E350000392D3E902239A42E7D1039B7F33FF2B39
:10E36000E3D80120236004B010BD00BF4B1C70B582
:10E37000DFF864E04FEA810522D003685A6B002978
:10E3800002EB81031EDD53F8046C06F07F0C1C1FAA
:10E390001EF80CC01CF0100F14D0236803F07F038C
:10E3A000432B01F1010114D15359DB0903F17F43E0
:10E3B00001335A1C04D019444B1C4FEA8105DCD1AF
:10E3C000002070BD1C460131236803F07F03432BFE
:10E3D000EAD0012070BD00BFE0D702084B1C33D04B
:10E3E00030B50368DFF864C0586B002900EB810387
:10E3F0004FEA810426DD53F8042C02F07F02A3F1DA
:10E40000040E1CF80220D2061CD5DEF8002002F013
:10E410007F05530A432D01F1010103F4FF4302F488
:10E42000004204D1134343F04203CEF800300359B5
:10E43000DB0903F17F4301331944013301D04B1C45
:10E44000D3D130BD9E46E0E7704700BFE0D7020859
:10E4500070B50D781378082D04462ED0082B17D0F0
:10E460004FF0FF352E46204609F0ACFBA84204DCF5
:10E4700094F83430013B84F83430204609F0A2FB94
:10E48000B04204DC94F83430013B84F8343070BD81
:10E490004FF0FF365568B542E5DA204609F092FBA9
:10E4A000B04204DC94F83430013B84F83430204628
:10E4B00009F088FB8542E5DA70BD082B4E68E9D08B
:10E4C0004FF0FF35E7E700BFF0B5D2E90245AC42B7
:10E4D0008BB032D192F800C0BCF1050F30D0BCF146
:10E4E000060F2AD1546804944FF0030CD3E9024577
:10E4F000AC428DF814C020D116461A78052A0C4675
:10E50000054624D0062A18D15A68069203238DF8AE
:10E510001C30CB1E0A2B63D8DFE803F00662060628
:10E520002B2B2B2B2B622B0007EE902AF8EEE77A91
:10E53000F5EE407AF1EE10FA52D100200BB0F0BDAA
:10E54000D2F804C0CDF810C04FF0130CCEE7D3EDD5
:10E55000017A1322CB1ECDED067A8DF81C200A2BF2
:10E560003ED8DFE803F0383D383806060606063D9B
:10E57000060008A904A80022029107460BF064FED9
:10E5800002990028D9D006AB1846002203910293C5
:10E590000BF05AFEDDE902310028CED0AA68106ADD
:10E5A00000913A46214606F0DDFC9DF82430032B0D
:10E5B0001AD0DDED087AF4EE677AF1EE10FABCD1EC
:10E5C000F5EE407AF1EE10FAB7D005233370C6EDC0
:10E5D000017A0120B2E7F5EE407AF1EE10FAACD004
:10E5E00008A904AF06ABD9E7089B73600622327016
:10E5F000EFE700BF2DE9F04F83B04C1C0C9E59D0C3
:10E600001D460368DFF8DC80019091465A6BEB01F0
:10E6100003F4FF4300936FF07F470DE0341B3C444D
:10E62000B4F1007F56D200F07F0040EAC410591CBC
:10E6300042F80A003ED0194652F82100C30903F1FE
:10E640007F430133B3F1FF3F01F1010418BF1B19F0
:10E6500000294FEA810A02EB810C2EDD5CF8041CD4
:10E6600001F07F0E18F80EB01BF0100F25D0ACF1A2
:10E67000040CBEF1430FD1D1FF2D4FEA114020D041
:10E680005FFA80FE75451CD021F4FF4000990843D5
:10E69000A9EB04043C44B4F1007FCCF8000019D28B
:10E6A00052F80A0000F07F0040EAC410591C42F8FA
:10E6B0000A00C0D103B0BDE8F08F014600F07F0E24
:10E6C000D7E7C00100F4FF4001F40041084340F0E7
:10E6D0004200DDE7019C0249A06805F08DFB00BF08
:10E6E0006CB90208E0D7020808B50023C36005F042
:10E6F00083FB00BF10B5D1E902439C4213D191F8CE
:10E7000000C00CF1FF330A2B07D8DFE803F00E122C
:10E7100015060606180606061F00BCF1050F28D0D0
:10E72000BCF1060F1ED0002010BD00231371012084
:10E7300010BD11231371FAE701231371F7E74B683A
:10E7400013601B7943F040031371F0E78368496855
:10E750001B6B08011B681858106003EB01131B7931
:10E760001371E4E7002AE2D04968116003231371B2
:10E77000DDE7002ADBD04968116013231371D6E767
:10E78000B2F1FF3F29D0D1F800C0BCF1FF3F25D046
:10E7900038B503680546586B50F82C10CB0903F1C7
:10E7A0007F430133B3F1FF3F4FEA8C040CF1010EBC
:10E7B00004D003EB0E0CBCF1FF3FEDD1A2EB0E0237
:10E7C00002F1FF1202F57F42B2F1007F08D201F0A0
:10E7D0007F0141EAC211015138BD70470A6070479C
:10E7E0000149A86805F008FB6CB902080369436198
:10E7F0001846704700B583B0FF230092FFF7FAFE7A
:10E8000003B000BD00B583B002694261FF230092EE
:10E81000FFF7F0FE03B000BD70B58368056884B0F3
:10E820000446186A0E4B0E466FF04042696B029325
:10E830000423CDE9003205F11403226906F0CEF974
:10E84000236968635A1C226140F82360A36820464C
:10E850009A682946FFF70CFC2069013804B070BDA6
:10E8600058B902080149FFF7D7BF00BF38FFFF7F43
:10E87000F0B5D0E90434A3421ADD03F1804C0368FB
:10E880000CF1FF3C5B6B1F4653F82C3003F07F0EFE
:10E89000BEF1080F01EB02050AD1C3F3C71EC3F393
:10E8A00007447444714526460CDB01348C420BDA74
:10E8B000013AC90141EA0241BDE8F04041F00801D6
:10E8C000FFF7AABF7545F3DB8E45A8BF8E466A1ECB
:10E8D000B242ACBFCEEB0201CEEB06016EF3CE131B
:10E8E00061F3174347F82C30F0BD00BF52B1012A45
:10E8F0000CBF482346230132C90141EA02411943B2
:10E90000FFF78ABF4723F6E7B2F5003F4FEAC11190
:10E9100005DA41EAC23141F00301FFF77DBF10B5CE
:10E9200082B041F0040104460192FFF775FF019A9D
:10E93000D20142F05201204602B0BDE81040FFF77C
:10E940006BBF00BF10B4029C4FEAC43C019C4CEA70
:10E95000046C4CEA034C4CEA010110BC41EAC211C0
:10E96000FFF75ABF41EAC21141EAC331FFF754BF72
:10E9700008B5026890F8343092F808C019448C4504
:10E9800003DAFE29D8BF117200DC08BD0149806896
:10E9900005F032FA88B9020808B5026890F83430F8
:10E9A00092F808C01944614503DDFE29D8BF1172F1
:10E9B00002DC80F8341008BD0149806805F01CFABB
:10E9C00088B9020802F57F43FF33B3F5003F06D252
:10E9D000DB0343EAC11141F00101FFF71DBF30B570
:10E9E00083B00D460323009269466A4604468DF8BB
:10E9F0000430FFF78FFB29460246204603B0BDE8EE
:10EA00003040FFF781BF00BF10B5D0F800C0D1F88B
:10EA100004E00C78DCF8341051F82E30013223F089
:10EA20007F43122C43EA026302D141F82E3010BD1D
:10EA300090F8342023F4FF4343EAC21341F82E3008
:10EA4000531C9CF80820934204DDFE2BD8BF8CF8A1
:10EA5000083002DC80F8343010BD0249806805F0CF
:10EA6000CBF900BF88B902080B78122B12D0132BF8
:10EA700000D07047036848685A6B52F8203023F082
:10EA80007F434FF0110C43F0007342F8203081F8BF
:10EA900000C0704708230B7003684A685B6B53F82B
:10EAA0002230C3F3C7134B60704700BF10B50B781B
:10EAB000093B84B00C4602460A2B15D8DFE803F068
:10EAC0001C222D680693AA1414161600B4F904101B
:10EAD000A379090641EA034141F00B011046FFF713
:10EAE0009BFE11236060237004B010BD214604B06A
:10EAF000BDE81040FFF7B8BF227962600823237099
:10EB000004B010BD6168090441F00901FFF784FEFB
:10EB100011236060237004B010BD82686368126BBB
:10EB20001268190102EB031352581B7903F03F03DB
:10EB3000142BD9D801A151F823F000BF93EC0008A1
:10EB40008DEC0008E9EA000877EC00086FEC00089B
:10EB5000E9EA0008E9EA0008E9EA0008E9EA000849
:10EB6000E9EA0008E9EA0008E9EA0008E9EA000839
:10EB7000E9EA0008E9EA0008E9EA0008E9EA000829
:10EB800087EC0008E9EA00087FEC00086FEC000859
:10EB9000A379B4F9041001908B42CDE9023150DD24
:10EBA00009F010F8029B019A0399834204DB92F862
:10EBB0003430013B82F8343010460291019209F062
:10EBC00001F80299019A814204DB92F83430013B4A
:10EBD00082F83430B4F90410A379090641EA0341FC
:10EBE00041F00C017AE7A3790193029008F0EAFF63
:10EBF000019B029A834204DB92F83430013B82F895
:10EC00003430B4F90410A379090641EA034141F014
:10EC10000D0163E7A3790193029008F0D3FF019BF4
:10EC2000029A834204DB92F83430013B82F834309C
:10EC3000B4F90410A379090641EA034141F00E0139
:10EC40004CE708F0BFFF03998142DDE9012304DBB3
:10EC500092F83410013982F8341010460293019270
:10EC600008F0B0FF029B019A8342B3DBADE70723B4
:10EC70002370626038E706232370626034E705235F
:10EC80002370626030E7022323702DE70323237093
:10EC90002AE70123237027E770B50C4684B00646A7
:10ECA0001546FFF703FF2378013B102B16D8DFE84A
:10ECB00003F0171D242B31484E5F1515151515153A
:10ECC00015150900336861685A6B52F8213065F3F5
:10ECD000CE1342F8213008236560237004B070BD64
:10ECE000012229463046FFF7C3FDF4E7E90141F070
:10ECF00007013046FFF790FDEDE7E90141F005011E
:10ED00003046FFF789FDE6E7626829463046FFF79F
:10ED1000FBFDE0E794ED010A002102A88DED010A58
:10ED20000BF05AFA9DED010A30B1029B03F57F43C7
:10ED3000FF33B3F5003F25D33046FFF761FA0246B3
:10ED4000E3E7626829463046FFF73CFEC3E76368A5
:10ED500002931B7902AA43F04003114630468DF816
:10ED60000C30FFF7D7F90423024660602370CCE72C
:10ED70006168A942AFD0090441EAC5113046FFF7E6
:10ED80004BFDA8E7DB0343EAC51141F00201304621
:10ED9000FFF742FD9FE700BF2DE9F0430C4685B029
:10EDA00005461646FFF778FF2378102B46D0D4E9A6
:10EDB0000213994209D14FF0FF330822C4E902330C
:10EDC0006660227005B0BDE8F08328460393FFF724
:10EDD000CDFA00283FD02378102B36D14FF0FF39E1
:10EDE0002B696B61F30143F0060128460393FFF79B
:10EDF00013FD039B43F007012B696B61074628460F
:10EE0000FFF70AFD2A696A61FF238046494600929E
:10EE10002846FFF7EFFBE36800972A696A61194605
:10EE2000284633460392FFF7E5FBCDF80080039AAE
:10EE3000A16833462846FFF7DDFBBCE7626804F1B2
:10EE400008012846FFF79CFCB1E709492846FFF76F
:10EE5000E3FC8146C4E703992846FFF787FA039B42
:10EE60000028B8D14FF0FF384FF0FF37D4E700BF8C
:10EE700038FFFF7F70B50B78112B82B00D4604462A
:10EE8000164620D0082B3BD16B680193204608F032
:10EE900099FE019B834204DB94F83430013B84F8F3
:10EEA00034306B68F10341EA034141F4FF4141F022
:10EEB00043012046FFF7B0FC2449204602B0BDE8DC
:10EEC0007040FFF7A9BC01686A684B6B53F82230A9
:10EED00003F07F02332A15D094F83420087A531CAB
:10EEE000834203DDFE2BD8BF0B722ADC84F834305A
:10EEF00029462046FFF7D0FE2B78082BD1D1C3E757
:10EF00000168E9E70269096C013A895611F1800F3D
:10EF100012D08069401AA06194F835000138590A6E
:10EF2000F30301F4FF4183F40043194384F83500EF
:10EF3000226141F04201BCE7416A0139416281200E
:10EF4000EDE70349A06804F057FF00BF38FFFF7FDB
:10EF500088B9020810B582B004460091FFF7A6FDFB
:10EF600000990B78082B13D094F83420206890F87F
:10EF700008C0531C634503DDFE2BD8BF037218DCA9
:10EF8000204684F8343002B0BDE81040FFF704BFDB
:10EF90004B682046CDE9003108F014FE009B94F840
:10EFA000342001998342E1DB013AD2B284F8342063
:10EFB000DCE70249A06804F01FFF00BF88B902081F
:10EFC00030B50C4683B00546FFF770FD2378082B5B
:10EFD0000BD1D4E90212914263680BD02846019309
:10EFE00008F0F0FD019B984207DD21462846FFF717
:10EFF000B1FF6368184603B030BD626821462846F9
:10F00000FFF7CAFE6368F5E72DE9F04182B00E46CE
:10F01000089C2146054617469846FFF723F978B124
:10F020004FF40043616846EAC71242EA084242EAE6
:10F0300001611943284602B0BDE8F041FFF7ECBB7F
:10F04000019021462846FFF7BBFF019BEAE700BF7E
:10F050000B780A2B03D1D1E902239A4201D0FFF7A2
:10F06000AFBF70470A78102A07D010B4D1E9024226
:10F07000944204D010BCFFF7A3BFFFF7A1BF10BCA0
:10F08000FFF714BD70B50B78093B84B00C460646FB
:10F090001546062B0CD8DFE803F0101B0B363E4656
:10F0A0000400B1F904308A7900951221FFF7ACFF12
:10F0B0002B78082B1BD004B070BD2B78082B3AD0CE
:10F0C00022792946304604B0BDE87040FFF764BE9F
:10F0D0002946FFF775FF6368C10141EA03413046E5
:10F0E00041F00A01FFF798FB2B78082BE3D130465B
:10F0F0006C6808F067FD8442DDDB96F83430013B34
:10F1000086F83430D7E7B1F904308A7900951021B8
:10F11000FFF77AFFCCE7B1F904308A7900950F2127
:10F12000FFF772FFC4E7B1F904308A790095112125
:10F13000FFF76AFFBCE76B68039308F043FD039B8E
:10F140008342BDDB96F83430013B86F83430B7E7B4
:10F1500070B50D4684B016460446FFF731FF2A7895
:10F160006B68082A19D094F834206A600821297045
:10F170002068057A911CA94203DDFE29D8BF0172DF
:10F1800026DC84F83410204600961421FFF73CFF5B
:10F190003378082B0FD004B070BD2046039308F0DD
:10F1A00011FD039B94F834208342DEDB013AD2B296
:10F1B00084F83420D9E72046756808F003FD8542BD
:10F1C000E9DB94F83430013B84F8343004B070BD8E
:10F1D0000149A06804F010FE88B9020830B50C4659
:10F1E00083B00546FFF762FC2378072B28D9102B44
:10F1F0002AD12B6862685B6B002A03EB820308DD6F
:10F2000053F8042C154902F07F028A5CD20648BFED
:10F21000043B1A6882F400421A60626804F10C012F
:10F220002846FFF7ADFA2A69A1680092FF236A61B8
:10F230002846FFF7DFF94FF0FF33A36003B030BD7E
:10F24000032B08D8022B06D0002221462846FFF7C0
:10F2500011FE0246E2E74FF0FF32DFE7E0D7020897
:10F2600030B50C4683B00546FFF720FC2378032B0E
:10F270001DD0102B19D0012B19D001222146284670
:10F28000FFF7F8FD024604F108012846FFF778FA77
:10F290002A69E1680092FF236A612846FFF7AAF90C
:10F2A0004FF0FF33E36003B030BD6268EBE74FF02F
:10F2B000FF32E8E730B514461278072A85B00546D4
:10F2C0000B462DD009780A2916D0092952D0596841
:10F2D0009971042A3BD0062A03D1D4E90212914243
:10F2E00059D0214628460193FFF76AFE019B0C2264
:10F2F00098801A7005B030BD042A3DD019462846C2
:10F300000193FFF75DFE019B19780A294BD15A68DA
:10F310009A71B4F9040098800D221A7005B030BDBE
:10F32000626802921279019142F040028DF80C203D
:10F3300002AA1146FEF7EEFE0422019B60602270D5
:10F340001A780A2A18D0092A2AD05A689A71D4E958
:10F3500002129142C5D16068FF28C2DC2A68126B94
:10F3600002EBC0021279442ABBD10F2298801A7096
:10F3700005B030BD1979ABE7D4E902129142BDD195
:10F380006268FF2ABADC2968096B01EBC2021279B4
:10F39000442AB3D1BBE76068FF28A2D80E22A7E7B2
:10F3A0001A799A71D3E722788FE700BF70B50D46BE
:10F3B00082B0114614460646FFF778FB142D12D88A
:10F3C000DFE805F01313131313131313131313139D
:10F3D00038220B0B220B0B3F310001AA6946204655
:10F3E000FEF79AFF48B102B070BDD4E902239A42F9
:10F3F00003D12378053B012BF5D92146304602B0D5
:10F40000BDE87040FFF7DCBDD4E902239A4203D186
:10F410002378053B012BE6D921463046FEF722FF33
:10F420000028E0D1E9E72146304602B0BDE870404F
:10F43000FFF716BF2146304602B0BDE87040FFF727
:10F4400089BD2146304602B0BDE87040FFF7C6BE18
:10F450000A46016810B40B6C0469234413F9013C9B
:10F4600013F1800F0CD08469A4EB030C90F83530B5
:10F47000C0F818C0013B10BC80F83530FEF7F8BD6D
:10F48000446A812304F1FF3CC0F824C010BC80F81A
:10F490003530FEF7EDBD00BFF0B50D4683B0114627
:10F4A000144606461F46FFF701FB022D26D01AD947
:10F4B000032D21D121463046FFF782FD23783135D7
:10F4C000082BEDB2014668D045EA01413046FFF70E
:10F4D000A3F91123606039463046237003B0BDE8BC
:10F4E000F040FFF7B5BF414B224605F10C01304615
:10F4F000FEF7EAFF0028DDD003B0F0BD2278531EEE
:10F50000102B21D8DFE803F0312E312E2E2E2E09BC
:10F5100020202020202020340900082A4DD1304608
:10F52000656808F04FFB854204DB96F83430013BF8
:10F5300086F8343061680904304641F03301FFF742
:10F540006BF9112360602370D4E902133046C4E9DB
:10F550000231FEF743FFA168304603B0BDE8F0403A
:10F56000FEF73CBF03232370EEE702232370EBE793
:10F57000336862685B6B002A03EB820308DD53F893
:10F58000042C1B4902F07F028A5CD20648BF043B70
:10F590001A6882F400421A60D6E763680190304628
:10F5A000009308F00FFB009B019983428CDB96F8D7
:10F5B0003430013B86F8343086E7316896F83420E1
:10F5C000087A531C834203DDFE2BD8BF0B7209DC83
:10F5D00086F8343021463046FFF75EFB2378082B4F
:10F5E000A8D19CE70349B06804F006FC20D50208C6
:10F5F000E0D7020888B902082DE9F04F85B0CDE9BF
:10F600000232DDE90E9305460E46109F9DF84440F8
:10F610009DF848A00193FFF7D3FC029B43EA0961E0
:10F62000804641EA00412846FFF7F6F8039A8346F0
:10F6300031462846FEF70CFF112333703946284621
:10F64000C6F804B0FFF704FF019B44EAC33141EA66
:10F650000A6141EA094141EAC8112846FFF7DCF88E
:10F660003946284605B0BDE8F04FFFF7F1BE00BFB0
:10F67000F0B592F800E087B0BEF1060F9DF8346057
:10F6800002D0002007B0F0BDD2E90254AC42F8D15C
:10F69000D2F804C00CF17F04FF2CF2D8BCF1800F2B
:10F6A000EFD0CCF17F0CCDF800C04FF02F0C074607
:10F6B0000496CDF80CC00C9E02964FF0000CCDF8CD
:10F6C00004C0FFF799FF3B693A6803F18043516B2F
:10F6D000013B012051F8232022F47F0242EA044238
:10F6E00041F82320CEE700BF2DE9F0411C469046AB
:10F6F000D3E902238E1D9A4286B00D460746F6B224
:10F7000007D12378053B012B03D82146FEF7AAFD3C
:10F71000E8B90C9BB3B921463846FFF751FC0D9A66
:10F72000029222462E2405F1220303940024009025
:10F730000496DBB2414638460194FFF75DFF06B000
:10F74000BDE8F08121464046FEF780FCE3E7302229
:10F750000D9904960392626802910C9905F11603C3
:10F76000CDE90021DBB2224641463846FFF744FF8F
:10F77000E5E700BF2DE9F0478AB00C461946DDF8F1
:10F7800048801D4607461646FFF790F90B2C4CD9CA
:10F79000142C47D8DFE814F08C0054008C00600073
:10F7A0006000600060006D006D006D00F2002101DE
:10F7B000CF00A3001A001A00A3001500150038019D
:10F7C000160129463046FEF741FC033C002309AAF6
:10F7D00008A928460993FEF79FFD002800F01F8125
:10F7E00031463846FFF7ECFB3034089B8046E4B2E4
:10F7F00031462A4638460693FEF72AFE069B190430
:10F80000099B41EA0361214341EAC81141F40041E7
:10F810003846FFF701F8BE493846FEF7FDFF1023D2
:10F82000706033700AB0BDE8F0872B46324621463F
:10F830003846FEF749FE0028AAD00AB0BDE8F08796
:10F8400007230193CDF8008015232A463146384618
:10F85000FFF70EFF0028E5D1CDF8048000230093C8
:10F8600032462B4621463846FFF73EFF0AB0BDE838
:10F87000F0873378062B00F080812B78062B00F080
:10F880004B8129463846FFF79BFB2A4604F12203A9
:10F89000A51D2E24EDB2039400240090CDF808801D
:10F8A0003146384604950194DBB2FFF7A5FEB9E76F
:10F8B000D6E902239A4240F0C1803378053B012B00
:10F8C00000F2BC8029463046FEF7C0FB01231CB97C
:10F8D0002A78062A00F03A81CDF80480BFE7002399
:10F8E00009933378082B40F0CA8031463846FFF739
:10F8F00067FB09AA804608A92846FEF70DFD0028E7
:10F9000000F0FB80DDF820904FF03D0A31462A469A
:10F910003846FEF79DFDA4F10D01B1FA81F1099B76
:10F920004909C90341EA036141EAC81141EA0A01F0
:10F9300041EA09416CE729463846FFF70BFBD7E956
:10F9400004439C4240F389803B6804F18044596B36
:10F95000013C51F8243003F07F02352A7DD128780C
:10F960000828C3F3074200F020817068013260F379
:10F97000CE1362F3174341F8243053E73378062B54
:10F9800000F082801024CDE9008420232A463146ED
:10F990003846FFF76DFE00287FF444AF06902946F5
:10F9A0003846FFF70DFB069B04942E24CDE9000397
:10F9B000CDF808802C232A46314638460394FFF7B9
:10F9C0001BFE2FE7B26805F108013846FEF7D8FEA6
:10F9D00095E80F0086E80F0024E72B78062B74D0FB
:10F9E00029463846FFF7ECFA2E240023314611262B
:10F9F000CDE90003CDE90346CDF808802D232A4642
:10FA00003846FFF7F9FD0DE7F26805F10C013846BD
:10FA1000FEF7B6FE95E80F0086E80F0002E709AA98
:10FA200008A93046FEF778FC50B129463846FFF762
:10FA3000C7FA3234089B8046E4B2D9E6002346E791
:10FA400031463846FFF7BCFA294680463846FFF76C
:10FA5000B7FA2C340346E4B2CAE62E4B7168384636
:10FA600043EAC111FEF7D8FE2B78082B00F0B180D5
:10FA7000414638460AB0BDE8F047FFF7E9BC2946E1
:10FA80003046FEF7E3FA30E7D6E902239A427FF4E4
:10FA900079AF73687F33FF2B3FF674AF294630464A
:10FAA000FEF7D4FA2F234FF0100CCDE9033C6B681E
:10FAB000CDF8088001227F33019200932A4621234A
:10FAC00031463846FFF798FDACE6D5E902239A4265
:10FAD00086D16B687F33FF2B82D80022CDE90032BC
:10FAE0002F242A461125CDE90345CDF8088020238F
:10FAF00031463846FFF780FD94E629463846FEF742
:10FB0000B1FB002845D06B684FF03C0A9946FDE6F2
:10FB100038FFFF7F3500020029463846FEF7A2FB7A
:10FB200000283FF4AEAE0020CDE901082A466B68FC
:10FB30000093A51D04F11603EDB23024314638467A
:10FB400004950394DBB2FFF757FD6BE6D5E902019C
:10FB500088427FF4C1AE69687F31FF293FF6BCAEB1
:10FB60002F24CDE901380492009115232A4631460D
:10FB700038460394FFF740FD54E629463046FEF729
:10FB800065FA2B78062B31D029463046FEF75EFA0F
:10FB900077E629463846FFF713FA29463846FFF735
:10FBA0000FFA4FF0390A8146B0E63846CDE9062112
:10FBB0006D6808F007F88542A8BF97F83430DDE992
:10FBC0000621A4BF03F1FF3387F8343051F8243005
:10FBD000CBE638466C6807F0F5FF8442FFF648AF85
:10FBE00097F83430013B87F8343041E729463846EE
:10FBF000FEF738FB0028C7D096E700BF30B50446B3
:10FC000085B024680898646B0D4604EB8101F8B94F
:10FC1000D3F1000C5FFA8CFC40EAC210DAB258BF94
:10FC2000CCF10002FF2B40EA0260D4BF0022012287
:10FC3000002BB8BFFF331B1240EAC230DB0140F09B
:10FC4000130043F0520344F825004B6005B030BD6B
:10FC5000CDE90232019105F075F90130DDE90113BA
:10FC6000039A0004D4E700BF30B50C46591C4FEA94
:10FC7000026114BF1B04002341EAC411FF2A83B0B0
:10FC8000054641EA030108DC41F04E01FEF7C4FDE0
:10FC9000013485F8344003B030BD41F4004141F0F7
:10FCA0004E010192FEF7B8FD019A1212D10141F006
:10FCB00052012846FEF7B0FD013485F8344003B008
:10FCC00030BD00BFF8B50769002F30DD0468D4F8F7
:10FCD00034C00021ACF1040E6FF07F455EF8043FA4
:10FCE00003F07F06462E0A4601F1010120D8442E7A
:10FCF0002DD8382E19D164270AE0DB0903F17F43A0
:10FD00000233013F1A4405D05CF8223003F07F062D
:10FD1000382EF2D0521A2A44B2F1007F29D2D201F1
:10FD200042F03802CEF8002007698F42D6DCF8BDD9
:10FD3000473E012EF9D890F8362012B9E279002A10
:10FD4000F3D023F07F0343F04603CEF8003090F861
:10FD500036302BB1DEF8003043F40043CEF80030EB
:10FD6000E379002BE0D0A37901338EF803300769E3
:10FD7000DBE70249806804F03FF800BF6CB9020875
:10FD80002DE9F04F85B00C68644E0193824615460C
:10FD90008846691C2246504602F040F8019B014605
:10FDA0001860002840F0B880DAF8347057F8243032
:10FDB00003F07F03F3568342B8BF04F1FF34002CF5
:10FDC00040F39C80CDE9021700223B1F4FF0FF302B
:10FDD000914653F8041F01F07F07452F09F1010CEC
:10FDE0004FEAD11EC1F3C71B36D8432F3ED8082F88
:10FDF00045D0382F3DD10EF17F4E0EF1010EE64475
:10FE0000A64502DC7245B8BF7246644501D0E146A2
:10FE1000DFE7431CDDE90217C8F8000018D057F8E7
:10FE2000202002F07F03092B12D8DFE803F05511E0
:10FE30001141301111111105DAF83C30C2F30742BB
:10FE400053F83230002B56D01033019A34491360E6
:10FE5000084605B0BDE8F08F4C2F0AD10BF1010B1D
:10FE60005D45D2DD4A4551DC4846CEE75D45CCDBF9
:10FE7000F8E7F15D0907C8D55D45C6D1F2E75D45F4
:10FE8000C3DBC1F3074159448D42EBDDBDE707EB0E
:10FE90008003DAF830005B68DB0900EBC3021279FB
:10FEA00002F00F02042A1FD150F8333010330CE057
:10FEB000DAF83000D20B00EBC2031B7903F00F031A
:10FEC000042B11D150F8323010331649019A0846EC
:10FED000136005B0BDE8F08FC2F30745C2F3C71247
:10FEE000AA42B5DD044654E70F4B019A0846136059
:10FEF00005B0BDE8F08F0C4BA7E702994FF0FF3338
:10FF00000846C8F8003005B0BDE8F08F6445F4D06D
:10FF10004FF0FF30E1465CE7044999E7E0D702087B
:10FF200034D60208B8B9020840B902083CD6020823
:10FF3000F0B585B00446019101A91D46FFF720FFE9
:10FF400008B105B0F0BD019A511C1746F9D0636B9A
:10FF500053F822301E4603F07F030B3B092BF0D8E9
:10FF600001A252F823F000BF23000108D9FF0008C6
:10FF7000CFFF0008B5FF000843FF000843FF00085B
:10FF800043FF000843FF000843FF000891FF0008FB
:10FF900033044FEA166262D5216B01EBC2031B7971
:10FFA00003F00F03042B64D151F8323010332B606F
:10FFB0003148C6E7226B310E02EBC1031B7903F017
:10FFC0000F03042B13D152F83130103310E02B4BB8
:10FFD0002B602B4805B0F0BD2B46320E03A92046FE
:10FFE0000397FFF7CDFE10B10378632B01D0254BAB
:10FFF0002B6003ABC6F3074202A920460297FFF726
:020000040801F1
:10000000BFFE214B984202D0204B9842E1D1039889
:100010000028DED01E49F0F733FB0028D9D11D4857
:100020008FE7226B310E02EBC1031B7903F00F0344
:10003000042B08BF52F83130E26B18BF114BC6F3E6
:10004000074108BF103352F831002B600028C0D0A0
:100050000F491030F0F714FB0028E0D0B9E72B4629
:10006000204603A90397FFF78BFE10B10378632B9B
:100070009ED0044B2B609BE7F8B90208DCB902085C
:10008000CCB9020840B902083CD6020834D60208AE
:10009000D4B90208C4B90208B1F822C01CF0080F94
:1000A00037D110B51CF0800E2FD11CF0020C34D1CA
:1000B000D1F800E00B69DEF80010D1F80CE053F83D
:1000C000041CDEF834401C1B01F07F03362B26D8BD
:1000D0000A2B65D90B3B2B2B1FD8DFE803F03838F0
:1000E00038383C3C3C3C1E381E1E1E1E1E1E1E1E6A
:1000F0001E1E1E1E1E1E1E1E1E1E1E1E1E1E1E1E20
:100100001E3E3E3E40441E424648264B1360264853
:1001100010BD264B264813607047002010BD412BB0
:1001200027D8382B3CD9393B0121994011F4A27FC3
:100130000FD111F0A20F31D111F00101EDD0052145
:100140000369263153F8213012331360DFE70021B1
:10015000F6E71521F4E70121F2E7090EF0E7122195
:10016000EEE70421ECE71321EAE71621E8E718217E
:10017000E6E7462BFBD00CD8443B012B10D8A0104F
:100180001346C1F3C712411E7046BDE81040FFF789
:10019000CFBE4C2B04D10748106010BD1421CFE70F
:1001A000604610BD10BA0208F4B9020840B902084E
:1001B000ECB9020800BA020870B5446982B00023A5
:1001C0000193638C13F0020302D0234802B070BD88
:1001D0002268D2F800C09CF806E005461646BEF13B
:1001E000000F19D00CF10C0202E001339E4513D030
:1001F00052F8040F80688142F7D1DCF80C20D26BF2
:1002000052F8333033B31033144A1549284602B03C
:10021000BDE8704005F0C2B9606806F1080383428A
:10022000D3D2002203E0834202F10102CDD29942EF
:1002300003F10803F7D1DCF80C002369416B5B1A6A
:100240009910013901ABFFF773FE02460028BCD0BC
:10025000019BDAE7034BD7E7E8B2020834D602087D
:1002600018BA020840B9020830B5D0F840E0BEF133
:10027000000F28D0426A03461AB1406C0468A142BC
:100280000FDA986A00224FF0FF338B4208DA72448B
:1002900012F901CBA2EB0E03013B8B426044F7DB6A
:1002A00030BDCB09013B03E050F83350A94203DBDA
:1002B0001C4601339A42F7DC50F8343000EBC4029C
:1002C00050685A1CE1E74FF0FF3030BD844601B161
:1002D0003AB90022CCF85820CCE91A33CCF8702077
:1002E00070474069CCF85810D2B2CCE91A33CCF838
:1002F000702038B10122438C9B0758BF426180684F
:100300000028F8D1704700BF002909DB436900F1DC
:10031000340003D106E001399B6803D08342FAD14F
:10032000002070478342FBD093660120704700BFD6
:1003300070B50C46064608681146628C92071D4649
:1003400082B000F108031BD402680029D2F80CC067
:100350002CDBDCF8340022690193121A9210013A66
:100360006046009101F05AFDDDE9001340B12DB166
:1003700001F10051013903EBC1032B6002B070BDE4
:100380007269A24210D0E2681268D21AB1EBE20F91
:1003900007DC002905DD628C920754BF0C480D482C
:1003A000E5E7002002B070BDF268EEE79CF8073088
:1003B000002BF6D0A26953429942F2DB6FF0604302
:1003C0005B1A9B1A00EBC3032B600348D6E700BF00
:1003D00034BA020824BA020840BA02082DE9F04FE4
:1003E0000B783E2B85B00F468146154600F0DA802B
:1003F000966ED6F800A09AF8042002F0DF02462A92
:100400000CBFDAF800B04FF0000B002B00F0E280D8
:1004100005F12C023C464FF0010801924C3B292B80
:1004200016D8DFE803F01715151515151564151501
:10043000151515151515151515151515151515156C
:100440001715151515158A15791515154D154454DB
:100450004FF0000814F8013F002BDFD16621384629
:1004600017F0B0F950B1D9F80C30DAF800201A6062
:100470009AF804201A710833C9F80C304C21384618
:1004800017F0A0F978B1BBF1000F04D09BF804304D
:10049000062B00F0A280D9F80C30002103F10802ED
:1004A0001971C9F80C20404605B0BDE8F08F002E48
:1004B00000F08180738C03F0200385F82730C9E7B2
:1004C00016B1738CDB0540D40023AB62C2E7BBF1ED
:1004D000000F72D09BF8063085F824309BF804306A
:1004E000062B37D04FF48073A5F82530B2E7BBF167
:1004F000000F03D09BF80430062B36D058495948DA
:10050000296104224FF0FF336A61EB61E8602B62DE
:10051000019805F051F89DE756B1738C9A0607D4FF
:10052000B1682A1D4846FFF7B7FDA860002891D1A1
:100530004D4BAB6000236B608CE716B1738C990751
:1005400025D54FF0FF30A86184E7B38B2B85F38B63
:100550006B857FE7DBF80C30DB7985F82630DBF83C
:100560000C309B7985F8253074E7DBF80C30D86CBB
:1005700050B300F110012961C279FF2A00D1C2688D
:100580006A61986AE861DB6A10BB3848BEE7336885
:100590001B68D8683369426B9B1A99100139FFF7C1
:1005A00063FED0E7C368A3F1080AC0F80CA04B783B
:1005B000013700261FE733467FE74FF4807385F845
:1005C00024B0A5F8253045E7294929610222D7E75B
:1005D00028489BE74FF0010840E7DBF80C604846ED
:1005E000B56A08F0E3F9D9F80C3045221A71376C76
:1005F000186008338246C9F80C30002F3FF453AF1F
:10060000F47911238DF80C30D4B9B369A3420DDC11
:1006100049E71D4402AB2A465146484608F04EFDC4
:10062000B36901349C42BFF63EAF376C3B5713F1C0
:10063000800FEED121463046FFF716FE0546E9E76A
:1006400097F9003013F1800F02D01D440124DCE73C
:1006500000213046FFF708FE01240546D5E700BF1C
:1006600060BA02085CBA0208E8B2020850BA02088E
:100670004CBA020858BA020830B5044695B00D4687
:10068000AAB1D0790393FF2802F1100114BF0246EA
:10069000D26805A8029004F08FFFDDE9020302464C
:1006A00005490095204604F079FF15B030BD3F2282
:1006B000ADF8142005A8F2E768BA020800B5D0F832
:1006C0005CC083B00346BCF1000F03D10221184681
:1006D00000F000FAC168D0F81CE051F8085C0D6029
:1006E00011F8045C0D715EF80C5041F8085C0EEBDB
:1006F0000C04012294F804C001F804CC01F1080CA8
:10070000C0F80CC00839019000F0D6FE019BDDE76F
:100710000EB4D0E9043500B5DB68002B82B0044686
:1007200001DD02F02FFF04AA03990192204604F094
:10073000C7FD6B8C9B07064602D52046FFF7BEFF20
:100740002B6829691B68D868436BC56CC91A891066
:100750000139FFF789FD2A46034631462046FFF757
:100760008BFFE36853F8080C13F8041C43F8100CD3
:10077000A3F1080203F80C1CE260DEE780B582B04A
:10078000044615460F46FFF717FD39460646204634
:1007900008F0ACFD0349009603462A462046FFF7C1
:1007A000B7FF00BF74BA020808B50B7903F00F0356
:1007B000033B012B98BF1146014AFFF7DFFF00BF43
:1007C00090BA020808B591F804C00CF00F0CBCF107
:1007D000030F08BF11461A46FFF7D0FF08B50446BD
:1007E000154608F083FD034903462A462046FFF7D5
:1007F0008FFF00BF9CBA020800B50D4683B00446C7
:10080000164601A90022284609F01EFD00280CBF4B
:10081000294631462046FFF7CFFC024902462046D2
:10082000FFF776FFC4BA020808B51646044608F07A
:100830005DFD31460546204608F058FD0646014656
:100840002846EFF71DFF20B905492A462046FFF745
:100850005FFF044933462A462046FFF759FF00BF91
:10086000ECBA020810BB020800B585B00E460023A2
:100870004169039303AA0446FFF70EFC88B10246C0
:10088000039B0B49204604F089FE0546314620466D
:1008900008F02CFD074A0849009503462046FFF75B
:1008A00037FF31462046FFF787FC0546EEE700BFDD
:1008B00018BA020830BB020874BA0208416910B5C0
:1008C0000B680C691B68DB6801224A615A6B944211
:1008D00001D0012010BDDB792BB94B8C5B06F8D41D
:1008E00000F076FBF5E7002010BD00BF2DE9F043D6
:1008F000036F4569044613F00C0083B065D02A6885
:100900001268D2681807174601F1040216462A61D8
:100910004BD45A0745D56A8C50064FF0000850D486
:100920000A68474802F07F01415C890651D46A6831
:10093000E26003F00409B8F1000F52D1B9F1000FE1
:100940004BD07B6B616E7A69F31A9B105E1E9142ED
:10095000A8BF0021B142B14654DA3A6CE2B1701A34
:100960003F280DDC02F1FF3C9C4400208B1802E084
:100970006345104444D013F9012F12F1800FF7D1D1
:100980003846FFF771FC3E46494607463046FFF7BA
:100990006BFC874202463AD1A379C4F86490012BDC
:1009A00040D0012003B0BDE8F083E26E013AE26678
:1009B000002AAED1A26EE2666A8C50064FF00108A2
:1009C000AED522F040026A84EBE7686103B0BDE86F
:1009D000F08312F47F0FACD0A9E7A379012BE0D10B
:1009E00025E0002300934FF0FF320321204600F062
:1009F00057FAB9F1000FA4D1A379012BD1D114E09A
:100A00000028C9D038464946FFF72EFC024600238D
:100A100000930221204600F043FAA379C4F86490C1
:100A2000012BBED1B8F1000F01D00123E3666B8C1E
:100A300043F0400301216B84204600F04BF800BFD7
:100A4000E0D70208D0E90832D0F81CC0C16862447F
:100A50006144C16042622BB19A6862449A60DB686B
:100A6000002BF9D143698BB100B54FF0010ED3E9EA
:100A70000021588C62446144C3E90021820758BFB9
:100A8000C3F814E09B68002BF1D100BD704700BF94
:100A9000D1E90012002301F00DB900BFB1B1042962
:100AA0000AD10369D3F8943013601B7943F04003F3
:100AB00013710832C2607047C36853F8081C116094
:100AC00013F8043C13710832C26070471171083288
:100AD000C260704700B5026B83B032B1C2F8A81093
:100AE00002F108000121EFF7C1FD026901920446FD
:100AF00007F026FB019AA071D2F89030196B71B102
:100B0000DA68014602F10800D860E468184654F833
:100B1000083C136014F8043C1371FFF7DBFFD2F8B4
:100B20008C300BB12046984714F0D8FB70B50546C1
:100B3000086803685A1E84B00C46026093B3436889
:100B40005A1C42601B78666B1B2B19D036B174217E
:100B50003046039316F036FE039B38B301932246CA
:100B6000A36B52F8041B0093284604F1100307F00E
:100B70003BF80146284604B0BDE8704000F0CABF0B
:100B800026B16221304616F01DFEC8B12168A26B65
:100B9000284609F087F80146284604B0BDE87040B1
:100BA00000F0B8BF0CF030FD0346CCE7054A06491B
:100BB0003346284604F0F2FC03212846FFF78AFF5B
:100BC000024AF4E76CBB020840BB020838BB0208CB
:100BD00030B5B1B00446009004A8256B2063206EA8
:100BE0000495CDE90101002306A803922E93EFF7A7
:100BF00035FD18B903990098029B9847009A049B09
:100C000013632E981346019A1A6631B030BD00BFA7
:100C1000044608B50749172207F0AAFCE3681860E4
:100C2000027942F040021A7108330521E360204640
:100C3000FFF750FF74BB02082DE9F0430E46D0E9E0
:100C400006410546C368D5F810C0581A6B6A9CF86F
:100C50003B7091465A1A2B6A83B0641AE8606A6244
:100C60002BB19A68521A9A60DB68002BF9D16B6934
:100C700043B1D3E90020401A521AC3E900209B680F
:100C8000002BF6D106F1050801234FEAC8088CF8BD
:100C90003B3004F128024346284603F07FFF2B69CE
:100CA00083F83B70D0B1E86101902846FFF7CAFE97
:100CB000EB690199A8F128084344B6EBE40FAB6156
:100CC00008DD0A1901EB0800002382F82C300832F5
:100CD0008242FAD1012003B0BDE8F0832846FFF735
:100CE000B1FE4846B9F1000FF5D004212846FFF7C0
:100CF000F1FE00BFD0E9063C70B5DFF86CE0A3EB75
:100D00000C037345164622DCDFF860E071450446AB
:100D100014DCC568A5EB0C0C01EBEC01DB10DFF873
:100D200050C05B006345A8BF63469942B8BF1946EF
:100D3000614503DCBDE87040FFF77EBF08493246DD
:100D40002046FFF779FF334636B9184670BD134683
:100D5000002AFAD0FFF75CFF02492046FFF7D8FCD3
:100D600008430F008CBB020800127A003F420F00BC
:100D700040420F0030B58369C2689B1A082B83B0CC
:100D8000044623DD17222046019108F091FA0279EA
:100D9000019912F00F0F2AD0D4F80CC061450AD285
:100DA000634613F8042C53F8085C1D601A71083B65
:100DB0009942F6D30279D0F800E00CF10803084616
:100DC000E360C1F800E00A7103B030BD0269C36995
:100DD000D268002AA1EB030501DD02F0D3FB01225A
:100DE00011462046FFF786FFE1692944CAE72046FD
:100DF000FFF73AFD4369C26810B5044633B1D3E941
:100E000001138A4238BF0A46002BF8D1E06916491F
:100E1000121AD3100133142BB8BF14238A4211DCE9
:100E2000A26903EB430C121ABCEBE20F4FEA430139
:100E300003DA00222046FFF7FFFE2046BDE81040FF
:100E400007F02EB909498A42F7DCA169091A084856
:100E50008142F2DD07498A42CCBF0749590000228E
:100E60002046FFF7E9FEE8E7A0B02800F8117A0075
:100E700000127A00F8083D0040420F00C368826902
:100E8000D21A082A10B5044602DD0833E36010BD0B
:100E900001221146FFF72EFFE3680833E36010BD1F
:100EA0002DE9F043856D9FB0002D39D00446C079FF
:100EB000002835D09C46636903915868E16909921E
:100EC000E2681D93471A561A269961BB4FF6F779C7
:100ED0004FF00808588C810704D459688A423CBFF7
:100EE000E1600A46A169891AA02924DD59680193A5
:100EF000A032914238BF5A60002148EA0002E171F5
:100F000020465A8403A9A8470122E271E269019BA5
:100F1000D1195960598C3244E26009EA01025A84BD
:100F20001FB0BDE8F083A3F81CC0D9834FF6F76962
:100F30004FF48478CEE70122142120460193FFF775
:100F4000D9FE019BE268588CD0E700BF30B5036F33
:100F50009D0785B00C4619D5D1F800C0498CC368EF
:100F60008907A3EBC20320D50025A3EB0C03009255
:100F7000C3F3CF03C4F800C04FF0FF320121039048
:100F8000FFF78EFF236803982B442360A3685A8CD5
:100F9000920708D41A681B691268D268526B9B1AB0
:100FA0009B10013B436605B030BDDCF80010D1F862
:100FB0000CE09EF8071049B1A5699EF80610294477
:100FC00001310CEBC10CC9004D42CEE70D46CCE718
:100FD00010B5026F0024D30782B0446601D402B07A
:100FE00010BD0A680B6912680C46D268498C04333C
:100FF000236193790093C91001234FF0FF3201F070
:101000000401FFF74DFF2369043B236102B010BDCB
:10101000F0B5036FB1F9204083B005460E46174680
:1010200013B3631C51DA0A686B6911465A8CDF618D
:1010300042F400725A84284601234FF0FF3200F038
:1010400039FE69694B8C0246286F23F400734B8488
:1010500000285DD1A31C0DD06FF002031C1BA7421A
:101060003946A8BF214607E00A684CB3012C3ED0A0
:10107000611C58D139463C46002944DDEB68C7EB7A
:10108000477703EBC70C0CF10407002302F1040EB1
:101090005CF8330042F8330017F833000EF83300E1
:1010A00001338B42F4D18C422FDD02EBC103E0000F
:1010B000002102EBC404197108339C42FBD10244A5
:1010C000B3686B61EA6003B0F0BDFFF73FFF3268C1
:1010D000002CF5D0012C0AD0601CCBD0BC4221469C
:1010E000A8BF39460029D8BF0021C7DCDDE747B1DA
:1010F000EB68A3EBC703196811601B791371083201
:10110000DEE71771FBE70021CDE7E0000244D7E7F7
:10111000EB692846D31A3A460193FFF717FFEA69AD
:10112000019B1A4496E7D9DA7EE700BF2DE9F04724
:101130000D46114684B00A7902F03F02162A044691
:101140005FD0262A73D0062A4ED10A68E068D66896
:10115000A269377A121A0C98B8463F1AB7EBE20F19
:10116000B146B67980F29D802A680C98002BA2EBDC
:10117000C00EC5F800E040F391804FF0000C0F1D49
:101180000EF1040051F83C204EF83C2017F83C20AA
:1011900000F83C200CF1010C6345F3D1B3420EDCA6
:1011A0001A46002100F8321001329642FADAA6EB14
:1011B000030CB342C8BF4FF0000C01339C4408F14C
:1011C00001020EEBC202D9F834306A606A8C2B61DE
:1011D0004FF0FF360EEBCC0342F0200230466A841B
:1011E000E36004B0BDE8F08720460393FFF7C2FD3B
:1011F0000146039B0A7902F03F02162A03F101031C
:101200009FD1E668A2690F68921BA02A16DC2269AA
:10121000E369D268002AA1EB03053BDC142101221B
:101220002046FFF767FDE169E668294406E0E668C5
:10123000A2690868921BA02AC768E8DD6269D568C0
:10124000A0369DB1C5E90016214B2B62236F656165
:10125000DB0712D42046B8472946064602462046F8
:10126000FFF7D6FE304604B0BDE8F0872046039174
:1012700006F006FF03990546E4E7E3685B1ADB1016
:10128000013B00934FF0FF32012300212046FFF77E
:1012900007FEDFE7204602F075F9BFE70EF1040014
:1012A0007EE72269D068E2690028A1EB020A04DD2A
:1012B0002046039302F066F9039B0393394601220B
:1012C0002046FFF717FDE169039B51444CE700BF3F
:1012D000FFFF02002DE9F0470B7903F03F03162BC7
:1012E00084B00446174649D0262B5DD0062B3CD14E
:1012F0000A68E068D368A2691D7A9E79121AB5EB74
:10130000E20FA0EB0100B04681464FEAE00680F212
:101310008D806269D068013501EBC505002879D060
:101320005A6B016046454FF00001078445604184D7
:101330006061026116DCE56805F1100202EBC8028B
:1013400005F1080CA2EB0902634603F8041C0833FC
:101350009A42FAD1A8EB060305EBC3050CEBC303D5
:10136000E360297104B0BDE8F0872046FFF702FD75
:1013700001460B7903F03F03162BB5D1E368A26950
:101380000868D21AA02A064616DCE369CD1A23693A
:10139000DB68002B46DC142101222046FFF7AAFC63
:1013A000E169E368294407E0E368A2690868D21AA2
:1013B000C068A02A0646E8DD6269D568A0339DB101
:1013C0006B60236F2F840222DB0729606A846561CA
:1013D00013D42046B047294602462046FFF718FEA0
:1013E000002004B0BDE8F0872046CDE9023106F0C8
:1013F00047FEDDE902310546E2E7E3685B1ADB10F0
:10140000013B00934FF0FF32012300212046FFF7FC
:1014100047FDDEE72046CDE9023106F031FEDDE989
:1014200002317DE7204602F0ADF8B4E72269E069B9
:10143000D268002AA1EB000A04DD2046029302F0E4
:10144000A1F8029B0293294601222046FFF752FC95
:10145000E169029B51445CE730B5036E013383B010
:1014600003669BB2C72B044615460FD82A46204672
:10147000FFF730FF28B1042343840146204609F0DA
:1014800085FC236E013B236603B030BD8369C268CF
:101490009B1A002B05DD2046019106F019FE0199EB
:1014A000E4E7C3690122CB1A00210193FFF722FC74
:1014B000E269019BD118EEE730B5036E03F1011329
:1014C00083B003669BB2C72B0446154610D82A4644
:1014D0002046FFF7FFFE28B104234384014620463F
:1014E00009F054FC236EA3F10113236603B030BD51
:1014F0008369C2689B1A002B05DD2046019106F026
:10150000E7FD0199E3E7C3690122CB1A00210193AA
:10151000FFF7F0FBE269019BD118EEE7F0B54369F4
:101520001E46C379044683B01F460D461046E36944
:1015300001902B44064900936A462046FFF748FB7A
:1015400010B9019803B0F0BD6661E771EFE700BF25
:10155000910A01082DE9F04184B01E460A9BC56D31
:10156000C36543691F46C37904469846FFF730FBBD
:10157000034620B91846E56504B0BDE8F081E2698C
:10158000184967613244029284F8078002AA204613
:101590000393FFF71DFB03460028F0D1E169039B8D
:1015A0008A19EBB1042B13D12069D0F8940088512B
:1015B000017941F04001117108322046E260019347
:1015C000FFF718FC019BE565184604B0BDE8F08103
:1015D000E06850F8087C8F5110F8041C1171EBE79B
:1015E0001371E9E7910A010870B592B0CDE90F32A5
:1015F0000291016EC268C36901F580310166C16D57
:1016000000910025D31A1749069502AA0446CDE990
:101610000855CDE90B550E9503950595FFF79AFFF3
:101620002B46059A03990646204603F00BFB089AC1
:101630000699039012012046059503F0A1FA0B9A32
:1016400009992046120103F09BFA0E9A0C99204644
:10165000120103F095FA236E3046A3F5803323661A
:1016600012B070BD2D0B010830B583B00DF105032C
:10167000002201F07F0CC90903F801CD02F101023B
:10168000F7D19DF80430016963F07F038DF80430D1
:1016900041B902AB991A044683680339D0E90005C1
:1016A000A847206103B030BDC1B130B5CA79FF2A67
:1016B00008BFCA6883B004460D46511C0192FFF76B
:1016C000D3FF236943B9019A32B105F11001A36830
:1016D000D4E90005A847206103B030BDFFF7C4BFBF
:1016E0002DE9F04FC36885B004460D462BB9C96C8F
:1016F000914202D0FFF7D8FF03E000212046FFF718
:10170000B3FFA96A2046FFF7AFFFE96A2046FFF75B
:10171000ABFF2369AA798DF80C20E3B9D4E9016302
:101720002068012203A9B0472061EB798DF80C30C5
:1017300088B9D4E901632068012203A9B047206178
:101740002B7A8DF80C3030B9D4E90163206803A9F5
:101750000122B047206169692046FFF785FF2369B0
:101760001BB96A69920040F02681D5F810B0204676
:101770005946FFF779FFBBF1000F35DD0027AA4678
:10178000DAF830202369019202EBC70803A998F820
:10179000046006F03F0601224FEAC7098DF80C608D
:1017A00023B9D4E90005A368A8472061033E112EA0
:1017B00016D8DFE806F092871515151515151515BD
:1017C00015151515151509872369D8F8000003901C
:1017D000042203A923B9D4E901532068A847206152
:1017E0000137BB45CCD15546EF6820463946FFF757
:1017F0003BFF002F2FDD0026B846EB6B206903EB83
:10180000C60301221B798DF80C3003A900BBA36825
:10181000D4E90007B847EB6B206103EBC603012254
:101820005B798DF80C3003A990B9A368D4E900075F
:10183000B847EB6B206103EBC60301229B798DF85F
:101840000C3003A920B9D4E90007A368B847206188
:101850000136B045D1D1EF6920463946FFF704FF84
:10186000002FC8BF002609DDAB6BEA6C53F82610C9
:1018700020460136FFF734FFB742F5D1E368002B6D
:101880003AD1AE6920463146FFF7EEFE2369002BC0
:1018900000F08680E668002E35D000212046FFF754
:1018A000E3FEE668002E59D000212046FFF7DCFE5B
:1018B000E668002E3FD00021204605B0BDE8F04F7D
:1018C000FFF7D2BE019B204653F809100137FFF7FE
:1018D000EBFEBB457FF454AF85E70198236950F8D0
:1018E00009000390042203A9002B3FF474AF0137D1
:1018F000BB457FF445AF76E700212046FFF7B4FEF5
:10190000E668002EC9D16F6A20463946FFF7ACFE63
:10191000B742C6DD6B6C204653F83610FFF7A4FEC5
:101920006B6C03EBC603204659680136FFF79CFE3B
:10193000B742EFD1B5E7EF6820463946FFF794FE8E
:10194000B74208DDEB6B204653F836100136FFF73F
:10195000ABFEB742F6D105B0BDE8F08FD5F82080D8
:1019600020464146FFF780FEB045A1DD06EB460765
:10197000AB6C204653F82710FFF796FEAB6C03EBD9
:10198000870320465968FFF76FFEAB6C03EB8703B4
:10199000204699680136FFF767FEB045E6D187E734
:1019A000296C002E3FF476AF6768A3682068324642
:1019B000B84720616EE7D4E90163696B2068B047DE
:1019C0002061D2E670B588B00D460C99029014469D
:1019D0000022CDE9043106923A4903940422A0473B
:1019E000542306908DF80430002862D10446049BED
:1019F0000298039E012201A9B0478DF80440069089
:101A0000002856D1DDE903430298012201A9A0472D
:101A1000069000284DD1DDE903432B4902980622A8
:101A2000A047042406908DF80440002841D1049B6F
:101A30000298039E01220DEB0401B0478DF804408B
:101A40000690002835D1049B0298039E01220DEBDD
:101A50000401B0478DF804400690002829D1049B6A
:101A60000298039E01220DEB0401B04745F2786312
:101A700006900193E8B9049B0298039E22460DEB61
:101A80000401B047114B0690019390B9049B029852
:101A900022460DEB0401039CA047EB6806908DF8ED
:101AA000043030B9DDE903430298012201A9A047BF
:101AB000069002A800222946FFF712FE069808B0F9
:101AC00070BD00BF9CBB0208A4BB02080040B94324
:101AD0008A1C10B5D2000C46262101F077FC8471D7
:101AE00010BD00BF10B50A1D82B00C469200062141
:101AF000019201F06BFC00210346C160847134B196
:101B0000019A0193103A103015F054FE019B1846CB
:101B100002B010BD8B7953B32DE9F0410024074684
:101B20000D4601F10C06A04603E0AB790134A34257
:101B30001BDD14220921384601F048FC00F10C039A
:101B4000836080F8108046F8040F6B799B06ECD513
:101B5000437913F0180FE8D002462946384601F0C1
:101B6000BBFBAB790134A342E3DCBDE8F0817047F5
:101B700030B50546006A83B005F1200428B907E0B6
:101B800000F10C0417D0C06810B183688B42F7D203
:101B9000019114220921284601F018FC2268019BBA
:101BA000C2608360046112B100F10C031361EB6A3F
:101BB00020609D4201D003B030BD2B69D3F888204E
:101BC000EA62C3F8885003B030BD00BF38B50B7966
:101BD000012B01D01B0700D138BD18220C46054649
:101BE00007F066FB037913F00F0318D06B6A1448F3
:101BF000E21A82420FD94FF0000C194603F5FF2379
:101C000003F5FF63E21A8242A3F806C0F5D801F596
:101C1000FE21A1F8FECFD210E2806C6238BD696966
:101C20000A68A21AD2102846FEF782FB054B064925
:101C3000002814BF02461A462846FEF769FD00BF79
:101C4000F8FF070040B90208ACBB0208D0E9033234
:101C500013600BB102691A61704700BF70B5054689
:101C60000C4614E08B68A34201F10C0012D3D1E9B9
:101C7000032632600AB10E6916611A6891F805C030
:101C8000CA601B790B741CF0180F886003D0296A96
:101C90000029E7D170BD4CF0200C5B0681F805C02F
:101CA000F5D5537913F0180FF1D0284601F014FB45
:101CB000EDE700BF2DE9F04704468946C76916469F
:101CC0001D46FFF7CBFFD4F82480C14554D8E16905
:101CD000A9EB0707B8F80630A8EBC3038B4206D878
:101CE00008E0A3F5FF23A3F5FF638B4202D9DA884E
:101CF000002AF6D06362731C36D1236903F12C0AE3
:101D0000182241462046D4F80C9007F0D1FA036817
:101D1000C9F80030037989F80430D8F80030C9F8E0
:101D2000083098F8043089F80C30DAF80030C9F837
:101D300010309AF8042089F8142009F11803E360A0
:101D400065B1002249462046FFF786FBE169D4F8D9
:101D50002480C8198045BDD2BDE8F0872A4649468F
:101D60002046FFF7A9FBF1E708F1080A5246314681
:101D70002046FEF793FEC3E74846BDE8F08700BF64
:101D800008B554220A2101F021FB0023C38003720D
:101D9000C0E90A33036303618363C361436343613F
:101DA0000364836143644362C363C3608364036207
:101DB000C36408BD4A6938B50C469200496B0546B4
:101DC00002F0DEFEE269A16B2846920002F0D8FE26
:101DD0002269216B2846D20002F0D2FEA269216C52
:101DE000284602F0CDFE626A616C2846D20002F0FD
:101DF000C7FE226AA16C02EB42022846920002F062
:101E0000BFFEE268E16B2846D20002F0B9FE21462F
:101E100028465422BDE8384002F0B2BED0F820C0B7
:101E2000BCF1000F18DD836C10B4002008E09C6842
:101E3000944201DD01390BD0604503F10C0304D05D
:101E40005C68944200F10100F1DD002010BC704795
:101E5000186810BC1030704700207047436E30B5D2
:101E60000C4643B31A461B68002BFBD1C36CD0F859
:101E700080108B421ED000F14C0C05E04CB99C4602
:101E8000DCF80030994215D093F805E01EF0180FE9
:101E9000F4D0C56F19689D4208BFC167CCF8001027
:101EA000116819601360D0F880101A46DCF8003011
:101EB0009942E9D130BD00F16402D7E790F83810BB
:101EC000426C01F018013AB1537923F03F030B4300
:101ED00053711268002AF7D1C26C0023C0E91B338A
:101EE00043673AB1537923F03F030B4353711268B0
:101EF000002AF7D1426E3AB1537923F03F030B43E6
:101F000053711268002AF7D113464FF00802C0E956
:101F10001F33C0F88430A0F839204361704700BFF8
:101F200010B50B79043B82B00446222B13D8DFE8AE
:101F300003F01420252E3A3F5012121212121212E0
:101F4000121255121212121212121212121212122E
:101F500012121212570002B010BD019106F0F0FAF1
:101F60000199CA791132204602B0BDE8104002F052
:101F700007BE02B0BDE8104006F02ABD8A790432DF
:101F80009200204602B0BDE8104002F0F9BDCB88B7
:101F90007BB30333DB008A6820461A4402B0BDE8F5
:101FA000104002F0EDBD02B0BDE8104006F0B4B83C
:101FB0008A6801F10C039A4204D008460191FFF7A8
:101FC00045FE01991422204602B0BDE8104002F0FF
:101FD000D7BD02B0BDE81040FFF7ECBECA68C1E74C
:101FE0008A790232D200204602B0BDE8104002F0E9
:101FF000C7BD1023CFE700BF70B50C460968D9B143
:10200000066905460CE00879082823F0070214D079
:1020100009281AD042F024030C464B71216859B1AB
:102020004B7913F0180FEED00B6823602846FFF7AA
:1020300077FF21680029F3D170BD726D8A6223F0A9
:102040003F0343F004037165E6E78C6801F10C007F
:10205000844223F03F03DDD043F00403DCE700BFFC
:10206000F0B50469636E626C196887B061661A60C6
:1020700063645A7922F04001597194F83910033998
:102080000329054617D894F8381022F0780201F099
:1020900018010A435A711979049341F04001022250
:1020A0008DF81410284604A907F002F903791A07DD
:1020B00007D107B0F0BD02F00702032A08BFA367EB
:1020C000E9E794F83E60EF79039746F0020184F85F
:1020D0003E100022E968EA71006808600B719DF803
:1020E0001430049F01F11000E8600B736869EB691C
:1020F000B0F822C08F604CF0800CCB1AA0F822C040
:102100000B4900922846FFF725FA6A69039F538C12
:1021100023F080035384EF7184F83E600028C8D018
:102120000449284606F046F8EB68083BEB60C0E738
:102130003921010810BA0208C16800221039FFF7DE
:10214000BBB900BF2DE9F0478D6C5DB30E46296821
:102150008046002937D0F3689A46036993F83870AF
:10216000002487F0180907F0180709E023F03F035F
:102170003B430D464B712968013471B1642C18D072
:102180004B7919EA030FF1D00B682B604046FFF73B
:10219000C7FE296801340029F0D1F3680D46A3EB8E
:1021A0000A0209E02C4681F839208B642046BDE8FC
:1021B000F087F368A3EB0A023369B5641344336113
:1021C0002046BDE8F0870D460A460C46F4E700BFFE
:1021D0002DE9F0410F4611688B4234D01C4D044666
:1021E0001E46904607F0180791F805C01CF0180F1E
:1021F00022D12CF03F022CF0070342F001021CF028
:10220000070C42EA070208D14A718846D8F8001044
:10221000B142E9D14046BDE8F08115F80C201343E6
:1022200003F00702032A4B71EFD1069B1B68002BBA
:10223000EBD1069B1960E8E70B68C8F80030204630
:10224000FFF76EFEE2E790464046BDE8F08100BF32
:1022500044D60208F8B50569696C032385F839305E
:1022600011B305F1440607462B46344606E00C46FA
:102270004B712168C1B1A64217D13B6993F8383040
:102280004A7983F0180E22F03F0C03F0180312EA8B
:102290000E0F43EA0C03EAD00B6823603846FFF7C1
:1022A0003FFE21680029E6D10C46AC64F8BD00BFB2
:1022B000036810B5044683B319795A79053902F0D9
:1022C0001800212912D8DFE801F03B2A50451140BF
:1022D00011111111111111111111111111111111EE
:1022E00011111111111111111111112A002843D1CD
:1022F00002F0070CBCF1050F3CD0864682F00201CB
:10230000C9B2BCF1060F08BF0A4642F020025A715A
:10231000DEF800302360002BCED1204610BD03F143
:10232000080E0028F4D102F0070CBCF1050FE5D12E
:10233000744642F0200282F003025A712368BAE721
:1023400003F11C0E0028EED0E2E703F1500E002846
:10235000E9D0DDE703F1280E0028D9D102F007010A
:102360000529E5D09B6A7446A5E703F1100E002805
:10237000D9D0CDE70446DCE700231B68FFDE00BFB1
:1023800070B5054601F154000C46FFF791FF002699
:10239000A36D0360A665FFF78BFF236E03602666BF
:1023A000FFF786FFE36D0360E665FFF781FF94F8B2
:1023B0003F3013B184F8396070BD216AE2690029A9
:1023C0000B46B8BFCB1CB2EBA30F0DDB002384F888
:1023D00039302C69636E002BEED02846FFF740FEA3
:1023E000636E002BF9D170BD01EBD1714910284605
:1023F000E66805F099FFE36894F83F10002284F83E
:1024000039209A1B2369134423610029E1D070BD50
:1024100070B503230C4600258D6581F83930C1E97C
:102420001455C1E9175544310646FFF7E5FD636CC5
:1024300004F14C01C4E91B33C4E91D353046FFF7F4
:10244000DBFDE36CC4F88430C4E91F3304F164019C
:102450003046FFF7D1FD0122A36884F83A20E268F4
:1024600065611344214623613046BDE87040FFF7A3
:1024700087BF00BF4B7903F00702052A06D0062A62
:1024800000D0704783F002034B7170470A79D0F88F
:1024900054C0053A00B5212A27D8DFE802F01A1106
:1024A0001D202623262626262626262626262626DE
:1024B00026262626262626262626262626262611D1
:1024C00001F1080223F03803C2F800C041654B71E6
:1024D00000BD01F11C02F5E701F11002F2E701F184
:1024E0002802EFE701F15002ECE70023C3F800C037
:1024F000FFDE00BF00B50B4683B019790A1F222A00
:1025000022D8DFE802F01B232312233923212121C3
:102510002121212121211B212121212121212121B1
:1025200021212121212121212300DA88002A38D1EB
:10253000D96819B14A7912F0180F49D15A7922F0A5
:10254000380242F020025A7103B000BD053921293A
:1025500043D8DFE801F03A31263742344242424262
:10256000424242424242424242424242424242424B
:1025700042424242424242315A79996802F0C702CD
:1025800003F10C0E42F0200C714508BF62465A71EF
:102590000B795B06D8D50B685A7912F0180FACD1BD
:1025A000D2E703F11001026D0A6003655A7922F047
:1025B00038025A7103B000BD03F10801F3E703F1DB
:1025C0005001F0E703F12801EDE703F11C01EAE710
:1025D0000193FFF78FFF019BB0E70023026D1A60A4
:1025E000FFDE00BF002934D02DE9F0410E46102750
:1025F0004FF00B08F579346907FA05F52544AC422C
:1026000007D318E09AB1277184F805801034A542E9
:1026100011D963795B06F9D5E16841B10B794A7943
:1026200003F00F03042B02F01802EBD142B9237917
:102630001B07EBD1E8E7F669002EDBD1BDE8F0819E
:10264000FFF758FF23791907E0D163795A06DDD5E2
:10265000DAE7704791426CD02DE9F04F83B089469C
:10266000019090464FF0100A0B2699F80730D9F8E0
:1026700010500AFA03F348461D4406F021F90746B4
:1026800030B3D9F80C404FF0000B08E008B184F8E3
:1026900004A00BF1010B5F4504F1080418D0237965
:1026A0005806F6D521680029F3D00B79487903F054
:1026B0000F03042B00F01800E8D10028E9D001989E
:1026C0000BF1010BFFF716FF5F4504F10804E6D19B
:1026D000D9F81040A54214D81BE02168A1B10B79AC
:1026E0004A7903F00F03042B02F0180218D05AB1F4
:1026F00084F804A063795B0648BF66711034A54274
:1027000007D920794106E8D40207F3D01034A54256
:10271000F7D8D9F81C90C845A7D103B0BDE8F08F11
:10272000002AF1D00198FFF7E5FE20790207EDD1EC
:10273000E0E770472DE9F04F0D4683B007460846A5
:10274000164606F0BDF8EB794FF0010B81460BFA07
:1027500003FB002800F0B580EA6800243846A04654
:1027600002F1040A174602E00134A14510D01AF81C
:1027700034305B06F8D557F834104B7913F0180F46
:10278000F2D00134FFF7B6FEA1454FF00108EED1BB
:102790000746BBF1000F00F08B800BF1FF34384689
:1027A00032462F464FF000095D464FF0000A4FEACF
:1027B000041B002611E05C4494F804C063791CF00B
:1027C0000F0F03F040030ED113B14FF00B036371F1
:1027D0000136B542ABF1100B25D03C69002AEAD195
:1027E00004EB0614E8E78BB3E16879B30B7991F851
:1027F00005E003F00F03042B0EF0180E23D0BEF1FA
:10280000000F23D01CF0400F2FD023685B790136D6
:1028100013F0180F18BF49F00109B5424FF0010A33
:10282000ABF1100BD9D190F839303D460746FBB9D2
:102830007B6DEB617D656B7923F038036B714046EE
:1028400003B0BDE8F08FBEF1000F22D11CF0400FA5
:10285000BED021684B7913F0180FB9D001924FF018
:102860000108FFF747FE019AB2E74FF0010AAFE710
:10287000B9F1000F14D1BAF1000F1DD0036EEB6156
:1028800005666B7903F0C7036B71404603B0BDE882
:10289000F08F0192FFF72EFE94F804C0019AD5E75D
:1028A000C36DEB61C5656B7903F0C7036B71ECE732
:1028B00097F83930002BBBD029463846FFF7DAFDB0
:1028C000BDE7804665E700BF2DE9F043046D6279FE
:1028D000237942F02001053B83B005466171212B2D
:1028E00023D8DFE813F0CD000001240156012200B7
:1028F0004B0022002200220022002200220022009F
:1029000022002200220022002200220022002200B7
:1029100022002200220022002200220022002200A7
:102920002200220022002200250000231B68FFDE77
:10293000A3680365A6793046E6B12346002705E083
:102940000137B742304603F1080313DA197D49060F
:10295000F6D51969487910F0180FF1D02846009380
:10296000FFF7C8FDA679009B0137B742304603F157
:102970000803EBDB013003B0BDE8F083D4E91313A7
:10298000036521B14B7913F0180F40F010822369D1
:10299000002B984619DD236B00271E1D04E001372C
:1029A000474506F1080610D031784A06F7D556F8A3
:1029B000041C487910F0180FF1D028460137FFF7B2
:1029C00099FD474506F10806EED1E668002E15DDB3
:1029D000E76B002302E001339E420FD057F833101B
:1029E0000029F8D04A7912F0180FF4D02846009345
:1029F000FFF780FD009B01339E42EFD1E269002A80
:102A000018DDA76B0023043F02E00133934211D08D
:102A100057F8041F0029F8D0487910F0180FF4D0A7
:102A20002846CDE90032FFF765FDDDE900320133CC
:102A30009342EDD1236A002B994619DDA36C09EB73
:102A40004907002402E00334A74211D053F82410B0
:102A50000029F8D0487910F0180FF4D02846033434
:102A6000CDE90023FFF746FDA742DDE90023EDD1C4
:102A700008F1010030441044484403B0BDE8F0833D
:102A8000D4E906032B6540B183791E0740F16081CC
:102A9000437913F0180F40F0FB80E179226910238D
:102AA0008B40204602EB030805F00AFF024600288F
:102AB00000F0B180E6680027043605E00137BA422D
:102AC00006F1080600F0A78033785806F6D556F8C8
:102AD000041C4B7913F0180FF0D028460092FFF732
:102AE00009FD009AEAE7D4E90231036521B14B7987
:102AF00013F0180F40F06181A2791046002A3FF4CC
:102B000039AF04F10C06002704E001379742104664
:102B1000BFF630AF56F8041F0029F6D0487910F000
:102B2000180FF2D02846FFF7E5FCA279EDE7D4E9CB
:102B30000313036521B14B7913F0180F40F03A816C
:102B4000E088002800F03E812246002605E001369C
:102B50008642074602F1080213DA137F5F06F6D5B4
:102B600091694B7913F0180FF1D028460092FFF7C6
:102B7000C1FCE088009A01368642074602F108024D
:102B8000EBDB28462146FFF775FC781C03B0BDE857
:102B9000F083A36AE769036512F0060F34D190F859
:102BA0003910002930D0002F00F00A81E668B742C2
:102BB00003D310E00837B7420DD23A795306F9D55E
:102BC00039684A7912F0180FF4D028460837FFF711
:102BD00091FCB742F1D3266A16B90CE0F66856B1FB
:102BE000737913F0180FF9D031462846FFF782FCAD
:102BF000F668002EF4D195F83930022B4DD0A0693B
:102C0000E369C01AC010B5E6696DA16222F038020E
:102C10006C656271C7E72769B8451DD90B2604E0CA
:102C200002B17E711037B84516D938797A79010723
:102C300002F04002F4D022B1F9684A7912F0180F7C
:102C40001CD14306EED539684A7912F0180FE9D045
:102C50002846FFF74FFCE5E7637903F00702052AF2
:102C600037D0062A0FD0A368626912B1E179022237
:102C70008A40581C104403B0BDE8F0832846FFF793
:102C800039FC3879DDE783F002026271A368EBE773
:102C900001462846FFF72EFCFFE695F83F30002B53
:102CA00000F09280A069E36800F12802934204D208
:102CB0000021197108339342FBD3E36A9C429FD1F0
:102CC000236A002B9CD0D5F88830E362C5F8884091
:102CD00096E72279696D053A212A00F2E080DFE863
:102CE00012F02B00220034003100DE002E00DE0046
:102CF000DE00DE00DE00DE00DE00DE00DE00DE00E4
:102D0000DE00DE00DE00DE00DE00DE00DE00DE00D3
:102D1000DE00DE00DE00DE00DE00DE00DE00DE00C3
:102D2000DE00DE00220004F1080023F0380201601A
:102D3000A3686C65627197E704F11C00F5E704F184
:102D40005000F2E704F12800EFE704F11000ECE78F
:102D50000321D5F8A42006F099FAA169064619B115
:102D60004B7913F0180F1ED1002E3FF496AE337935
:102D7000442B7FF492AE36686B2106F1100014F0FC
:102D800021FD7621074606F1100014F01BFDFFB16E
:102D900000286AD02B6EE3612C666279A36822F06A
:102DA0003802627160E72846FFF7A4FBDCE7FFF713
:102DB000A1FBECE5FFF79EFBC2E6FFF79BFB9BE662
:102DC0000120D8E50746DCE62046FEF713F869E760
:102DD00000283FF462AEE379266910279F40A3687C
:102DE0003744B3F1000818BF4FF00108BE4207D3C3
:102DF0002FE012B14FF00B0272711036BE4228D292
:102E000031797279090702F04002F2D022B1F168FB
:102E10004A7912F0180F16D1B8F1000FEDD13279BE
:102E20005206EAD531680029E7D00A79487902F0DC
:102E30000F02042A00F018001ED0B0F1000818BFDD
:102E40004FF00108D9E728460093FFF753FB009B9A
:102E5000E2E795F83920022A16D06A6DE2616C65C6
:102E6000627902F0C7026271FEE6024621462846F8
:102E7000FFF760FCA368F7E60028BED02846009361
:102E8000FFF738FB009BB8E7B8F1000FE5D0AA6D5B
:102E9000E261AC65627902F0C7026271E4E6002388
:102EA0001960FFDE2DE9F84300260446B146E56DC2
:102EB000C4F85C90A5B14FF000086B79294643F047
:102EC0002003ED694B7132462046FFF733FC07467D
:102ED00058B9002DF1D186F00106B8F1000FE6D106
:102EE000BDE8F8832046FFF7EFFC236D002BF9D1F6
:102EF000B846002DE1D1EEE72DE9F843056900233E
:102F00000222D5F8548085F839206B65437913F097
:102F1000180F40F0CA8095F82830590605D5696A1F
:102F20004B7913F0180F40F0C98005F1F80405F54E
:102F30008E7601E0B4420CD054F8041F0029F9D079
:102F40004B7913F0180FF5D02846FFF7D3FAB442A7
:102F5000F2D12F6D002F00F0B58000272846FFF733
:102F6000B3FC2B6D0744002BF8D1D5F88830002B2B
:102F70003AD005F18809002607E0002C00F09A807D
:102F800003F12C09D9F8003013B35A79D96A1C6AB5
:102F900012F0180F06F10106EFD0C9F80010DB623D
:102FA0001CB9EFE7E468002CECD0637913F0180F3C
:102FB00006F10106F6D1A3681A795206F2D519680E
:102FC0004B7913F0180FEDD02846FFF793FAE9E795
:102FD0002A6D374442B11C462846FFF775FC2B6D1D
:102FE0000444002BF8D12744C5F85080B8F1000FF5
:102FF00008D000242846FFF767FC2B6D0444002B03
:10300000F8D127442846FFF74DFFA96D0022284636
:10301000FFF720FB296E00222846FFF71BFB00214B
:103020002846D5F85890D5F86080FEF717FF6C6EEB
:103030008CB1002601E0246864B1637913F0180FA5
:1030400006F10106F7D021462846FFF753FA246817
:10305000002CF2D137442B6D43B100242846FFF7F2
:1030600033FC2B6D0444002BF8D127442846FFF78E
:1030700019FF2846E96DFFF7B5FA296EFFF7B2FA96
:10308000A96D4A46FFF7E6FA296E42462846FFF741
:10309000E1FA284605F0FCF995F8383083F018037A
:1030A00085F838303846BDE8F88301462846FFF7F2
:1030B00021FA30E7C9F80010DB6263E72846FFF722
:1030C00019FA32E7D5F88830002B7FF452AF1F464B
:1030D0008AE700BF30B5046994F83930012283B023
:1030E000054684F83B20082B00F28B80DFE803F0D4
:1030F000415689624E826A7805000023C4E9143380
:10310000C4E91633D4F8901023664B7913F0180FE6
:1031100040F0908094F828305B0605D5616A4B79C1
:1031200013F0180F40F0828004F1F80304F58E7557
:1031300001E09D420ED053F8041F0029F9D04A79CE
:1031400012F0180FF5D020460193FFF7D3F9019B39
:103150009D42F0D1656E1DB955E02D68002D52D00D
:103160006B7913F0180FF8D029462046FFF7C2F903
:10317000F3E7236D002B4BD02046FFF7A5FB03465A
:10318000002284F83B20184603B030BD04F16403EC
:1031900005222146FEF7D6FF0346F1E7FFF7ACFE16
:1031A00001902846FFF756F8D4E902210A44019B12
:1031B0002261E5E704F14C0304222146FEF7C2FF39
:1031C0000346DDE794F83F3043B9216AE2690029FC
:1031D0000B46B8BFCB1CB2EBA30F1BDB072305E0EC
:1031E000636E13B194F83F3043B3082384F8393049
:1031F0000023C5E7002306222146FEF7A3FF03466E
:10320000BEE70023BFE7002384F839300123B7E786
:103210000123EBE701EBD1714910E56805F084F873
:10322000D4E90323521B13442361D7E72046FFF759
:1032300061F979E72046FFF75DF96BE784F83B30E9
:1032400001E0626E52B128460193FEF709FF019B2F
:1032500001330A2BF5D14FF4FA7391E71BB203EB5C
:10326000830303EB83035B008AE700BF70B5056946
:1032700095F83930082B04460E460AD02046FFF751
:1032800029FF95F83930082BF8D1256995F83930A0
:1032900033B12046FFF71EFF95F83930002BF8D1E7
:1032A0002046FFF729FE314605462046FFF7B0F8D5
:1032B000D6E90231074A1944A2FB012196F83C30B5
:1032C000490903FB01F13046494204F0CBFE284690
:1032D00070BD00BF1F85EB51006990F83930022B9B
:1032E0000DD990F83A304BB94B7990F8382023F04B
:1032F000380302F0180213434B717047704700B552
:1033000083B0009111460192FFF7F4F8009B5B79BE
:1033100013F0060F06D0019A537923F0070343F008
:103320000203537103B000BD4B7903F00702062A74
:1033300000B519D00A790069053AD0F854C0212A9D
:1033400032D8DFE802F02E1D2528312B3131313102
:10335000313131313131313131313131313131315D
:10336000313131313131311D03F0C70303F0F8023F
:1033700042F0050213F0060F18BF13464B7100BD53
:1033800001F10802C2F800C003F0C7034165EDE790
:1033900001F11002F6E701F12802F3E701F1500212
:1033A000F0E701F11C02EDE70023C3F800C0FFDEE7
:1033B0004B790269086823F03F0343F004034B7123
:1033C000936E50640B609166704700BF38B5046916
:1033D0000D46114605F00F0201F056FC94F8383006
:1033E000057103F018034371636C0360606438BDBA
:1033F0004B795B0603D412B193795B0700D5704714
:10340000F0B5046983B00546019110460221D4F855
:10341000A02005F03BFF30B394F83E20530722D4A0
:1034200094F83920019B033A032A1ED85A7994F85C
:10343000381022F0380201F018010A435A71A26CC8
:103440009A42174626D0626C9A4248D011461268BA
:103450009A42FBD11A680A60E26C1A60E3645A79F6
:1034600042F040025A7103B0F0BDE26E934204BFD5
:103470001A68E266226F934204BF1A682267626F7D
:10348000934204BF1A686267A26F934204BF1A682E
:10349000A267D8E71168F9B1164605E048710E46F3
:1034A0003168C9B1B74218D12A6991F805C092F8BC
:1034B000382002F0180082F018022CF03F0E1CEAAF
:1034C000020F40EA0E00E9D00A68326028460193F4
:1034D000FEF726FD019BE3E70E46A664B3E704F181
:1034E0004401B7E7036993F83A208A4215D000B542
:1034F000012983B008D018460193FEF7DFFC019B39
:1035000000225A6103B000BD19460193FFF7AEFED9
:10351000019B00225A6103B000BD00225A6170472E
:10352000F8B5076997F83A300422054687F83E2037
:1035300013B13846FEF7C2FC00237B6101213846F7
:10354000FEF78CFC2C69636E2BB12846FEF788FDD4
:10355000636E002BF9D17C6CD7F89060B44206D032
:10356000214624682846FEF7DBFCA642F8D1BC6E53
:1035700034B1214624682846FEF7D2FC002CF8D14D
:10358000F8BD00BF2DE9F041046994F83E3086B0E3
:103590005BBB94F83A306269012B0546174658D058
:1035A00052B3264602E02846FFF794FD96F83930DC
:1035B000002BF8D12846FFF79FFC07EBD706B04257
:1035C000804680F0118121462846FEF721FFD4E98C
:1035D0000231BD4A94F83C001944A2FB012149097B
:1035E00000FB01F14942204601E0B849204606B0FF
:1035F000BDE8F04104F036BD94F84130E66894F837
:1036000042209B0043F00101F6081E2A884601FB78
:1036100006F600F2E78001239340DB0801FB03F389
:103620005F4202E0082B00F036812846FFF752FD8A
:10363000361ABE4294F83930F4DC082B00F02B81A6
:1036400096FBF8F12046C90006B0BDE8F04104F051
:1036500009BD002A40F03E81E268BA422769B846B7
:1036600010DD994E94F83D10A6FB07035B0901FBA2
:1036700003F3A1680A4407EB83018A424FEA8303FC
:1036800000F2E380A66FD6B1636F9E421F4603D15E
:1036900013E03668B74210D0737903F00702032AAB
:1036A000F7D183F0070399067371F2D531462046AE
:1036B000FEF720FF3668B742EED10023A367E16C26
:1036C000D4F88460B14203D114E009688E4211D06D
:1036D0004B7903F00702032AF7D183F007039A0618
:1036E0004B71F2D520460391FEF704FF0399096858
:1036F0008E42EDD1666E16B912E0366886B17379E6
:1037000003F00702032AF8D183F0070373719B06C5
:10371000F3D531462046FEF7EDFE3668002EEED199
:103720002846FFF7E9FB04F17806032394F83810E4
:1037300084F8393004F14402E36E00962846FEF71F
:1037400047FD236F94F838100390024600962846F0
:10375000FEF73EFD236F039A63671368626C94F86B
:103760003810C4E91B2305AE0022E36F05920096D2
:1037700004F14C022846FEF72BFDD4F8803094F873
:1037800038100390024600962846FEF721FDD4F833
:103790008010039AC4F884101268C4F88020E26C88
:1037A00094F83810E267002304F16402009628467A
:1037B000FEF70EFD21462846FEF7E2FDD4E9023170
:1037C000414A1944A2FB012194F83C30490903FB0A
:1037D00001F14942204604F045FCC4F8108006B0CF
:1037E000BDE8F0813A4F20E7D4E902321344236167
:1037F0002846FEF72FFD2E6996F83930082B06D0A3
:103800002846FFF767FC96F83930082BF8D12E4A86
:10381000236994F84010A2FB03235B096FF0004278
:10382000B2FBF3F0B0EB810F4FEA810501DD03FB42
:1038300005F2D4E902310B44991A01EAE1712046FC
:1038400004F010FCC4F81480C9E720460393FEF787
:1038500035FB21462846FFF709FDD4E90221039BE9
:103860000A4407EB53039A42B9D3236994F84050B2
:103870006061A6FB03135B096FF00041AE00B1FB72
:10388000F3F0B0EB850FC8BF03FB06F1511A01EA54
:10389000E1712046ABE60C4A236994F84010A2FB84
:1038A00003235B096FF000428D00B2FBF3F0B0EB35
:1038B000810FC8BF03FB05F2D4E902131944891A2A
:1038C000204601EAE17192E61F85EB5130F8FFFFD7
:1038D000010000802046FEF7F1FA2E6966E600BF7F
:1038E00070B5066996F83A3086F83F100446002B0A
:1038F00052D196F83930022B59D93546082B0AD0C7
:103900002046FFF7E7FB95F83930082BF8D12569F9
:1039100095F839303BB12046FFF7DCFB95F839309C
:10392000002BF8D12569012386F8393095F8393014
:10393000072B0BD02046FFF7CDFB95F83930072B2E
:10394000F8D1256995F83930082B06D02046FFF7C5
:10395000C1FB95F83930082BF8D1184A336996F82D
:103960004010A2FB03235B096FF00042B2FBF3F0AF
:10397000B0EB810F4FEA810401DD03FB04F2D6E9CD
:1039800002131944891A304601EAE17104F06AFB16
:10399000002386F83F3070BD3046FEF78FFA31467F
:1039A0002046FFF763FC002386F83F3070BDFEF72A
:1039B00051FC256995F83930A0E700BF1F85EB5110
:1039C000F8B50D490D4F0422064604F0D1FD01461D
:1039D0003046FFF7EDFC012457F8041F304604F091
:1039E000F1FD054601463046FFF7E2FCAC710134BB
:1039F000172CF1D1F8BD00BFD4B9020848D602088F
:103A0000FF290A4608DC0D4B006A0B445B785B0714
:103A10000CD50B4901F0C2BD0A4BA1F58071B2F57E
:103A2000907F53F8213004DB18467047064901F0B7
:103A3000B5BD0649006A1A4601F0B0BD30D502088E
:103A4000D4BB02084CD60208DCBB020848CB0208F3
:103A5000154680B54368426B0446006AFCF70CFECD
:103A60001DB9206A0321FDF735F86FF49073226ABF
:103A7000EB18032B0646174610D80021204600F00D
:103A800017F8A36A08491A68206A01F087FD0346FF
:103A900006493246384601F081FDE2E729462046D4
:103AA000FFF7AEFF0346F3E748CB0208E4BB02088A
:103AB00030B5846A0D46D4E901124B1C934283B0A1
:103AC00004D820686360455403B030BD6FF04043B4
:103AD0009A420ED253002168006A019301F0B2F8B5
:103AE0006168019BA3604B1C20606360455403B078
:103AF00030BD02490022FFF7ABFF00BFF0BB020858
:103B000070B5066804463146FFF7D2FF606A036865
:103B10005A1E026053B343685A1C426018782060F2
:103B20003D284FF0000509D019E043685A1C426057
:103B3000187820603D2805F1010510D120463D216F
:103B4000FFF7B6FF606A03685A1E0260002BECD1D3
:103B500009F05AFD3D28206005F10105EED08642AE
:103B600016BFB5FA85F0A81C400970BD09F04CFDE0
:103B7000D5E700BF02680B789A4204D04B789A428E
:103B800001D00020704700B583B011460190FFF7C7
:103B90008FFF019B586A0268511E01603AB142686A
:103BA000511C416010781860012003B000BD0193E2
:103BB00009F02AFD019B1860012003B000BD00BF81
:103BC000034610B51A68406A14460268511E82B056
:103BD0000160F2B14268511C4160107818600A28F7
:103BE0000AD00D2808D05A686FF0004101328A428D
:103BF0005A6018D002B010BDA042F4D0586A0268D2
:103C0000511E016052B14268511C41601078186029
:103C1000E9E7019309F0F8FC019BDFE7019309F064
:103C2000F3FC019BF3E7024900221846FFF710FF5F
:103C30000CBC02080D46016808B54B1C044605D1B2
:103C40004FF4927229462046FFF702FFFFF730FF3C
:103C5000606A03685A1E02602BB143685A1C4260B6
:103C600018782060ECE709F0CFFCFAE710B50446BD
:103C70000168FFF71DFF606A03685A1E02606BB19E
:103C800043685A1C42601878084B206003445B78F4
:103C9000DB0606D5BDE8104001F0F4B909F0B4FC2C
:103CA000F2E703492046FFF7C5FF00BF30D5020801
:103CB00028BC02082DE9F0410568044682B0884618
:103CC0002946FFF7F5FE606A03685A1E0260002B62
:103CD0006CD043685A1C426019782160302D6BD03B
:103CE0003F4E45253F4F8D4217D073788B4214D0FD
:103CF0007B185B78DA0601D42E2928D12046FFF7FD
:103D0000D7FE606A03685A1E0260CBB143685A1C32
:103D10004260197821608D42E7D12046FFF7C8FE46
:103D2000606A03685A1E026073B143685A1C42609D
:103D300018782D4920602046FFF71CFF2168D2E744
:103D400009F062FC0146E5E709F05EFCF1E7DB07FC
:103D50001ED400212046FFF7ABFEA36A694618680F
:103D600001F09CF9002834D09DF80430032B07D0D3
:103D7000009BC8F8003040F2211002B0BDE8F0818D
:103D8000009BC8F800304FF4917002B0BDE8F0819C
:103D90002046FFF78DFE606A03685A1E0260ABB1D1
:103DA00043685A1C426018782060D2E709F02CFC66
:103DB000302D0146216093D10C492046FFF7DAFEF1
:103DC000216800288CD00A4E50258BE709F01CFC96
:103DD000EAE7084940F221122046FFF739FE00BF0A
:103DE00044BC020830D5020850BC02084CBC020892
:103DF00048BC020854BC020808B5C268FFF728FE98
:103E000070B5066A82B00546304604F0B1FB044640
:103E10002146E86A04F052FE03791B0703D0C46808
:103E2000204602B070BDF26802F10801F160146032
:103E3000217941F0400111710346E96A0092304650
:103E400005F00CF93369DB68002B05DCF368083BEF
:103E5000F360204602B070BD3046FFF793FBF36875
:103E6000083BF360F5E700BFF8B5436804460D462C
:103E700001681F461646FFF71BFE606A03685A1E5C
:103E80000260002B00F0A58043685A1C426019783C
:103E900021600A2900F098800D2900F0958032DD1C
:103EA0005D2934D12046FFF72BFEB042216846D071
:103EB0000D29F4D10A212046FFF7FAFD2046FFF72D
:103EC0007FFE2168002D54D00D2970D059DD5D2969
:103ED000E8D02046FFF7ECFD606A03685A1E0260D6
:103EE00053B143685A1C4260197821600D29E1D012
:103EF000EDDC0A29DED0ECE709F086FB0D2801464F
:103F00002060D7D0E3DC4A1C3DD00A29D2D0002D56
:103F1000DFD1606A03685A1E0260002B40D04368FC
:103F20005A1C42601B7823600D2BC3D048DD5D2BEB
:103F3000F0D12046FFF7E4FDB0422168B8D1204619
:103F4000FFF7B6FD606A03685A1E0260002B44D07A
:103F500043685A1C4260187820604DB1A36AD3E9C7
:103F600000122046A2EB46023144FFF749FF2860C9
:103F7000F8BDA36A0D295D609CD0C4DD5D2991D098
:103F8000C7E74B1CB5D15DB3164A1749206A3B46BB
:103F900001F004FB4FF4907201462046FFF758FDF4
:103FA00009F032FB0D2801462060E6D182E70A21A4
:103FB0002046FFF77DFD2046FFF702FE216883E7DC
:103FC0000A2B3FF477AFA5E72046FFF7F9FD2168FC
:103FD0006EE709F019FB01465AE709F015FBBBE74C
:103FE000024AD2E7B8CD020870BC020868BC0208D9
:103FF0002DE9F043836A0568002285B004468946AE
:104000005A607E2D72DC2C2D57DDA5F12D03512B2E
:104010006CD8DFE813F0BB008A004301A200A200C5
:10402000A200A200A200A200A200A200A200A20080
:10403000A5016B006001870123016B006B006B0021
:104040006B006B006B006B006B006B006B006B0018
:104050006B006B006B006B006B006B006B006B0008
:104060006B006B006B006B006B006B006B006B00F8
:104070006B00F8006B006B006B006B006B006B005B
:104080006B006B006B006B006B006B006B006B00D8
:104090006B006B006B006B006B006B006B006B00C8
:1040A0006B006B006B006B006B006B006B006B00B8
:1040B0006B006B006B006B000601681C00F09D80BC
:1040C000A5F109021E2A11D801239340924A1A40F1
:1040D000002A49D113F0844F40F0608113F0120F91
:1040E00004D02046FFF76CFD25688AE78B4E7319D4
:1040F0005B78DA0740F1F08309E043685A1C4260BC
:104100001D78256073195B789B0700F0A983204612
:104110002946FFF7CDFC606A03685A1E0260002B37
:10412000EBD109F071FA0546EBE720462E21FFF7A7
:10413000BFFC606A03685A1E0260002B00F0158401
:1041400043685A1C4260187820602E2800F0DE83F5
:10415000724B03445B78990751D54946204605B018
:10416000BDE8F043FFF7A6BD606A03685A1E02600F
:10417000002B00F0F48343685A1C42601D782560D0
:104180007E2DB3DC2C2D3FF740AF99E7606A0368C2
:104190005A1E0260002B00F0DF8343685A1C426005
:1041A000187820602D282AD1606A03685A1E0260A0
:1041B000002B00F0DE8343685A1C42601D782560A6
:1041C0005B2D00F05C8344F6010604E043685A1C52
:1041D00042601D7825606B1C0E2B04D826FA03F371
:1041E000D9073FF50EAF606A03685A1E0260002BC4
:1041F000ECD109F009FA0546ECE74FF49075284632
:1042000005B0BDE8F0832046FFF77AFC012800F2F4
:10421000B7830028F3D142494FF492722046FFF74A
:1042200017FC606A03685A1E0260002B00F08E8340
:1042300043685A1C4260187820603D28DFD1606ACC
:1042400003685A1E0260002B00F0B58343685A1CB5
:104250004260187820604FF48E75D0E7606A03687A
:104260005A1E0260002B00F0748343685A1C42609F
:10427000187820603D2800F03B833E28BFD1606A5B
:1042800003685A1E0260002B00F0A78343685A1C83
:104290004260187820604FF48F75B0E7606A036859
:1042A0005A1E0260002B00F04A8343685A1C426089
:1042B000187820602F28A2D1606A03685A1E026015
:1042C000002B00F07B8343685A1C42601878206002
:1042D0004FF48B7593E7606A03685A1E0260002BE7
:1042E00000F0248343685A1C4260187820603D28FF
:1042F00000F0E4823C2882D1606A03685A1E0260A2
:10430000002B00F06D8343685A1C426018782060CF
:1043100040F21D1573E700BF0D00800030D5020884
:104320009CBC0208606A03685A1E0260002B00F001
:10433000038343685A1C4260187820603D287FF44C
:104340005EAF606A03685A1E0260002B00F0308383
:1043500043685A1C42601878206040F219154EE7F5
:10436000606A03685A1E0260002B00F0E282436814
:104370005A1C4260187820603A287FF440AF606A87
:1043800003685A1E0260002B00F0218343685A1C08
:1043900042601878206040F21F1530E72046294619
:1043A000FFF786FB606A03685A1E0260002B00F06C
:1043B000C98243685A1C4260197821608D4200F01E
:1043C0003282CD4F1BE008DC0A2900F00F830D2953
:1043D00000F00C834A1C00F00F832046FFF768FBB7
:1043E000606A03685A1E0260002B00F0DB8143689C
:1043F0005A1C4260197821608D4200F014825C29B9
:10440000E1D12046FFF754FB606A03685A1E026040
:10441000002B00F0C38143685A1C42601978216068
:104420004B1C7B2B00F2FC8001A252F823F000BF52
:10443000D54301082146010821460108214601080B
:1044400021460108214601082146010821460108AC
:10445000214601082146010821460108A546010818
:104460002146010821460108A54601082146010808
:10447000214601082146010821460108214601087C
:10448000214601082146010821460108214601086C
:10449000214601082146010821460108214601085C
:1044A000214601082146010821460108214601084C
:1044B0002146010821460108214601087B460108E2
:1044C000214601082146010821460108214601082C
:1044D0007B460108214601082146010821460108C2
:1044E000214601082146010821460108214601080C
:1044F00021460108214601082146010821460108FC
:1045000021460108214601082146010821460108EB
:1045100021460108214601082146010821460108DB
:1045200021460108214601082146010821460108CB
:1045300021460108214601082146010821460108BB
:1045400021460108214601082146010821460108AB
:10455000214601082146010821460108214601089B
:10456000214601082146010821460108214601088B
:10457000214601082146010821460108214601087B
:10458000214601082146010821460108214601086B
:10459000214601082146010821460108214601085B
:1045A000214601087B4601082146010821460108F1
:1045B000214601082146010879460108A34801085F
:1045C000214601082146010821460108A7480108A3
:1045D000214601082146010821460108214601081B
:1045E0002146010821460108214601089947010892
:1045F0002146010821460108214601089547010886
:1046000021460108914701081D4701081947010883
:1046100021460108FD46010821460108B34601086C
:104620007B185B78980703F0020240F1F7814FF0A6
:1046300000084646002A00F0C280204606EB8606A7
:1046400001EB4606FFF734FA606A03685A1E303EF3
:104650000260002B00F0E38043685A1C4260197826
:10466000216008F10108B8F1030F00F0A8807B1861
:104670005B7803F00202DDE70721606A03685A1ED7
:104680000260002B00F0928043685A1C4260187848
:10469000A26A20605368013B53602046FFF708FA86
:1046A0002168A9E62046FFF78BFAA26A0A2153681F
:1046B000F1E7D4E909025368013B536003685A1ECD
:1046C000026033B977E0606A03685A1E0260002B0B
:1046D00071D043685A1C4260197821607B185B785E
:1046E0001E077FF589AE0A2901D00D29EBD120469E
:1046F000FFF766FA2168F1E730D502082046FFF798
:10470000B5FA06462046FFF7B1FAA26A5368023BA3
:1047100000EB06115360B0E70B21AEE72046752190
:10472000FFF7C6F9606A03685A1E0260002B00F0AA
:10473000BF8043685A1C4260187820607B2840F094
:1047400069812046FFF792FA4FF00408064612E00E
:1047500043685A1C4260187820603B185B78DB067F
:1047600037D5B6F1006F80F04D8100F08BFC08F179
:10477000010800EB061620462168FFF799F9606AE8
:1047800003685A1E0260002BE2D108F03DFFE3E708
:10479000092172E70D2170E70A216EE708F034FF66
:1047A00001463CE608F030FF014624E6019108F09E
:1047B0002BFF01996CE708F027FF01468DE7FF2EDC
:1047C00000F32481A26A5368A3EB080331465360C7
:1047D00061E77D2840F02681606A03685A1E026006
:1047E000002B68D043685A1C42601878A26A206087
:1047F0005368A3EB0803314602A8536000F01AFD8A
:1048000000287FF74DAF0DF10F08A8EB000616F852
:10481000011F2046FFF74CF94645F8D140E708F064
:10482000F3FE01461CE720462946FFF741F9606A7E
:1048300003685A1E0260002B00F09F8043685A1CD8
:1048400042601878A36A2060D3E900122046023A39
:104850000131FFF7D5FAC9F800004FF49275CEE4A4
:10486000A36A2046D3E90012FFF7CAFAC9F800008C
:104870000379042B19D18579BDB1FF35BFE42046FA
:10488000FFF73EF9A36A002601285E607ED9024642
:1048900031462046FFF7E8FAA36A25685E60FFF715
:1048A000B0BB0821E9E60C21E7E640F22315A6E4B7
:1048B00008F0AAFE41E708F0A7FE97E7606A0368E0
:1048C0005A1E0260002B7FD043685A1C4260187841
:1048D000206040F21B1592E4606A03685A1E026071
:1048E000002B62D043685A1C42601878206086E42E
:1048F000606A03685A1E0260002B62D043685A1C2B
:104900004260187820604FF48D7578E4606A03681F
:104910005A1E0260002B5DD043685A1C4260187812
:1049200020602E2834D040F2171568E408F06CFEA1
:10493000DCE408F069FE1EE508F066FEFDE408F020
:1049400063FEB6E408F060FE014636E508F05CFE62
:1049500072E408F059FE8CE408F056FE21E408F0F9
:1049600053FE05462060FFF74CBB08F04DFEFFF7F5
:10497000EBBB08F049FE054621E408F045FE61E77F
:10498000024649462046FFF76FFA66E725681AE4B3
:10499000606A03685A1E02602BB343685A1C426067
:1049A000187820604FF48C7529E408F02DFE9DE7FF
:1049B00008F02AFED0E408F027FE4BE408F024FEBD
:1049C00085E408F021FE9DE708F01EFE80E708F070
:1049D0001BFEDFE408F018FEA2E708F015FE59E41C
:1049E00008F012FE93E408F00FFEDAE70F494FF4E7
:1049F00092722046FFF72CF80C494FF49072204633
:104A0000FFF726F80A492046FFF714F9094920461E
:104A1000FFF710F908492046FFF70CF9074920462F
:104A2000FFF708F906492046FFF704F9BCBC020865
:104A3000DCBC020818BD0208D0BC020800BD020898
:104A4000F4BC020838B50C464A620862636300236E
:104A500001224FF49071E360E361049B6161C4E95A
:104A6000012209492360042203F082FDA56AA063A4
:104A7000AA682968206A202300F0E4F8A36A286065
:104A800020229A6038BD00BFD4B90208426941684B
:104A90008160B2F5907F034607D0D0E905014FF45D
:104AA0009072C3E903015A61704700B583B000F109
:104AB00010010190FFF79CFA019BD86003B000BD84
:104AC00010B500F118010446FFF792FA606110BDBD
:104AD00030B5046994F830C01CF00F0F83B014D1C6
:104AE00094F83BC0BCF1000F0FD10D460121CDE978
:104AF0000023FEF7F5FED4E900E0DDE900232946B6
:104B0000F44603B0BDE830406047002003B030BD3C
:104B10002DE9F04383B004691E4615460A9B1268CE
:104B2000276803FB02F2804606FB03F360680193EB
:104B300000928946B847DDE9002338B1E1680B44AB
:104B40009A1AE2602E6003B0BDE8F08313B9E368FF
:104B50009A1AF6E749464046FFF7BAFFDDE9002317
:104B600018B1E16819448A1AEBE704214046FBF7C3
:104B7000B1FF00BF08B50149FBF7CAFD14BE02082A
:104B800030B5046983B06068256801920023A847A6
:104B9000E368019A9B1AE36003B030BD2DE9F04150
:104BA000046982B025680193074660688846164606
:104BB000A847019B30B1E2689B1B1A44E26002B037
:104BC000BDE8F081002BF6D0414638463246FFF76B
:104BD0007FFF019B0028EED1F1E700BF70B5D3F84D
:104BE00000C082B09445079C20DC1E4604EBD473C1
:104BF000BCEB630F054612DA4FEA4C04042CB8BF35
:104C00000424069B284603FB0CF203FB04F30193E8
:104C1000FFF7C4FF019B60B1346002B070BDA445D2
:104C2000EFDB0749089A2346FBF772FD084602B0FE
:104C300070BD002BF0D004212846FBF74BFF00BFCE
:104C40003CBE02082DE9F843046980462568606887
:104C5000894617461E46A84728B1E368F21B1A4446
:104C6000E260BDE8F883334616B9E268D21BF7E785
:104C700049463A464046FFF72BFF0028EDD1042174
:104C80004046FBF727FF00BF89B1F0B5046983B048
:104C90000B46019125680646002160681746A84723
:104CA000019B30B1E2681A44E26003B0F0BD0846EF
:104CB000704701463A463046FFF70AFF019B00283D
:104CC000F0D104213046FBF705FF00BF94460D29C3
:104CD0000BD8DFE801F00C0F12150A0A191D20236A
:104CE000262A2E076FEA0C007047002070470CEB55
:104CF00003007047ACEB0300704703FB0CF07047F8
:104D00001A46614605F0FEBF1A46614605F0E2BF4D
:104D10000CEA030070474CEA030070478CEA03007A
:104D200070471946604606F023B85942604606F0BF
:104D30001FB8CCF1000070470C2908D8DFE801F05B
:104D400011161B20222C3107070707070C00DFED87
:104D5000187AB0EE670A7047F1EE407AB0EE670A53
:104D6000704770EE207AB0EE670A704770EE607A96
:104D7000B0EE670A704760EE207AB0EE670A7047BF
:104D800005F0D8BFF0EE007AF4EE670AF1EE10FA03
:104D90000BD160EE007ADCE7C0EE207AB0EE670A55
:104DA000704780EE200A0DF0C1BF0DF0EDBD00BFD1
:104DB0000000000030B583B00D4601A9044611F093
:104DC00083F9019885ED000AA0420FD003780949C4
:104DD000CA185278140706D5013001900378CA1812
:104DE00052781207F8D40BB903B030BD002003B0DD
:104DF00030BD00BF30D5020870B5046805462046B6
:104E0000E66803F0B5FB3060037943F0400333718B
:104E1000E3680833E3606B6813B901236B6070BD0E
:104E200020460221BDE8704005F0FEBE30B50546C3
:104E300083B010EE100AEBF74FFB0E4ACDE90001EC
:104E40002C21284612F0EEFA0B490446284612F0AF
:104E5000EFFE2B5C13B1204603B030BD12F05EFFB5
:104E6000016809782955631C023430222046EA542F
:104E700003B030BD58BE020860BE020830B515460A
:104E8000C72D826883B004460B460FD8C2F1C70114
:104E90008D421ADC00F10C01881819462A4613F0DD
:104EA00001F8A3682B44A36003B030BD009100F16A
:104EB0000C01FFF7A1FF00220099A26020462A46BC
:104EC00003B0BDE83040FFF797BF00F10C0101933C
:104ED0000091FFF791FF0022DDE90013A260DBE7FC
:104EE00010B582689B2A82B004460B461BDC00F199
:104EF0000C0193F804C0BCF1030F01EB020008D0D1
:104F000093ED000AFFF792FFA3680344A36002B089
:104F100010BD1B680A4A2C2112F084FAA3680344CE
:104F2000A36002B010BD019100F10C010091FFF7E8
:104F300063FF0020DDE900130246A060D9E700BF4F
:104F400050CC0208431EFF2B4FF0000204D91B0A6D
:104F5000FF2B02F10802FAD80149C85C10447047DF
:104F6000E0D6020870B50B29157984B00C460646C8
:104F70000DDC06290DDC043901291FD8132D21D0A1
:104F8000032D26D192ED000AB8EEC00A1CE00D29CF
:104F900014D1032D3DD1126802921A79032A42D10D
:104FA0001B680393029A21463046FFF78FFE089A4A
:104FB000032310601371012004B070BD032D1BD0BA
:104FC000132D06D192ED000A1A79132A1ED0032A56
:104FD00002D0002004B070BDD3ED000AF8EEE00A64
:104FE00021463046FFF7A8FE089A132382ED000AF7
:104FF0001371012004B070BD1979126803291BD008
:105000001329E6D107EE902AB8EEE70AD3ED000A9D
:10501000E6E7104602A90022019305F015F9019B6D
:105020000028BAD1C8E70022184603A905F00CF9F8
:105030000028C1D0039BB5E71B6821463046FFF727
:1050400045FE089B18601D71D3E700BF2DE9F041B4
:1050500082B00546089C00940E4617469846FFF716
:1050600081FF10B102B0BDE8F081B31DDBB208933F
:10507000424623463946284602B0BDE8F04104F0D6
:1050800009BA00BF044B03445B789B074EBF30381E
:1050900040F020005738704730D502082DE9F04124
:1050A000DFF88CC102780CEB0203B4B05B7813F02C
:1050B000080F04460D46034606D013F8012F0CEBEB
:1050C000020149780807F8D42D2A67D02B2A08BF97
:1050D000013300271978302937D00CEB01025078C2
:1050E00010F0020200F09A804F4E002207F10708EC
:1050F00002EB82003039B24201EB400202D355D1BB
:10510000884553DB13F8010F0CEB000E01469EF8A7
:1051100001E01EF0020FEBD11EF0080F18BF0026B1
:1051200008D013F8010F0CEB000149780907F8D4F7
:10513000002E3BD1002839D19FBB181B2A600323C6
:105140002B71013034B0BDE8F0815A7802F0DF02F3
:10515000582AC2D198780CEB0002023392F801E091
:105160001EF010021FD000221EF0020F0CBF40F0F4
:105170002001A0F1300113F8010F08BF57391201C7
:105180000A440CEB000191F801E01EF0100FEBD186
:105190001EF0080F18BF0026C3D1CBE7013301274B
:1051A00098E75242C9E71EF0080F39D11F4920463F
:1051B00012F02DFD80B3027842F020026E2A31D029
:1051C0001646324669462046FFF7F4FD20B1001B23
:1051D000009A2A601323B3E72E21204612F0F2FA38
:1051E0000746F8B12046EBF7ABFAC8281AD8421C9C
:1051F000214601A812F056FE12F090FD3F1B0368F5
:105200006F441B783B713246694601A8FFF7D2FD17
:1052100040B101ABC01ADBE70646D2E70107C5D5AE
:1052200001267EE700208DE7CCCCCC0C6CBE0208BA
:1052300030D502087F2903D80123C1711846704771
:1052400000B500F1080C3F2201F03F035208890924
:1052500063F07F039142E6460CF8013DF4D800F17B
:105260000A03A3EB0E03C3F1080CD24341EA420147
:1052700000F80C10184600BD70B50B798CB0032BEC
:105280000C46064601AD10D091ED000A2846FFF706
:10529000CDFD02462946304603F06AF920600379C5
:1052A00043F0400323710CB070BD0B68034A2C21FE
:1052B000284612F0B7F80246ECE700BF50CC0208CF
:1052C0002DE9F04FBBB00E46002304908046252107
:1052D0003046CDE90533144612F074FA4FF0250933
:1052E00007AF0546002850D0AA1B314604A8FFF797
:1052F000C5FD6A78252A00F0B580A2F14903D9B22C
:105300002A2900F241812A2B00F23E81DFE813F0C6
:105310002B003C013C013C013C013C013C013C01B7
:105320003C013C013C013C018E003C013C013C0144
:105330003C013C013C013C013C013C013C013C0185
:105340003C013C0183002B003C0173003C013C010B
:105350003C013C013C013C013C013C013C0164003E
:105360003C013C019C0054F8042B0292032302A947
:1053700004A88DF80C30FFF7B3FDAE1C2521304694
:1053800012F020FA05460028AED13046EBF7D8F9E6
:105390003146024604A8FFF771FD049C069AE568B1
:1053A00007A9204603F0E4F82860037943F040039E
:1053B0002B71E368059A0833E360002A40F0DF8030
:1053C00001230593D8F80C300022069253F8080CFC
:1053D00010303BB0BDE8F08F069AB32A00F383800B
:1053E000B81854F8043B6A4A142112F01BF8069BC3
:1053F00003440693C1E7073424F00704F4E80201EC
:10540000EBF7C2F81323029002A904A88DF80C3020
:10541000FFF766FDB1E7069A54F8043BC62A43DC61
:105420003A441370069B01330693A6E754F8043BF5
:105430007F2B21D88DF80F300721012202AB1944B0
:1054400004A8FFF71BFD98E754F8046B002E00F04A
:1054500082803046EBF774F90246314604A8FFF724
:105460000DFD8AE7069AC62A59DC3A4482F8009074
:10547000069B0133069380E704AE3F20012203F030
:105480003F0140089B0961F07F01834206F8011D3E
:1054900002F10102F3D8C043C2F1080143EA40031C
:1054A0000DEB01000372C9E7DDF810A0019307A915
:1054B0005046DAF80CB003F05BF8CBF80000027944
:1054C000019B42F040028BF80420DAF80C200832ED
:1054D000CAF80C20059A002A40D101220592002129
:1054E00007AA06919DE7DDF810B007A95846DBF83A
:1054F0000CA003F03DF8CAF80000027942F0400227
:105500008AF80420DBF80C200832CBF80C20059A2E
:1055100082BB01230593002307A8069361E7DDF80A
:1055200010B007A95846DBF80CA003F021F8CAF820
:105530000000027942F040028AF80420DBF80C20D7
:105540000832CBF80C20059A7AB901230593002381
:1055500007AA06938AE70F4E06227EE750460221ED
:10556000019305F061FB019BB9E75846022105F064
:105570005BFBECE75846022105F056FBCBE7022126
:10558000204605F051FB1DE703494046FBF7C0F8F4
:10559000C4C6020874BE02087CBE02080EB400B580
:1055A00082B003AA52F8041B0192FFF789FE02B0F1
:1055B0005DF804EB03B0704730B50B783D2B83B03A
:1055C00058D0402B23D13C2A56D9454B383A114468
:1055D0001A889B788370028001F130030330D1F880
:1055E00000E0D1F804C08A68CC68C46010319942E8
:1055F000C0F800E0C0F804C0826000F11000EED1F5
:105600000B684A68426003600B7A037230E0CDE9B0
:1056100000020C4608460A2112F0D4F8DFF8C8C090
:10562000009B019A8646BCE803002C2A59609CF82E
:105630000010186003F10905197245D9BEF1000F79
:1056400001D0AEEB04022D2A28BF2D222146284688
:10565000009212F027FC009A2149AB180888A85242
:105660008A789A7003331F4A1188927819809A7049
:1056700003B030BD3C2A05D8013103B0BDE830404D
:1056800012F010BC4B1C024631311C68D3F804E008
:10569000D3F808C0DD68D56010338B421460C2F8BF
:1056A00004E0C2F808C002F11002EED11968D3F884
:1056B00004C0C2F804C0116019899B7A9372002358
:1056C000118180F83B30D3E7BEF1000FB9D12146FC
:1056D0002846009212F0E6FB009AAB18C3E700BF21
:1056E000C0BD0208B4BE0208A8BE0208F0B51E463E
:1056F00087B00B46054612480C46174647F6FF7C16
:105700004A6853F8081B02901020CDE9000C286A63
:105710000592FFF763FA059AEB6920601101475083
:1057200000EB02100C99866093F83230037300236B
:1057300043734160531C1046636007B0F0BD00BF67
:10574000B8BE020800B50B4601680446896A806845
:1057500085B0056A164651B909480A490090324693
:105760002846FFF71BFF0146A068FEF745FB0A46E7
:10577000284605490393FFF711FF039BEDE700BFA0
:10578000C8BE0208ECBE0208D8BE020870B590F888
:105790003310FF2984B028D00668DFF854C00A46C9
:1057A0003346816853F80C4F4FF0FF0E0546086AE8
:1057B000F16BCDF808C04FF0080CCDE900CEFFF733
:1057C0000DFAF268F063944206DA2346002140F8AD
:1057D000331001339A42FAD195F833305A1C00EB5A
:1057E000C30085F8332004B070BD014AFFF7AAFF5B
:1057F0000CBF020870B5046BC5696268AB6A013200
:10580000D31AC82B84B01DDC2346DFF844C0006ADD
:105810000E4647F6FF7E53F8081BCDF808C04FF040
:10582000100CCDE900CEFFF7D9F96268A96A2060B3
:1058300000EB0213501A0132626000225A71DE60DE
:1058400004B070BD024AC8212846FFF77BFF00BFA5
:1058500018BF02080B78C2690A2B0CD00B2B02D0A0
:10586000092B13D07047036B4A681B6803EB0213C4
:10587000DA68C2B9704713684A68DB6B03EBC20190
:1058800089790029F6D053F83220F2E79368C98865
:105890001B6B926A1B680A4403EB02135A79002AB5
:1058A000E8D0DA68E5E700B583B003460449006A4A
:1058B00001931032FFF772FE01460198F8F714FFCA
:1058C00028BF020808B5056A0446FEF799F804499E
:1058D00002462846FFF762FE01462046FEF78CFA94
:1058E00054BF020870B5044690F8320082B0002818
:1058F00038D01D46A3681B6BD3F800C0A36A00F123
:10590000FF3E18440CEB001CACF1100C06E00EF14D
:10591000FF3EBEF1FF3FACF1100C23D0DCF80C00D1
:105920008142F4D19CF8051003295ED04FF0FF337B
:10593000C2E90233092313709CF8063013711FFA71
:105940008EFEA2F806E05DB9E3681A7B724503D9C2
:105950001B681A7B7245FBD801225A7384F83620E3
:1059600002B070BD94F83300164698B12368DA6B24
:10597000002302E0013398420CD052F83350A94280
:10598000F8D14FF0FF320A21C6E90222317073606C
:1059900002B070BD6068002831D00023324601910A
:1059A000FFF7A0FF3378093B012BD9D82046FFF73A
:1059B000EDFE327863680199092A27D0002202712E
:1059C000726842711B68DB6B03EBC2039B798371C6
:1059D000236801605A79920603D54A7912F0180FAC
:1059E00023D194F83330013BCBE74FF0FF310B204C
:1059F0007344C2E902111070536002B070BD4FF0E1
:105A0000FF33C6E90103F3603070A9E70122027198
:105A1000327942719A68D3F828C0136BF2881B68F8
:105A2000624403EB02135B79D1E7A0680A46006A7F
:105A30001946FDF751FCD4E7F0B5C568A94285B019
:105A40001AD01D464368AB42044613D00392066A3F
:105A5000FDF7D6FF039907462046FDF7D1FF094918
:105A6000009503463A463046FFF798FD014620462A
:105A7000FEF7C2F9FFF726FF05B0BDE8F040FFF7DB
:105A800005B800BF60BF020838B58C1A1A78A2F1B9
:105A90001201012905461AD99AB9002C05DC95F89E
:105AA0003430234485F8343038BD95F8341022461C
:105AB0002846F8F7DDFE21462846BDE83840F8F7CD
:105AC0006BBF1946F9F746FA002CE8DDEDE7621CDA
:105AD00022EAE2721946F8F797FF002CEBDC95F802
:105AE0003430234485F8343038BD00BF70B5C56903
:105AF000044684B028460E46F9F7AAFA2046FEF777
:105B0000C5FFE36840F223118B42204613D124697C
:105B1000FEF7BCFF4FF0FF324FF0FF33CDE9022319
:105B20003146072328466A468DF800300194F9F77C
:105B3000C1FB04B070BDFFF7C5FE00BF70B5C26801
:105B400040F223139A4286B034D1036905460C46CD
:105B50001E46FEF79BFFE86950B1012322463146FD
:105B60000190FFF7BFFE23780198E3B106B070BD46
:105B70004FF0FF33C4E90103E36020702146019038
:105B8000F9F766FA4FF0FF324FF0FF33CDE9042307
:105B9000019803960723214602AA8DF80830F9F7E9
:105BA00089FB06B070BDA96B01232246FFF79AFE60
:105BB0000198E3E71946FFF785FE00BF2DE9F04F96
:105BC000D0F81CB09BF8323087B01C46002C6CD04B
:105BD000DBF80820DBF82850126B013C12682544E2
:105BE00002EB05125579032DF0D092F806E00EF184
:105BF000010900295CD0013901EB09020592BBF9CA
:105C0000302082460025DBF80810DBF80060581CC5
:105C10008BF83200086BDBF8281007682A48194413
:105C200007EB01173346D7F80C8053F8204FB16CBF
:105C300087F8069047F6FF7C02900C20CDE9000C17
:105C4000DAF82000FEF7CAFF326AB06494420CDA38
:105C5000121B04EB440402EB420200EB8404002319
:105C600044F8235003339342FAD1BBF93030DBF8C8
:105C7000101003EB430240F8228000EB82025160D7
:105C80007279920604D598F8052012F0180F12D1F7
:105C90005A1C12B2ABF830203B81059B994507D0C6
:105CA0009BF8323009F10109ADE7A1460029A2D1E4
:105CB00007B0BDE8F08FDAF8200042463146FDF724
:105CC0000BFBBBF93030E3E718BF02082DE9F04FBA
:105CD000D0F81C90804687B04846D8F830400F4630
:105CE00093461E46F8F782FD504BD4E906128246D1
:105CF000029347F6FF701023CDE9003004F1200332
:105D0000D8F820000592FEF769FF059AA0611301FB
:105D100000EB0215C750D8F81C30C5F808B093F84E
:105D200032002873013200216973C5F804A0E261D2
:105D30001EB1D9F80C20127B2A73DB68D8F830B07A
:105D40009C68DBF81020A242C8BF4FF0000A04DCB8
:105D500035E00134A2422FDD2F68DBF80C3026013C
:105D600003EB04119B59BB42F3D1D8F8307095F87E
:105D70000CE0FA68D8F81C00931993F80CC0E645BB
:105D80003ED84A7B59684AEA020A6A68F8F732FD47
:105D90003B69013BA3420ADDF86805931A1B06F133
:105DA000100101441201304411F0EBFC059B3B61F2
:105DB000DBF81020A242CFDCBAF1000F03D10020A3
:105DC00007B0BDE8F08F99F8322072B1D9F80830E9
:105DD000D9F828101B6B013A1B68114403EB01131F
:105DE00059790329F1D09A7901320023CDE90033A2
:105DF00036214846F8F7A6FD012007B0BDE8F08F30
:105E00008168806A096B92599B68844408680849D4
:105E100000EB0C101032C06810300090D8F8200051
:105E2000FFF7BCFB01464046F8F75EFCB8BE02082F
:105E300088BF02082DE9F041D0E9027595F80CC041
:105E40000446386B82B0664666B1A26A0368013EBA
:105E5000324403EB02135A79032AF5D09E790136B6
:105E6000B04600E0B04694F832304268A3EB0C0133
:105E7000521A42609C4518DA013BDBB284F832309A
:105E8000A16A0268194402EB011251790329F1D089
:105E90002168B2F90820896C02EB420211EB820101
:105EA0001CBF22698A609C45E6DBAB7B6BB9296825
:105EB00000295DD06B7B002B7CD184F834803B6B58
:105EC0006A68DA61AB68E16016E04249386A052227
:105ED00002F04EFB002301461A463846FFF7F6FE55
:105EE0000028E4D0296884F834803A6B6B68D36169
:105EF000AB68E160002942D0A268D2F830C0DCF87B
:105F000010209A4231DDDCF80C702E7B07EB031E6B
:105F100007EB02179EF80C305BB1A16ADCF8002099
:105F2000013B194402EB011251790329F4D0937912
:105F3000013332465AB1A06ADCF80010013A10442D
:105F400001EB001148790328F4D08A7901329A4292
:105F500005DA9EF80D306A7B13438EF80D308EF80B
:105F60000C600EF1100E7745D4D102B0BDE8F0817F
:105F700084F834803A6B6B68D361AB68E160116977
:105F80009942F2DDD5681349386A1E01052255F899
:105F9000068005EB031402F0EBFA8045A368386A2B
:105FA00011D0AA590C491032FFF7F8FA01463846C9
:105FB000F8F79AFB0023CDE900333246362120461C
:105FC000F8F7C0FC8EE705491A46FFF7E7FA0146E5
:105FD000EDE700BF38BD0208E0BF0208C0BF0208FD
:105FE0002DE9F043D0E90746256894F8321083B0D4
:105FF000074661B1A368A26A1B6B01391B680A449A
:1060000003EB02135A79032AF3D099790131002264
:106010002046F8F76BFC2046FFF70CFF4FF0040911
:106020002046F9F74FFE2369696BCDF8009005F122
:1060300014023046FEF76CFD01222369296C686367
:106040000092304605F11802FEF762FD4FF0080895
:10605000636A696C286405F12402CDF8008030463B
:10606000FEF756FDE369296B686405F11002CDF86F
:1060700000803046FEF74CFD236AA96B286305F1CA
:106080001C02CDF800903046FEF742FD0C22B4F918
:106090003030A96CA8630092304605F12002FEF76B
:1060A00037FDA86494F83330E96BCDF8008005F132
:1060B0000C023046FEF72CFD33696268DB68E8634A
:1060C000002BFA6102DC03B0BDE8F083304603B078
:1060D000BDE8F043FDF756BA2DE9F04F044693B002
:1060E000006AD4F8049002F003F8E3683B2B00F058
:1060F000E6826FF4807E73441E2B22D81E2B20D89C
:10610000DFE813F03C006B001F001F001F001F00A2
:106110007A0025016F01C7011F00E7011F001F0062
:106120001F004602B2021F001F001F00E1021F00F5
:106130001F001F001F001F001F001F001F001F0067
:106140003B030DA92046E56901F00AFAE3683D2BFF
:1061500000F009842C2B00F006849DF83430122BBB
:1061600040F08A852B680E995A6B52F8213023F043
:106170007F4343F0807342F8213014E02046666884
:10618000FEF784FCA449206A052202F0F1F90546D5
:10619000E069F8F767FB216B009033462A460C3123
:1061A0002046FFF7A3FAE06990F8323063B18268C5
:1061B000816A126B013B1268194402EB011251799A
:1061C0000329F3D09379013380F83430226A136EB7
:1061D000013B136613B0BDE8F08F2046FEF756FC76
:1061E000204601F019FB4B464FF4817240F2051135
:1061F0002046FFF721FCD6E7D4F81CA001238DF838
:106200001E309AF832308DF81C30DAF808301B6BEB
:10621000D9691A69059100238DF81D30DAF80C3020
:106220000692002B00F0EA83DA7B003A18BF0122C5
:106230008DF81F2004AA04932046CAF80C20FEF70C
:1062400025FCE26840F223139A4240F0DF842046A6
:106250002769FEF71BFCE5683D2D00F0218340F225
:106260000B139D4202D02C2D40F00E85D4F81C80DB
:106270006A4998F834300B2220469B46FDF7C0FD52
:1062800001462046FFF7B6FA0B2264492046FDF787
:10629000B7FD01462046FFF7ADFA0B225F492046C5
:1062A000FDF7AEFD01462046FFF7A4FA0B225B493D
:1062B0002046FDF7A5FD01462046FFF79BFA39462B
:1062C0002046FFF797FAE3682C2B4FF0050700F004
:1062D000598440F20B118B42204640F0D3840CAD20
:1062E000FEF7D4FB6368039300222946204600F0A2
:1062F0004BFEE3682C2B4FF0010600F03C832B464D
:106300003246E0690421FFF7BFFB04212046FFF776
:1063100055FCD8F80C3001255D73DD730321404630
:1063200088F83650F8F724FB039A00953B1F59462E
:10633000204601F0B5FA20464B4640F2071240F2E3
:106340000511FFF779FB5046FFF774FD2BE7204658
:10635000FEF79CFB08A92046FFF7F0FBE3682E2B15
:1063600018BF0CAD26D140F223160727E56908A90E
:106370002846F8F76DFE2046FEF788FBE368B34237
:1063800040F044842046D4F81080FEF77FFB4FF0A5
:10639000FF3328464FF0FF320CADCDE90E2308A99C
:1063A0002A46CDF834808DF83070F8F783FFE36823
:1063B0002E2BDBD03A2B00F0678300224B46294678
:1063C000204600F071FC08A92046FFF743FAE06977
:1063D00008A92A46F8F756FEE0694946F9F738F861
:1063E000E1E62046FEF752FBE26840F223139A42B0
:1063F00040F00C842046E569D4F804802769FEF754
:1064000045FB226BE369D069DB6A984240F3428323
:10641000966906EB031609E038BD02080CC00208B5
:106420000133984206F1100600F034833168B94216
:10643000F6D1327B62B1AB68A96A1B6B013A1B686B
:10644000114403EB011359790329F3D09A790132EE
:1064500095F83230A3B1A968A86A096B013B0968B5
:10646000184401EB001148790328F3D08B7993424B
:1064700006DB0023CDE9003336212846F8F762FA1F
:106480002846F8F7EFF9726801462846F8F7B2F99E
:1064900089E64FF0FF33E6690C930CA900E00CA9E4
:1064A000204601F0C9FAE368B3F5827FF7D040F2E5
:1064B0000312934200F0E18220464B464FF485726E
:1064C00040F20511FFF7B8FA0C993046F8F79AF93F
:1064D00069E62046FEF7DAFAE368B3F5847F00F058
:1064E000978240F22312934240F09083E6694FF086
:1064F00000084FF0FF3725692046FEF7C7FA294606
:106500002046FFF777F9E3683C2B814600F07C8159
:106510000020B268B16A126B1268494402EB0112A2
:1065200050712C2B08F1010A00F063813D2B00F023
:10653000D88200238DF830309B460CADE06951467F
:106540002B465A46FFF7A0FA51462046FFF736FB86
:10655000791C3FF428AEF26801235373D37386F895
:10656000363067B1B368B26A1B6B013F1B683A44AF
:1065700003EB02135A79032AF3D09F7901370023E2
:10658000CDE900333A4630463721F8F7DBF90AE621
:10659000E6693046F8F72AF901238DF81E3096F89F
:1065A00032508DF81C50B3681B6B002219690746E6
:1065B000D8698DF81D20F268CDE90501002A00F0A8
:1065C0001982D37B003B18BF01238DF81F308DF853
:1065D0002F3004AB0492089308AA0023CDE90901E7
:1065E0008DF82C508DF82E308DF82D302046F2602D
:1065F000FEF74CFAA64DE2686FF4817C02EB0C03C7
:106600001D2B00F2CB8125FA03F3D80740F1F88166
:106610004B464FF488724FF48A712046FFF70CFA0C
:1066200000220CA9204600F0AFFC9DF83030E06954
:10663000012B08BF03230CA908BF8DF83030F8F7F1
:10664000CDFD3046DDF83C80FFF7F4FB9DF82D30A2
:10665000002B40F0A78130463A464146F8F7CAF889
:106660003046FFF7E7FB9EE52046FEF70FFAE769A5
:1066700097F8326066B1BB68BA6A1B6B013E1B6853
:10668000324403EB02135A79032AF3D09E79013680
:10669000E3686FF481729A181D2A00F208827C4B1D
:1066A000D340DB0740F106824FF0000842463146F6
:1066B0003846F8F71BF9E3683B2B7FF474AD2046AE
:1066C000FEF7E4F96FE5E6692046FEF7DFF93046AC
:1066D000F8F78CF80CAD002229468046204600F0E1
:1066E00053FC9DF83030E069012B08BF0323294695
:1066F00008BF8DF83030F8F771FD01230F9F8DF83A
:106700003E3096F832308DF83C30B3681B6B002277
:10671000D9691B698DF83D200E93F3680D91002B0C
:1067200000F06A81DA7B003A18BF01220C93E3681B
:106730008DF83F20B3F5817FF56040F073822046ED
:10674000FEF7A4F9204601F067F83046F8F78AF81A
:10675000424601463046F8F74DF84B4640F21512D6
:1067600040F205112046FFF767F93046FFF762FB5C
:1067700039463046F8F746F815E52046FEF786F923
:10678000E26840F223139A4240F040822046256995
:10679000FEF77CF9E66840F21F118E42204640F079
:1067A0007182FEF773F902E02046FFF795FCE3687B
:1067B0003B2BF9D0B342F7D0226BE169D669C96AA5
:1067C000B14257DA926902EB011204E00131B142A1
:1067D00002F110024ED010688542F7D193682D491E
:1067E000206A05F11002FEF7D9FE01462046F7F7B0
:1067F0007BFF2046FEF74AF9E26840F223139A42F3
:1068000040F00482D04676E62046FEF73FF9E26883
:1068100040F223139A4240F0F98120462569FEF7A1
:1068200035F9E3683E2B40F02B8220461035FEF709
:106830002DF919492846E9F723FFC0B11749284621
:10684000E9F71EFF002840F0FE81B368B26A1B6BB7
:106850001B684A4403EB021301374FF002025A71DE
:1068600040F0ED8196F83270E368474459E6E368FA
:1068700001204EE6B3F5837F6FDBA3F59073B3FA87
:1068800083F35B094A4629462046FFF71FFA8AE44C
:106890000700022098C0020830C0020838C0020871
:1068A000E669C44996F834800B222046FDF7A8FA21
:1068B00001462046FEF79EFF0B22BE492046FDF70B
:1068C0009FFA01462046FEF795FF0B22B949204664
:1068D000FDF796FA01462046FEF78CFF3946204622
:1068E000FEF788FFE3683D2B40F0A5812046FEF7C8
:1068F000CDF800220CA9204600F046FBE0690CA967
:10690000F8F728FBE3682C2B40F091812046FEF736
:10691000BDF800220CA9204600F036FBE0690CA966
:10692000F8F718FBE3682C2B00F01F8196F8341061
:1069300030460122F8F746F830460121F8F72CF8E6
:1069400020460321FFF73AF9002300934146012333
:106950004A46204600F0A4FFEDE4B3F5817FD4BFA2
:10696000002301238EE7002301220CA920460C936B
:1069700000F088FE17E42046FEF788F8E069294613
:10698000F8F7E8FA00222946204600F0FDFAE3680D
:106990002C2B06F101067FF4B2ACECE72046FFF7A2
:1069A0009BFB28E63046F7F75DFF4146054630463B
:1069B000F7F728FF9DF82C2062B1B368B16A1B6B12
:1069C000013A1B68114403EB011359790329F3D0F1
:1069D0009A7901320023CDE9003336213046F7F7AA
:1069E000B1FF3046F7F73EFF294680463046F7F7BD
:1069F00009FF30E61346E8E51A4697E61A4617E41B
:106A000040F211139A42C9D12046FFF765FBFFE51A
:106A10002046FEF73BF8E26840F223139A4240F02A
:106A2000F580E569276995F832602046FEF72EF873
:106A300039462046FEF7DEFE01212046FFF7BEF86C
:106A4000636800220CA9204600F02EF9AB68AA6A00
:106A50001B6B1B68164403EB06135A79032A00F0DC
:106A600017812A68B3F90830926C03EB430302EBF9
:106A700083032A695A60FFF796BB2046FEF706F8A3
:106A8000204600F0C9FE17E508A92046FFF72EF8BA
:106A9000012293E42846F7F7E5FE216B0090434678
:106AA0003A460C312046FEF721FEFFF77CBB3B2B1C
:106AB0003FF4FAAD0CAD00222946204600F064FAFE
:106AC000E3682C2B00F085809DF83030123B012BC1
:106AD00072D929463846F8F773FA4FF0010806468E
:106AE000E4E520460CADFDF7D1FF00222946204603
:106AF00000F04AFAE3682C2B4FF0010B23D0D3456A
:106B00007FF41CADB368B26A1B6B1B68914403EB46
:106B1000091999F80530012B01D0D3460EE54A46F4
:106B200029463046F7F7E6FD0028F6D0032389F81A
:106B3000053041462046FFF741F896F832300133E0
:106B400086F8323004E52046FDF7A0FFE0692946CB
:106B5000F8F700FA00222946204600F015FAE3680B
:106B60002C2B0BF1010BCAD1EDE72046FDF78EFF70
:106B70000CA90022204600F007FAE0690CA9F8F7FA
:106B8000E9F9DDE640F223152046FDF77FFFE368D3
:106B9000AB423BD126692046FDF778FF31462046BF
:106BA000FEF728FEE3682C2B07F101077FF491AB79
:106BB000EAE700BF0CC002084FF0FF322946384612
:106BC000F7F722FF9DF83030122B45D04FF0FF38F9
:106BD0006CE54FF001082046FDF758FFE0692946B3
:106BE000F8F7B8F900222946204600F0CDF9E3680D
:106BF0002C2B08F10108EED09DF83030123B012B10
:106C000009D929463846F8F7A5F94FE540F223118E
:106C10002046FEF757FE4FF0FF3229463846F7F779
:106C2000F3FED3E74FF481712046FEF74BFE2C2193
:106C30002046FEF747FE29462046FEF743FE16494A
:106C40002046F7F751FD1549206A2A46FEF7A6FCB3
:106C500001462046F7F748FDFB68DB7B002BB5D1EA
:106C60003B680D995A6B52F8213023F07F0343F0B3
:106C7000450342F82130A9E709492046FDF7BCF851
:106C80003E212046FEF71EFE06492046FDF7B4F8D9
:106C900000235B60FFDE00BF58C0020840C002084E
:106CA00088C0020818C002082DE9F04FD0F81C90E7
:106CB000D0F820A0D9F800809346D8F81C50D9F815
:106CC0002020AA4297B004460E461F4680F2FA8062
:106CD0005046FBF755F8D9F82030D8F83820591C21
:106CE000C9F8201042F8230098F805309B060546A5
:106CF000407903D510F0180F40F01E814FF00008C6
:106D0000216BAF62E269CDF852808DF8568009920E
:106D10004A68CB6912920DF1200E626BC4F81CE038
:106D20008006CDE90C88CDE9108808950A940E9765
:106D3000CDF83C80ADF85080CDF82C801393EA64F8
:106D400000F19580059302232B7200220B690693B4
:106D5000ADF81C208DF81E2013468DF81F3004ABB3
:106D60000B93E3680492282B40F0FC802046FDF74B
:106D70008DFEBBF1000F40F0C280E368E569292B6E
:106D8000D5F8009000F0CF804FF00008B3F58C7F6D
:106D900055D040F22312934240F0E080D4F810A086
:106DA0002046FDF773FE51462046FEF723FDE368BB
:106DB0002C2B08F1010800F0C68041462046FEF762
:106DC000FDFE95F8321089F806102846F7F7E4FD25
:106DD000E368292B40F0CA802046FDF757FE654D39
:106DE000E2686FF4817153181D2B67D825FA03F3FD
:106DF000DB075FD5089B6268DA6220463B464FF4AA
:106E0000847240F20511FEF717FEE3695D682B6A94
:106E100000224F21013B2846F7F7A4FD4FF0FF3336
:106E20001122C6E902337060327031462846F8F705
:106E300091F82046FFF7D4F817B0BDE8F08F204650
:106E4000FDF724FE41462046FEF7B8FE95F83220B5
:106E500089F80620296800230120C8715121CDE955
:106E600000332846F7F76EFD95F83210ADE75079FC
:106E700010F0180F3FF466AF206A2946FCF72CFA91
:106E80000A9A9DF85200116B4FF0020CCA690592E4
:106E90000B9A85F808C009698DF81C0006918DF8D9
:106EA0001E808DF81D80002A52D0D37B003B18BF76
:106EB000012352E740F211139A424BD02046FFF7CC
:106EC0000BF98DE72C4BDFF8BCC0D8F838100293D3
:106ED0000423CDE9003C504608F11C03FDF77EFE7B
:106EE000D8F81C20C8F83800AA427FF7F1AE521B30
:106EF00000EB85009200002110F05CFCE8E6042223
:106F00001E492046FCF77CFF01462046FEF772FC36
:106F100001212046FEF752FEE368E569292BD5F8EA
:106F200000907FF431AF00212046FEF747FE95F830
:106F3000321089F8061048E7504641462A46FCF7C9
:106F4000CBF96879DAE62046FDF7A0FDE3681DE796
:106F5000134602E72046FFF7BFF84BE708492046F3
:106F6000FCF74AFF28212046FEF7ACFC29212046E9
:106F7000FEF7A8FC07000220E0C70208C0C0020814
:106F8000C8C00208FFFF01002DE9F047044686B0A3
:106F9000006A0F46924601F0ABF8E3687E2B60D0A2
:106FA0005ADC232B3ED02D2B75D100256668204658
:106FB000FDF76CFD0C2239462046FFF7E5FFE0693E
:106FC00033463A462946F8F767FAE3687E2B00F025
:106FD000238129DC5E2B66DC242B40F38E80253B4D
:106FE000392B00F28A80DFE803F0AFB2888888C4CA
:106FF000B588B888BB888888888888888888888881
:1070000088BE88C78888888888888888888888888B
:1070100088888888888888888888888888888888F0
:10702000888888C10325C1E7A3F580731E2B64D827
:107030001E2B62D8DFE803F08561616161616161E7
:1070400061616161616161826161616161616A6DFA
:107050006176797C7F707300B3F5877F03D1022559
:10706000A4E70125A2E7A3F583731E2B16D81E2BD8
:1070700014D8DFE803F0C913BF13131313CD131390
:10708000131313B613131313A2131313131313139E
:107090001399901384007B2B00F0C1803946204661
:1070A00000F05EFA91E77C2B27D104230825534595
:1070B000DFF8808122DD2046D4F80490FDF7E6FC5D
:1070C000E0693A462946F8F771F908EB450302A949
:1070D0005A782046FFF758FFCDF80090064602ABDD
:1070E000E0693A462946F8F745FB152E05D018F811
:1070F000163053453546DEDC00E01525226A136E56
:107100002846013B136606B0BDE8F0870B23062531
:10711000CDE709230C25CAE707230A25C7E707237C
:107120000B25C4E703230D25C1E703231225BEE782
:1071300003230F25BBE703231025B8E701231425FC
:10714000B5E702231325B2E70B230325AFE7062398
:107150000725ACE70A230025A9E70A230125A6E7AE
:107160000B230525A3E703230E25A0E70E23042503
:107170009DE70B2302259AE70323112597E723694F
:107180007B604FF0FF33C7E9023307223A70204695
:10719000FDF77CFC19E706233B7022697A604FF00B
:1071A000FF33C7E90233F2E74FF0FF33C7E9023399
:1071B00005223A7023697B60E9E7E0690368DB79BF
:1071C00093B300230122CDE9002350211A46F7F79B
:1071D000B9FB4FF0FF331322C7E9023378603A70EE
:1071E000D5E74FF0FF3302223A700022C7E90123AE
:1071F000FB60CCE72046FDF749FC63680022394676
:107200002046FFF751FDE0E64FF0FF330322EBE7A6
:107210004FF0FF330122E7E70523092547E7394609
:10722000204600F05FF8D0E601492046FCF7E4FD77
:10723000E4C002083CD80208F0B5C268C66940F252
:1072400023139A4296F834708FB004460D4631D01D
:10725000FDF71CFC002202A92046FFF795FEE0691D
:1072600002A9F7F7FFFEE3685D2B37D12046FDF753
:107270000DFC6B6901336B61E3683D2B2AD120461D
:10728000FDF704FC2B690FCB06AD85E80F0002AAC1
:1072900029463046F8F70EF80AA920460022FFF7E3
:1072A00073FE0AAA29463046F7F7ECFE86F83470DA
:1072B0000FB0F0BD03690193FDF7E8FB019B039359
:1072C00007238DF808304FF0FF324FF0FF33CDE940
:1072D0000423CEE73D212046FEF7F4FA5D21204647
:1072E000FEF7F0FA2DE9F04300258BB0C669CDE931
:1072F000005543680F462A460446132198463046F7
:107300002B46F7F71FFB294681463046F7F784FAEC
:1073100096F834307B6008224FF0FF33C7E9023320
:107320003A7001213046CDE9075509950697F7F7E0
:1073300033FB4FF0FF33CDE90433E3688DF8085099
:107340007B2B039540F085802046FDF79FFBE3688B
:107350007D2B21D040F223159DF808205AB102A9B7
:107360003046F7F7F7FD4FF000038DF80830099B22
:10737000322B61D0E3685B2B37D0AB4230D0002298
:1073800002A92046FFF700FE099B01330993E36839
:107390002C2B31D03B2B2FD0434620467B227D2106
:1073A000FEF74AFB099B73B39DF80820A2F1120176
:1073B00001292AD9002A39D1069A30465168089AFB
:1073C000F8F752FC089B099A1344089307997A68C6
:1073D000009130464946F8F711FC0BB0BDE8F08348
:1073E0002046FDF76DFB3D28C9D102A92046FFF7D5
:1073F00023FFE3682C2BCDD12046FDF747FBE36844
:107400007D2BA9D1C8E7089BE0E74FF0FF3202A926
:107410003046F7F7F9FA069A4FF0FF335168089AA9
:107420003046F8F721FC089B013BCCE702A9304627
:10743000F7F790FD099BBFE7069A30465168089A16
:10744000F8F712FCDDE90832002113440991089392
:1074500090E77B212046FEF735FA00BFF0B5C36800
:10746000C66947687B2B89B00C4669D0B3F5927F1B
:10747000054619D0282B6ED1FDF708FBEB68292BA8
:107480004AD100238DF810303B4628222921284676
:10749000FEF7D2FA9DF810306268A3F112010129BB
:1074A00016D80023551C19E00369059307238DF8AE
:1074B00010304FF0FF324FF0FF33CDE90623FDF7D8
:1074C000E5FA9DF810306268A3F112010129E8D9AC
:1074D000002B39D196F83430551C9B1A022100201C
:1074E000CDE9001044213046F7F72CFA4FF0FF3376
:1074F000C4E9023312236060394630462370F7F73F
:10750000A7FF86F8345009B0F0BD2846FDF7BEFA53
:10751000E86904A9F7F71EFD002204A92846FFF731
:1075200033FDEB682C2BF0D09DF81030123B012B73
:10753000AAD804A94FF0FF323046F7F765FAA3E75F
:1075400004A9FFF7CFFEBCE704A930460392F7F782
:1075500001FD039ABEE70149FCF74EFC10C1020889
:107560002DE9F04FC768C669282F85B004460D463F
:1075700066D040F223139F4276D1FEF7DFFA40F245
:1075800023194FF0FF3A4FF0FF3B4FF00708E36835
:107590003A2B14D02CDD5B2B36D05A2B31DD7B2BD4
:1075A00002D0B3F5927F2CD129463046F7F7D2FCB2
:1075B00029462046FFF752FFE3683A2BEAD12046DE
:1075C000FDF764FAE3684B4555D120462769FDF77E
:1075D0005DFA294630466A46CDE902AB01978DF83F
:1075E0000080F7F7B5FD29462046FFF737FFCEE7C5
:1075F000282BD9D02E2B04D129462046FEF776FA27
:10760000C5E705B0BDE8F08F29463046F7F720FD05
:107610002046FDF73BFA002269462046FFF7B4FCFE
:10762000E0696946F7F71EFDE3685D2B1FD1204630
:10763000FDF72CFA6A4629463046F7F73BFEA6E7E7
:10764000D0F80480FDF722FA294600222046FFF7F1
:107650009BFC204643463A462921FEF7EDF9E069B6
:107660002946F7F723FA8AE70549FCF7C5FB5D21B0
:107670002046FEF727F940F223112046FEF722F9B3
:107680002CC102082DE9F0410B79093B062B88B08B
:1076900000F2B98004460E1D0D4631461746FEF72E
:1076A000D9F8E3682C2B4BD03D2B40F0AF8020461F
:1076B0000DF10C08FDF7EAF9002241462046FFF7DC
:1076C00063FCE3682C2B4FF001051AD0AF422BD09E
:1076D000E0692A4639464346FEF7D6F9E06990F854
:1076E00034304FF0FF34234404934246082331469C
:1076F000CDE905448DF80C30F7F7C4FC08B0BDE8BF
:10770000F0812046FDF7C2F9E0694146F7F722FC17
:10771000002241462046FFF737FCE3682C2B05F199
:107720000105EED0AF42D3D1E0694146F7F79CF9AD
:10773000E06942463146F7F7A5FC08B0BDE8F081A4
:107740002046FDF7A3F904A920460395FFF708FF9B
:107750009DF810300C3B032B0ED8206A0DF10C085D
:1077600000F0C6FC7A1C41462046FFF78BFF226AD8
:10777000136E013B1366B1E7D4F81C80002098F823
:10778000342003E009292AD02D6895B12B79A3F183
:107790000C010329F8D80D2B9DF81010F2D10A29FD
:1077A000F2D1A97A059B9942EED10F23AA722B71CF
:1077B00022E00028D1D09DF81030092B0CBF2946BB
:1077C0000921CDE900550CBF9DF81430059B4046BA
:1077D000F7F7B8F801214046F7F7DEF8BDE79DF866
:1077E000141095F80AC08C4508D00C2BCCD1B5F9F3
:1077F00008308B42C8D12A810120C5E70C2BAA7220
:10780000FAD10120F3E70349FCF7F6FA3D212046BF
:10781000FEF758F888C0020810B5C36986B0002288
:1078200093F832108DF816208DF8141099688DF8A1
:107830001520096BDA68CC690969CDE9034132B3D7
:10784000D17B003918BF01210DF1080C134C8DF8C4
:1078500017100292C3F80CC0C1686FF481728A18C5
:107860001D2A24FA02FC0BD81CF0010F04D0184684
:10787000FEF7E0FA06B010BD40F21112914208D0B6
:10788000CDE90003FEF728FCDDE90003E4E711463B
:10789000DAE70093FEF720FC009BE8E707000220F0
:1078A0002DE9F0479846C3688CB0B3F5817F149FEB
:1078B00040F0B680C469894606469246FDF7E6F870
:1078C000594B4A46D95D20460023F7F74BF8002371
:1078D00094F832208DF81E308DF81C20A2688DF8A7
:1078E0001D30126BE368D169126905910546069255
:1078F000002B7BD0DA7B003A18BF0122049304AB43
:107900008DF81F204146E3603046FEF757F94146A7
:107910002046F7F741F8F269002392F832108DF80B
:107920002E308DF82C1091688DF82D30096BD368AE
:10793000C869096909900A91002B55D0D97B003993
:1079400018BF01218DF82F100893384908ABD36078
:10795000F0686FF4817C00EB0C031D2B3DD821FAFD
:1079600003F3DB0735D51046FEF764FA2046FEF731
:1079700061FA2046F6F73AFF6B1CC01AB0F5003FDB
:1079800044DA23685A6B52F82530C3F30E0343EAF6
:10799000C03342F825305FBB254B4A46D95D2046AF
:1079A0000023F6F7DFFF451BB5F5003F02462DDA51
:1079B00023685E6B56F82230C3F30E0343EAC533E7
:1079C00046F8223051462046F7F742FD0CB0BDE89C
:1079D000F08740F2111398421CD030460392FEF714
:1079E0007BFB1249039AB3E71946ABE71A4685E7D2
:1079F0000023CDF8008001934A464C212046F6F73B
:107A0000A1FF51462046F7F723FDC5E70949A068C5
:107A1000FCF7F2F930460392FEF75EFB039AA2E709
:107A20004FF48171FDF74EFF38D80208070002209D
:107A300034D802086CB90208F0B504468BB0C569A9
:107A40000F46FDF723F8002206A92046FFF79CFA0F
:107A5000E368B3F5897F40F0AB802046FDF716F868
:107A6000E268E06940F201139A4206A940D0F7F7B4
:107A7000B5FB002395F832208DF816308DF81420D0
:107A8000AA688DF81530126BEB68D1691269039101
:107A90000492002B00F08480DA7B003A18BF0122A8
:107AA0008DF81720099E029302AAEA60E268434912
:107AB0006FF4817013181D2B16D821FA03F3D90720
:107AC0000ED52846FEF7B6F9E3686FF481721344C9
:107AD000012B5CD931462846F6F794FE0BB0F0BD79
:107AE00040F211139A425FD02046FEF7F5FADDE727
:107AF00063681E46F7F7B4FB2046FCF7C7FF002378
:107B000095F832208DF816308DF81420AA688DF87B
:107B10001530126BEB68D169126903910492002B46
:107B200040D0DA7B003A18BF0122029302AB8DF8F5
:107B300017202349EB600522206A00F019FD216B14
:107B400002460898009033460C312046FDF7CEFDE2
:107B5000E3683B2B0AD0B3F5837F10DAB3F5817F5E
:107B600010DC2846F6F77EFE06469FE72046FCF727
:107B70008DFFE3683B2BF9D0B3F5837FEEDBB3F5E4
:107B8000907FEED12846FEF755F90BB0F0BD2846A0
:107B9000F6F768FE394602462846F6F7F1FD99E702
:107BA0001A467DE71A46C0E72046FEF795FA88E7B1
:107BB0004FF489712046FDF785FE00BF07000220C3
:107BC00038BD020890F8323063B18268816A126B66
:107BD000013B1268194402EB011251790329F3D0D9
:107BE00093790133184670472DE9F0430546A5B057
:107BF0008846012191461F46F9F774FFEB6846223B
:107C00001A71186006462846F9F738F9284600F038
:107C1000CDFEEB682090452218601A712846F9F7CE
:107C20002DF92846FAF7ACF87379F0609B06044604
:107C3000079004D5437913F0180F40F0BC802C99BD
:107C4000284600F0BFFC0799E0644A79CB6C9406A3
:107C500004D55A7912F0180F40F0B48000242D9A00
:107C600000922197FC613C617C6015AF424628463A
:107C70003946CDF87C90FCF7E5FEDDF81C90219BA1
:107C8000D9F82820CDF84E408DF852400D92CDE91C
:107C90000B445A68D8691192CDE90F441C9A089296
:107CA0000DF11C0809970E94ADF84C400A941290FF
:107CB000CDF8708099F805C0229AC9F84C201CF0C4
:107CC000200F49D1022289F808201B69059300235F
:107CD00004904946ADF818308DF81A301A46002441
:107CE00003934FF0010903AB8DF81B200A93224642
:107CF00081F8079023465121CDE900444046F6F72C
:107D000021FE4046FDF742FDA0F804908471239ABD
:107D1000079902604B79980603D5537913F0180F31
:107D200045D13846FCF7B2FE304C189A6FF4817199
:107D300053181D2B37D824FA03F3DB072FD5B2F5E0
:107D4000907F4DD13846FEF74BF9EB683046083B43
:107D5000EB6025B0BDE8F08392F805C01CF0180F69
:107D6000B0D01D984946FBF7B7FA099B9DF84E0025
:107D70001A6B0799D36904934FF0020C0A9B89F898
:107D800008C012698DF8180005928DF81A408DF818
:107D90001940F3B1DA7B003A18BF01229FE740F2A5
:107DA00011139A4217D03846FEF796F9BDE71D9891
:107DB000FBF792FAB5E7024631462846FBF78CFA04
:107DC000079C3CE71A462846FBF786FA079BDB6CC4
:107DD00044E71A4683E73846FEF77EF9189AAEE77D
:107DE0004FF490713846FDF76DFD00BF070002208B
:107DF00010B50022044608464FF4B471FCF744FF66
:107E000000220346E061606200F5B4711A71083324
:107E10008B42FBD14FF4003300F5A071636500F194
:107E20000803A161C4E90F226063626400F1A80144
:107E30000271E36004F13403A163636110BD00BF0C
:107E4000F8B5014604460569FFF7D2FF204600F069
:107E5000ADFD452706460146022268620023204602
:107E600085F8287000F0EAFFF66848233371346023
:107E7000204600F09BFD3773B060204600F024FBE5
:107E8000204601F0E9F92046FBF79AFD002385F82A
:107E90003E3085F83030F8BD38B5046C00F134025E
:107EA000002305464261036454B12146242228463A
:107EB000E468FCF765FE2B89013B2B81002CF4D193
:107EC000D5E90621521A28462832BDE83840FCF789
:107ED00057BE00BF70B5056995F8302012F00F024B
:107EE00004460AD100F134034361C2650121F9F768
:107EF00015FBE36908332046E360FBF711FB2369B8
:107F00001A6A996992002046FCF73AFEE36913B1B8
:107F10002046FFF7C1FFD5E900E0211FF44600230A
:107F2000BDE870404FF45272604700BF70B50E4616
:107F300086B004464FF45273082200213046A04711
:107F4000002800F08280082280F8B02040F6080265
:107F5000028100F1780242614FF48072051D84674E
:107F6000428100244FF48032C4654266C0E90C545B
:107F7000C0E91B44C0E9D044046284618481446741
:107F8000446204668466C0F8BC504460C667C0F8AA
:107F90000851019020460FF0A1FE2E49059102A93B
:107FA00004910C210246CDE902050DEB010000F021
:107FB0008BF9019B284AC3F8AC0003204FF452719F
:107FC000C3F8B12083F8A800244AC3F8801040F613
:107FD0001950C3F8B52021462422A3F8B900C3E9FB
:107FE0002544C3E93744C3E93A44C3E93E44C3E9FD
:107FF0003244C3E93544C3F8904083F8A040C3F845
:108000000441C3F8C440C3F8E440C3F8F040C3F8E7
:10801000F440C3F8C040C3F8D040C3F80041C3F8EF
:108020008440C3F88C40C3F8A44003F5BA700FF045
:10803000C1FB0B4922462846F8F7CAFD10B928466D
:1080400006B070BD2846FFF745FF0025284606B05C
:1080500070BD00BF2D7F0108080000141902003216
:10806000417E0108D0E902231A4402F100430133A2
:108070008B42B8BF0B46D21AC0E90223704700BF3B
:1080800010B5044600222421FCF7FEFD2389616916
:1080900000220133C860C0E902124261238110BD91
:1080A000436970B5DC6894B1E168054619B90EE022
:1080B000E168A66059B12B892646013BCC68F46083
:1080C00024222B812846FCF75BFD002CF0D170BDEB
:1080D00008B5B0F86030C82B02D0DB2B03D808BD40
:1080E0000249F8F715FBF8F793FD00BF40C10208FD
:1080F00008B5036E01339AB2C72A036600D808BDDB
:10810000C82A03D0DB2AFAD9F8F782FD0149F8F72B
:10811000FFFA00BF40C1020870B50C460646C969A7
:108120002046F9F79BFDE36913B12046FFF7B4FE43
:10813000211F30467822BDE87040FCF721BD00BF0A
:1081400038B500F134020023C5694261012914BF2A
:108150000A461A4602212B7104464563A0F85610C0
:1081600083710121C365F9F7D9F9E169054601F188
:10817000080250B9E260A032511AA263C91000226D
:108180002046F8F759FD284638BD01462046F8F745
:1081900085FCE268E169EEE70369D3F89000FFF738
:1081A00099BE00BF0069D0F8C83213B1D0F8CC0234
:1081B0001847704770B5C26812F8043C03F00F030B
:1081C000042B08BF52F8083C026914BF194E03F192
:1081D0001006D2F8C83263B304460D46D2F8CC027A
:1081E0001549012298472269D2F8C8320BB3D2F858
:1081F000CC022946012298472269D2F8C832C3B17D
:10820000D2F8CC020D49012298472269D2F8C8322F
:108210007BB1D2F8CC023146012298472269D2F8CC
:10822000C83233B1D2F8CC020549BDE87040002213
:10823000184770BD54C1020874C1020880C1020809
:1082400068BB020870B5914282B00D4613460446E1
:1082500008DA521A9200002100EB850001930FF01A
:10826000A9FA019B002D19DDA4F1040E0EEB850582
:10827000002603F1FF3C5EF8042FCEF800605AB1EF
:108280001146D2688B680CEA030354F82300C860D7
:1082900044F82310002AF3D17545ECD102B070BD2B
:1082A00088420ED008B5CA68C3689A4201D000203F
:1082B00008BD103110300FF054FAB0FA80F04009C8
:1082C00008BD0120704700BF4A4051B1014411F878
:1082D00001CD930803EB42136344884282EA030210
:1082E000F5D11046704700BF837982680BB1104604
:1082F0007047C1684A4099B1014400B5103100F19E
:10830000100E11F801CD930803EB421363448E4520
:1083100082EA0302F5D1012383718260104600BD19
:10832000012382608371E2E72DE9F0410469266A46
:108330000D46AE42A16982B04FEA850311DCB2005E
:10834000FCF72CFC18B1AE42A061256202DB02B042
:10835000BDE8F0812A46314602B0BDE8F041FFF7A2
:1083600071BF07462A46084631460193FFF76AFF68
:10837000019BA169B2003846FCF710FC20B1A06156
:10838000256202B0BDE8F081A06932462946E3E7E4
:108390002DE9F84F07697D6B8046164689465540A2
:1083A00052B18A1812F8011DAB0803EB45130B44B8
:1083B000914585EA0305F5D1D7F820A0BA690AF1FD
:1083C000FF332B4002EB830B52F8234014B919E022
:1083D000E468BCB1E379B342FAD1324604F110014A
:1083E00048460FF0BEF90028F2D197F8383062798C
:1083F00083F018031A4223D082F0180262712046DB
:10840000BDE8F88FFC69A2451DDD06F111020421CB
:108410004046FAF7DBFF821900238371044685602A
:1084200049461374103000F8096C32460FF03AFDDB
:10843000DBF80030E360FB69CBF800400133FB61FF
:108440002046BDE8F88F6FF000439C4212D0BAF18D
:10845000005F07DBBB690AF1FF3A0AEA050A03EB92
:108460008A0BD2E74FEA4A014046FFF75DFFD7F893
:1084700020A0EFE701214046FBF732FAFB69A34257
:1084800002D0D7F820A0E2E704214046F8F722FB0B
:10849000034600F5D471D3F82021527912F0180F59
:1084A0001CBFD0F89420C3F82021D3F8242152799E
:1084B00012F0180F1CBFD0F89420C3F82421083301
:1084C0009942E8D1704700BF38B500224FF40071DF
:1084D00004690546FCF7D8FB4FF400720021A06147
:1084E0000FF068F98023236211220B492846FFF719
:1084F0004FFF0146C4F894002846FAF759FFD4F814
:10850000942004F5907304F53271C3E90022083316
:108510008B42FAD138BD00BF84C1020838B5036967
:108520000C4601F1110214215D6BFAF74FFF03199C
:10853000002285601A744FF47F43C380C46038BD45
:1085400000698A68036AD0F818C0013B13400CEB3D
:1085500083025CF82330994204D01A46DB688B42D0
:10856000FBD10C32C369C9681160013BC36170471C
:10857000282A21D970B51346114A934282B00E467B
:108580001CD8016901934D6B03F111021421FAF714
:108590001DFF019B0446E2180020A56010744FF4F3
:1085A0007F42E2803146E3601A4604F110000FF08A
:1085B00079FC204602B070BDFFF7EABEFCF7DAFA9C
:1085C000EAFFFF7F2DE9F0431A4C0769A4FB013451
:1085D0000B1B04EB53046409352303FB14142434EC
:1085E00083B057F834600D468046084606F1100106
:1085F00007EBC409E8F744F8A8B1D9F804300193AF
:10860000284603F11001E8F73BF880B1C9F804608F
:108610002846E8F795F8294602464046FFF7A8FFA6
:1086200047F834000646304603B0BDE8F083019EAB
:10863000F9E700BFB3CF213538B5844614460D465F
:10864000D2B103326FF00043A3EBC2038B421FD3BE
:1086500001EBC2020721FAF7B9FE00239C428560B4
:10866000C480C36007DD00F11C011A4601F8332005
:1086700001339C42FAD138BD074B994208D801F129
:1086800010020721FAF7A2FE8560C480C46038BDDD
:108690006046FCF76FFA00BFEFFFFF7F10B502F0F6
:1086A0003F02013A84B00446132A0BD8DFE802F0F7
:1086B000280A2B3E0A0A0A0A0A0A0A0A0A0A0A0AA7
:1086C000490A5419C37901229A40013A036942F0D8
:1086D0000102B1FBF2F002FB101103EB011004B038
:1086E00010BD236901930846FFF7FEFDE179019B68
:1086F00001228A40013A024003EB021004B010BD8F
:10870000006904B010BDC37901229A40013A03699F
:1087100042F001020029ACBF91FBF2F0B1FBF2F094
:1087200002FB101003EB001004B010BDC0798A6882
:1087300001238340013B2069134000EB031004B088
:1087400010BDC279006901239340013B03F001038E
:1087500000EB031004B010BD2369019300EE101A62
:1087600003A80AF0F1F9DFED157A9FED157A019B68
:1087700020EE270AB4EEC70AF1EE10FA04DBB4EEDD
:10878000E70AF1EE10FA0ED40022E07901218140CF
:10879000013941F0010192FBF1F001FB102203EBE2
:1087A000021004B010BDBDEEC00A039A10EE101AFC
:1087B0008A18D1438A42B8BF0A46E6E70000004F54
:1087C000000000CF30B50C4683B009681546227909
:1087D000FFF764FF03462279597920688A4215D051
:1087E00055B10B2908D1520606D5DA68101AB0FA2D
:1087F00080F04009002848D19A68002A5AD003EB3B
:1088000002132279597920688A42E9D1162A33D88D
:10881000162AEAD801A151F822F000BF8B8801087E
:108820008B880108EB87010891880108EB87010814
:10883000EB870108EB870108EB870108EB8701084C
:10884000EB870108EB870108EB870108EB8701083C
:10885000EB870108EB870108EB870108EB8701082C
:108860008B880108EB8701089D880108EB870108C8
:10887000EB870108EB870108542AB6D1D968019328
:10888000FFF70EFD019B0028B6D0184603B030BD9F
:10889000DA68801AB0FA80F04009ABE707EE100AF8
:1088A000D3ED037AF4EE477AF1EE10FA0CBF012013
:1088B00000209FE7014803B030BD00BF68D8020820
:1088C00090F906308068002B02DA431E034200D183
:1088D000704740EA500040EA900040EA101040EA39
:1088E000102040EA10400130704700BFF8B507463D
:1088F0000846FFF7E5FF1446127912F00F030D4604
:10890000064614D0032A05D123686FF060415A1E31
:108910008A423FD3012221462846FFF753FF0379BD
:10892000202B3AD02B69C01A731C03EB20139E42F4
:1089300015D9EA6802EBC30203E09E4202F1080285
:108940000DD01079010703F10103F6D00321236054
:1089500021711368A360137923730120F8BDEA79AC
:1089600001219B1B914099421BDD2A6902EB0312F6
:1089700004E001338B4202F11002EFDA107910F0BB
:108980000F00F6D0D3682360537923711368A36076
:108990001379E1E79042BDD9C9E703493846F7F7B3
:1089A000B7FE0020F8BD00BF98C1020808B520221C
:1089B0000521FAF70BFD3F2200230449C280C0E9DC
:1089C000023383610161436108BD00BF70D80208B2
:1089D00038B54B690C4605462BB1CB790969102295
:1089E0009A40FCF7CDF82046FFF76AFFE168C20025
:1089F0002846FCF7C5F8214628462022BDE8384025
:108A0000FCF7BEB883684A1E9A4234D390F906C078
:108A1000BCF1000F1ADBC279006901239340013BCE
:108A2000002943F001031FDB91FBF3F203FB121358
:108A300000EB031003E08368DBB100EB0310437924
:108A4000032BF8D1C3688B42F5D17047C3F1000CFA
:108A50000CEA02029A42DED2C368816001F1005240
:108A6000013A03EBC2007047B1FBF3F203FB1213B0
:108A7000E3E704487047C06801F10051013900EB99
:108A8000C100704768D8020890F807C08A6800697A
:108A9000012303FA0CF3013B134001E0836843B167
:108AA00000EB03104379442BF8D1C3688B42F5D116
:108AB00070470148704700BF68D802080A79042A45
:108AC0000CD000B583B042F0400C00910022694602
:108AD0008DF804C0FFF776FE03B000BD90F807C024
:108AE0008A680069012303FA0CF3013B134001E09B
:108AF000836843B100EB03104379442BF8D1C3687A
:108B00009942F5D170470148704700BF68D8020804
:108B100030B50B7903F03F0383B00C460546132BA9
:108B200012D8DFE803F01911111C221111111111D3
:108B30001111111111111111110A91ED000A01A861
:108B4000002101F049FB28BB00222146284603B042
:108B5000BDE83040FFF736BE114803B030BD0968AC
:108B600003B0BDE83040FFF74DBFC0790A6801236C
:108B7000834091682869013B0B4002E08368002B29
:108B8000EAD000EB03104379442BF7D1C3689A4233
:108B9000F4D1E2E701992846FFF734FFDDE700BF93
:108BA00068D802082DE9F04F1F4613791D07A5B0BC
:108BB00000F0C080132B154682460E4600F0A880B8
:108BC0003B791C0702D125B0BDE8F08F2A792968CE
:108BD0003046FFF763FD03797469804618071AD1A0
:108BE00024B32B68C8F80C302B7988F805305A0666
:108BF00008D573799B0605D52B685B7913F0180FA0
:108C000040F0B6803B68C8F800303B7988F8043003
:108C100025B0BDE8F08F4CB1326905E014F80B3C8B
:108C2000103C7461002B4DD0A242F7D3802200216A
:108C300004A80EF0BFFD3046FFF742FEB379B060E6
:108C400003F07F03B3710DF1100B0123DC464FF0ED
:108C500000089E46864531D9834216D88146F2687F
:108C60000024043A12F833100133090718BF013405
:108C70009945F7D2A044DCF8002022444CF8042B9C
:108C800024AA94454FEA4E0EE4D1F2790123934091
:108C9000C14674D04FF000095C1E4A46336903EBAD
:108CA00004131979090705D05979032900F0958033
:108CB00009F10109002C60D0013CEFE7734546D86B
:108CC000F146CCE798F80520D8F80C103046FFF7AD
:108CD000E5FC804503463CD09A68194603EB021335
:108CE0004345F9D1631A1B118B6098E80F0084E8A3
:108CF0000F00D8F808303BB1A8EB040302EB2313B4
:108D0000A3600023C8F80830102388F8043068E70F
:108D100092ED000A002104A88DED010A01F05CFA31
:108D20009DED010A48B1049A029203238DF80C309C
:108D300002AD45E73F49F7F7EBFCB4EE400AF1EE30
:108D400010FA3FF43DAF3C495046F7F7E1FC0024F0
:108D500091E7D8F8083023B108EB03131B1B1B1154
:108D6000A360A4EB08031B11C8F80830A04638E73D
:108D700031465046FAF7D8FA44E7C14490442B797B
:108D8000032B3ED0002209F101099446012110462F
:108D90000EE05B4653F8044B2044B0EB510F24AC7B
:108DA00084BF0A468446A3429B464FEA410102D053
:108DB000B8EB510FEDD8A9EB0C033146504600F04B
:108DC0003DF829463046FFF7A3FE0379202B2AD031
:108DD0003B6803603B790371F5E6D8686FF0604348
:108DE000411E9942BFF464AF0192FCF7ABF804ABAB
:108DF000019A53F8203004A9013341F820300132A0
:108E000056E728686FF06043421E9A42BAD2FCF7D8
:108E100099F804AB04AA53F82030013342F820300B
:108E200008F10108AEE73B462A4631465046FFF7B7
:108E3000B9FEC8E6B0C10208C4C102082DE9F04F6E
:108E4000814687B0084617461D46FFF739FD8A79E7
:108E5000886002F07F020C4606468A71002D40F0C1
:108E6000A480DFF8E0B1AA46B7425ED3D4F80C8004
:108E7000FB004146F20048460093FBF78FFE009B43
:108E8000002800F0BF80B742E279216984F807A08A
:108E9000C4E90270D4F814A0C4F810B0656109D90F
:108EA00000EBC6081844102388F8043008F10808BD
:108EB0008045F9D101279740002F23DD0D4600267C
:108EC00090468B4604E00136B74205F1100517D0F5
:108ED0002B791B07F7D0EB6804936B798DF814306E
:108EE00004A92046FFF714FE0379202B16D02B6827
:108EF000036001362B790371B74205F11005E7D104
:108F000042465946BAF1000F4CD0102303FA02F240
:108F1000484607B0BDE8F04FFBF732BE2B4604AA27
:108F200021464846FFF73EFECDE7E17922696369B5
:108F3000D4F80C80A760CDE902276561CDE9001364
:108F40003D4684F807A0C4F810B0474601E0B5429A
:108F500019D007EBC50B4FEAC5089BF804A01AF01F
:108F60000F0F05F10105F2D029462046FFF74AFD13
:108F7000017920293AD057F8083080F804A0B5428A
:108F8000E7680360E5D1DDE90013029A94F807A0D1
:108F9000D4F810B06569A660B846E171039F2261FC
:108FA000636165E707B0BDE8F08F2846FBF7CAFFAD
:108FB0001E2882463FDC01238340B3F1805F3AD212
:108FC0004FF0100808FA00F5294600224846FBF742
:108FD0005BFE0023411983460546AB60A5F804807B
:108FE00010358D42F9D15FFA8AFA3DE703228DF8F8
:108FF00014205B4604AA214648460495FFF7D2FD9B
:10900000E768A4E75FB9E279216984F807A0C4E9B9
:109010000277D4F814A0C4F810B065614AE735B1FE
:10902000102202FA0AF259464846FBF7A9FD04212C
:109030004846F7F74FFD02494846F7F769FB00BF7E
:10904000D8C1020870D802084B6923B191F807C053
:10905000012303FA0CF3FFF7F1BE00BF00B593F84C
:1090600004E0DDF804C0BEF1200F06D0DCF80020DB
:109070001A609CF804201A7100BD5DF804EB634689
:10908000FFF790BD30B50D4683B004460846114643
:10909000CDE90032FFF73CFD01792029DDE90032FE
:1090A00005D01A6802601B79037103B030BD2946F0
:1090B000204603B0BDE83040FFF774BD30B50D4623
:1090C00085B0044608461146CDE90032FFF79AFC08
:1090D00001792029DDE9003205D01A6802601B7988
:1090E000037105B030BD4FF0030C029229462046B3
:1090F00002AA8DF80CC0FFF755FD05B030BD00BFCA
:10910000F8B584680646002C3AD0C7686FF0604214
:10911000A31807EBC303197909072DD1012C03D03C
:1091200013F8043C1D0761D1224600256FF0604C06
:1091300005E01B79180718BF4D0800D14A085119DE
:10914000501B0CEB5103012807EBC303F1D896F930
:109150000630B279002B02DB631E234209D1304670
:10916000FFF7AEFBB5EB500F03D962F07F02B5609D
:10917000B2712C462046F8BD90F90610002948DB54
:109180007369002BF6D0611C3046FFF73BFC037976
:109190001907EFD0012C38BF012405E0FFF732FC9E
:1091A00003791A071DD02C466500B4F1804F29467B
:1091B0003046F3D36FF00041FFF724FC03791B071F
:1091C00046D16FF000450CE02F197F083946304634
:1091D000FFF718FC037903F00F03002B0CBF3D468B
:1091E0003C462B1B012BEFD82046F8BD90F906100A
:1091F0008279002904F1FF3301DB1C4206D1023CD5
:109200001C4203D062F07F02B360B2711C4620465C
:10921000F8BD611E2142B3D01B7B1907AAD0FFF70E
:109220004FFB831807EBC3031B791B0706D00446CB
:10923000A6E71B791D0714BF4C0848080119051B38
:1092400002EB5103012D07EBC303F2D8B46091E7A1
:109250006FF000448EE700BFF8B50B4E05460024C2
:1092600056F8041F2F692846FFF7ACF904F12603CE
:109270002A6947F82300013452F823102846FAF7E8
:1092800097F8192CECD1F8BD7CD8020838B50D46FA
:1092900011460446FFF7F8FB037913F00F0300D0E3
:1092A00038BDA2790121A9400A43A271184638BDF0
:1092B0000B79D0F810C003F00F03052B12D0072B49
:1092C00009D00CEB8303D3F8FC0040B126325CF8E4
:1092D0002210FFF7D9BB0B68D8680028F6D10CF133
:1092E0002C0070470B689869EFE700BF0B79452B9E
:1092F00025D0472B06D003F00F03154A013352F84F
:10930000230070470A68D268002AF4D010B582B0F2
:109310000C4610490192FFF755F901460198FFF7F5
:10932000B3FB037903F00F03042B0DD02379084A14
:1093300003F00F03013352F8230002B010BD0A6896
:109340009269002AE2D1D6E700681030F5E700BF45
:10935000E4D80208E8C1020810B48C46C168DCF801
:1093600000400C609CF804C081F804C014688C6054
:1093700012790A731A680A611B790B75019B1C68C4
:109380008C611B790B77436901F12002C2605A8C12
:1093900012F00A0202D110BCF8F75EB810BC00222D
:1093A000F8F78AB870B50D46C1682E68D0F81CC0B1
:1093B0000E602D790D7115688D6012790A731A6827
:1093C0000A611B790B7501F11803C3604369049DA1
:1093D0005B8C03F00A030446A5EB0C0501227BB964
:1093E000F8F73AF8E368E26953F8080CA3F1080CBF
:1093F000C4F80CC05051511913F8043C0B7170BDE6
:10940000F8F75AF8EEE700BF2DE9F04198460B79DE
:1094100082B003F00F03052B0C469DF82060016914
:109420000546174632D0072B19D001EB8303D3F83A
:10943000FC00C0B106F1260351F82310FFF724FB0E
:1094400001460B791B0714D02846CDF800803B4617
:109450002246FFF7A7FF012002B0BDE8F081236894
:10946000D8680028E6D191F830301B0701F12C01B3
:10947000EAD1394632462846FFF71AFF01460079FD
:1094800010F00F00E0D102B0BDE8F08123689869C8
:10949000CFE700BF2DE9F0419DF818401546224660
:1094A000984606460F46FFF703FF03791A0709D0CF
:1094B0000146CDF818802B463A463046BDE8F041CB
:1094C000FFF770BF294622463046FFF7F1FE0379C9
:1094D0001B070146EDD1112C11D9132C11D13B7969
:1094E00003F00F03032B04D12B7903F00F03032B9D
:1094F0000DD0094B2A4639463046F7F763F90C2C54
:10950000EDD8064B2A4639463046F7F75BF92A462E
:1095100039463046F7F770F9F0C1020810C2020868
:1095200010B5C26884B0A2F110011623083A009366
:109530000B46CDE902120446FFF766FF0128DDE97C
:10954000021201D104B010BD2046F7F72DF900BF7B
:1095500010B59E469DF80CC0029BBEF1000F08D0CE
:109560001446CDF808C00A462146BDE81040FFF772
:1095700091BFCDF808C0BDE81040FFF78BBF00BF1A
:1095800000B585B04FF0030C02929DF81C208DF8B9
:109590000CC0009233B10A46069B02A9FFF77AFF7E
:1095A00005B000BD069B02AAFFF774FF05B000BD21
:1095B00070B582B004460093C3680D461646FFF7A7
:1095C00023FF60B1E3681879012805D010F00F007F
:1095D00018BF012002B070BD002002B070BD32463D
:1095E00029462046F7F720F930B587B004460A9D92
:1095F0009DF82C00FDB107EE902AF8EEE77A1322D1
:10960000CDED047A8DF81420DBB10A4604A9E36895
:1096100000902046CDE90212FFF7F6FEDDE90212C6
:10962000A0B1E368187901280DD010F00F0018BF21
:10963000012007B030BD049203228DF81420002BC6
:10964000E3D104AAE3E7002007B030BD2046F7F7D6
:10965000EBF800BFF8B51546C268D5F800C00F4654
:10966000A2EB0C06C94301EBE601A961197A8369F3
:1096700001319B1AB1EBE30F044625DADCF8003028
:1096800002F10801E16013609CF804301371002FAF
:1096900013DD02EBC70002F1100310306246002711
:1096A0009168E36043F8081C117B03F8041C08333D
:1096B0009842177302F10802F2D16B680CEB0602B4
:1096C0003344C5E90023F8BD0122F7F713FBE26834
:1096D000D5F800C0D2E700BFF0B51D1E0C4683B020
:1096E000896926DB002D22DDC1EB417C4FEACC0CE1
:1096F0000020161D0EE0236853F80C7042F83070FD
:1097000063440CF1080C93F804E006F830E00130F3
:1097100085420CD08142EEDC854208DD02EBC000C0
:10972000002302EBC502037108309042FBD103B065
:10973000F0BD8369C5685B1BB1EBE30F064604DA35
:1097400002EBC103F3600D46CCE70369C569DB6832
:10975000002BA2EB050503DD0191F9F713FF019939
:10976000019101223046F7F7C5FAF26901992A44BE
:10977000E6E700BF044608B5826800680B46034967
:10978000FBF70CFF20680321F7F7A4F924C30208B4
:1097900043681A68511E196022B15A68511C5960F9
:1097A0001078704710B50446184603F02DFF431C8F
:1097B00001D0C0B210BD02492046FFF7DBFF00BF59
:1097C00040C3020804460A4608B504490068FBF78E
:1097D000E5FE01462046FFF7CDFF00BF50C302085B
:1097E0006FF00043994270B505460CBF6FF07F469D
:1097F0006FF07E4600240CE043685A1C42601B78E0
:109800001846B44213D203F07F0343EAC41403069C
:109810000BD4686803685A1E0260002BECD103F079
:10982000F3FE421C07D0C3B2EBE7204670BD0449EB
:109830002846FFF79FFF03492846FFF79BFF00BF1D
:1098400064C3020840C30208F0B50F468DB04FF064
:10985000FF3105680646FFF7C3FF002832D0421EDD
:10986000282A22D9114628460192FEF757FEE968B8
:109870000860037943F0400304460B712846F7F76C
:10988000FDFA019A706804F1100103F0DBFE28BBB9
:10989000EB68083BEB607B799B0603D5637913F09B
:1098A000180F13D120460DB0F0BD7068019202A9C7
:1098B00003F0C8FE019A88B902A92846FEF758FEAF
:1098C0000446E8E7044620460DB0F0BD284622468F
:1098D0003946F9F701FD20460DB0F0BD014930468B
:1098E000FFF748FF40C302082DE9F04782B0054664
:1098F0000C461646FFF7A8FF002818BF06466FF073
:109900000041E6642846FFF76BFF6FF00041A0625C
:109910002846FFF765FFE0622846FFF739FFA07190
:109920002846FFF735FFE0712846FFF731FF6FF05B
:10993000004120722846FFF753FF431CB3F1804FCC
:109940000646286880F09E81B70000223946FBF762
:109950009BF96661014660633A46686803F072FEEF
:109960008046002840F090816FF000412846FFF7C4
:1099700037FF814609F10103B3F1005F286880F0E9
:10998000818142464FEAC901FBF77EF9B9F1000F28
:1099900007462063C4F8109042DD00EBC90103467E
:1099A00083F8048008339942FAD100264FF0030A65
:1099B000284607EBC608FFF7EBFE14281AD8DFE8A5
:1099C00000F0BDB9190B1E1919191919191919190E
:1099D000191919B519A61E00042268680DEB0201B9
:1099E00003F030FE002840F04F81019B88F804A06E
:1099F000C8F800300136B14512D0276BD8E72146B0
:109A00002846FFF721FF002800F0428147F8360082
:109A10000379013643F04003B14588F80430ECD1B6
:109A20006FF000412846FFF7DBFE431CB3F1005FF7
:109A30000646286880F026810022F100FBF724F911
:109A4000002E0746E063E66022DD4FF00008424644
:109A500047F8382008F101084645F9D1002600E012
:109A6000E76B2846FFF794FE07EBC6073871E36BF8
:109A7000284603EBC607FFF78BFE7871E36B284699
:109A800003EBC607FFF784FE0136B045B871E7D196
:109A90006FF000412846FFF7A3FE431CB3F1804F4F
:109AA0008046286880F0EE8000224FEA8801FBF7AC
:109AB000EBF8B8F1000F0746A063C4F81C8041DD45
:109AC0004FEA880200210DF075FE002607E0E26CE7
:109AD00028460136FFF708FFB04533D0A76B28684A
:109AE000F8F74EF947F826006379A26B9B0652F807
:109AF0002610ECD54B7913F0180FE8D00A462868E9
:109B00002146F9F7E9FBA36B53F82610DFE76868F5
:109B10000422694603F096FD002840F0B580009BC2
:109B2000C8F80030132388F8043063E7112388F85D
:109B300004305FE7012388F804305BE7002388F8EE
:109B4000043057E76FF000412846FFF749FE002236
:109B5000064601462868FBF797F8A661014620648F
:109B60003246686803F06EFD0746002840F08C809E
:109B70006FF000412846FFF733FE814609F10103EB
:109B8000B3F1005F28687DD23A464FEAC901FBF77E
:109B90007BF8B9F1000F80466064C4F8249017DDAB
:109BA0003E4601E0D4F844806FF000412846FFF7BC
:109BB00017FE636C48F836006FF00041284603EB4F
:109BC000C608FFF70DFE0136B145C8F80400E9D11B
:109BD0006FF000412846FFF703FE2F4B814609F145
:109BE00001029A4228684DD809EB49060022B100CB
:109BF000FBF74AF8B9F1000F8246A064C4F8209040
:109C000027DD00234AF827300337BE42FAD1002669
:109C100001E0D4F848A021462846FFF715FE06EBE0
:109C20004608A36C4AF828006FF00041284603EB71
:109C3000880AFFF7D5FDA76CCAF804006FF0004151
:109C40002846FFF7CDFD07EB88070136B145B86020
:109C5000DFD16FF000412846FFF7C2FD78B1D4F89C
:109C60000C80B8F1000F0ADD002621462846E76B7C
:109C7000FFF7EAFD47F836000136B045F5D102B0EE
:109C8000BDE8F087FAF776FF04492846FFF772FD32
:109C900003492846FFF76EFD5555551540C3020888
:109CA00078C3020830B51578402D04468DB00846BB
:109CB00006D03D2D04D0844B1B2D18BF134600E069
:109CC000531C032206A9CDE90240049303F0BAFC19
:109CD000002840F0D8809DF818304C2B03D07B49E9
:109CE00002A8FFF747FD9DF81930752BF7D19DF8B5
:109CF0001A30612BF3D1039803685A1E0260002BBF
:109D000000F09C8043685A1C42601878542840F048
:109D1000BE80039803685A1E0260002B00F09480F6
:109D200043685A1C42601878002840F0C0800398AD
:109D3000062209A903F086FC002840F0A480644BA9
:109D4000099A9A4203D0634902A8FFF713FDBDF8B0
:109D5000282040F61A239A42F5D1039803685A1E28
:109D60000260002B00F0828043685A1C4260187821
:109D7000042840F09880039803685A1E0260002B64
:109D80006ED043685A1C42601878042840F09780CF
:109D9000039803685A1E0260002B5BD043685A1C6C
:109DA00042601D78042D40F0868003982A4601A960
:109DB00003F048FC002866D1019A45F278639A4284
:109DC0006DD103982A46694603F03CFC00285AD11D
:109DD0009DED007ADFED407AB4EE677AF1EE10FA8D
:109DE00059D1039803685A1E02600BB343685A1C8A
:109DF000426019782046F7F775FEE368054646226B
:109E00001D601A712046F7F739F82046F7F7B8FFBA
:109E10006B79E8609B06014603D5437913F0180F70
:109E20002AD102A80022FFF75FFD28460DB030BD01
:109E300003F0EAFB421C26D0C1B2DBE703F0E4FBEF
:109E4000411C20D0C0B261E703F0DEFB421C1AD0F7
:109E5000C0B269E703F0D8FB411C14D0C5B2A1E73A
:109E600003F0D2FB451C0ED0C0B28EE703F0CCFB52
:109E7000431C08D0C0B27BE7024629462046F9F7CA
:109E80002BFAE968CDE7154902A8FFF773FC1449DE
:109E900002A8FFF76FFC134902A8FFF76BFC1249F9
:109EA00002A8FFF767FC114902A8FFF78BFC1049D5
:109EB00002A8FFF75FFC0F4902A8FFF783FC0E49D9
:109EC00002A8FFF77FFC00BF98C30208A8C30208DE
:109ED00019930D0AD0C302080040B94340C30208D9
:109EE000BCC302081CC4020804C40208E0C3020880
:109EF0000CC40208F8C30208ECC302082DE9F041C3
:109F0000C77991F80780FF2F08BFC768B8F1FF0F26
:109F100008BFD1F80C8000F1100501F1100612E025
:109F2000E6F70EFC04463046E6F70AFC804500F1F1
:109F3000010304F1010211D0A74215D01544BF1A44
:109F40001E44A8EB0308314628460DF049FC0446A0
:109F50002846002CE4D02046BDE8F0813C1B18BF09
:109F600001242046BDE8F0814FF0FF342046BDE8D3
:109F7000F08100BF2DE9F04FC4688FB00D468046D8
:109F80000EE003297CD04046FFF7CAFA6FF00706BF
:109F9000013DD8F80C40012D3444C8F80C4026DDB2
:109FA00014F80C2C02F00F03033B012BEBD814F830
:109FB000043C03F00F010429E3D1442B54F8081C9E
:109FC0004FD0442A16D154F8102CD27992B954F8B3
:109FD000082C44F8102C04F80C3C013DD8F80C4037
:109FE0006FF007063444012DC8F80C40D8DC0FB0E0
:109FF000BDE8F08F91F80790B9F1FF0F08BFD1F8D5
:10A000000C90012D40F3AA80574EA4F1100B4FF095
:10A01000010A07E00AF10107BD429944ABF1080BC0
:10A0200038D0BA469BF8043003F00F03042B06D057
:10A03000032B40F0878059464046FBF71DF9DBF8BB
:10A040000020D379FF2B08BFD368A6EB09029A4200
:10A05000E0D8A4EBC5044549C8F80C404046F6F7E3
:10A0600057FBC8790028ACD102F00F02032A05F192
:10A07000FF35B3D1A4F110014046FBF7FDF8ADE781
:10A08000A4F108014046FBF7F7F814F8043C14F873
:10A090000C2C92E7EB005B42A5EB0A05CAEB4A7A6F
:10A0A00001934FEACA06B9F1280F25D8C7EB4773C9
:10A0B00004EBC3034FF0000A02949B4654460395F9
:10A0C0005BF83A10CA79FF2A0CBFCD68154604F137
:10A0D000100310312A460DEB03000AF1010A0DF0BE
:10A0E000E1FE57452C44EBD14A4604A94046DDE940
:10A0F0000245FEF73DFA1DE049464046FEF70EFADE
:10A10000A4EBC709029500F1100A00258346D9F88F
:10A110000010CF79FF2F08BFCF680AEB0500103180
:10A120003A4609F108090DF0BDFE4C453D44EED11B
:10A13000029D5846019BE0500279E31842F040022C
:10A140001A7126E74FEACA035B420193CAF101067E
:10A150000AF1FF33ED1AF6005746A4E76FF0070344
:10A160000026019301279EE7EBFFFF7F34C402081E
:10A170000379032B05D003F00F03042B09D0002033
:10A180007047D0ED007AF8EEE77A0120C1ED007A51
:10A19000704710B5046884B004F11000019102A961
:10A1A000FAF77CFFE279019BFF2A08BFE2680132DF
:10A1B00090420ED19DF80C20032A0ABFDDED027AF1
:10A1C000DDED027AF8EEE77A0120C3ED007A04B003
:10A1D00010BD002004B010BD10B52DED028B82B073
:10A1E000B0EE408A0446019108F0A0FDB4EE408A2A
:10A1F000F1EE10FA07D00199E1B1022904BFF7EEA0
:10A20000007A30EE270ADFED0E7AB4EEE70AF1EEBF
:10A2100010FA0FDBDFED0B7AB4EEE70AF1EE10FA7D
:10A2200008D5BDEEC00A012084ED000A02B0BDECE5
:10A23000028B10BD002002B0BDEC028B10BD00BF30
:10A24000000000CF0000004F0379132B07D0032B31
:10A2500001D00020704703680B600120704730B5C3
:10A26000D0ED007A83B0B0EE670ACDED017A1446E6
:10A270000D4608F05BFDDDED017AF4EE407AF1EE7B
:10A2800010FA06D0CCB1022C04BFF7EE007A30EE03
:10A29000270ADFED0B7AB4EEE70AF1EE10FA0CDBD9
:10A2A000DFED087AB4EEE70AF1EE10FA05D5BDEE5F
:10A2B000C00A012085ED000A00E0002003B030BD97
:10A2C000000000CF0000004F30B50D460179034675
:10A2D00001F00F00042885B00BD0132921D00329E9
:10A2E00002D0002005B030BD1B682B60012005B0F6
:10A2F00030BD01921A680093144602A902F11000C1
:10A30000FAF7CCFEE179FF2908BFE168DDE9003208
:10A310000131884212BF19799DF80C1002AB132944
:10A32000DDD1D3ED007A0192B0EE670ACDED007A6F
:10A3300008F0FCFCDDED007AF4EE407AF1EE10FA64
:10A3400008D0019A002ACCD0022A04BFF7EE007A86
:10A3500030EE270ADFED097AB4EEE70AF1EE10FAE3
:10A36000BFDBDFED077AB4EEE70AF1EE10FAB8D5FD
:10A37000BDEEC00A85ED000AB8E700BF000000CFBF
:10A380000000004FF0B50B79032B87B00C46064652
:10A3900001F1080557D0237B132B31D1A368049317
:10A3A000237D132B37D1236905932379132B3FD1B9
:10A3B00023680393DDED057AF5EE407AF1EE10FAAD
:10A3C00000F0A180F5EEC07A9DED037ADDED046A20
:10A3D000F1EE10FAB4EEE67A5BDDF1EE10FA5BDC3A
:10A3E0001323C4ED026A2373C4ED047A237584ED4C
:10A3F000007A237184ED067A2377002007B0F0BD40
:10A4000004A92846FFF7B4FE0128C9D0404A2946CE
:10A410003046F6F7E3F905A904F11000FFF7A8FEAE
:10A420000128C2D03B4A04F110013046F6F7D6F9B4
:10A4300003A92046FFF79CFE0128BBD0364A2146DF
:10A440003046F6F7CBF90B7D032BA4D10A69002A1D
:10A45000174658D00B770B688B61019322DB0122E2
:10A4600004A92846FFF730FF019BB8B9227B132AC5
:10A4700030D1D4ED027AF5EEC07AF1EE10FA0BDDB0
:10A480006FF00042D31AB3FBF7F30322A3602273E9
:10A49000B3E7F1EE10FAA3D50120AFE7049A934297
:10A4A000FADCEFE7022204A92846FFF70DFF019B23
:10A4B00010BB227B132A0DD1D4ED027AF5EEC07ABF
:10A4C000F1EE10FAE8DC4FF000429B1A7A42B3FB3F
:10A4D000F2F3DAE705A928460193FFF749FE0128C0
:10A4E000019B93D1DDED057AF5EEC07AF1EE10FA1D
:10A4F00006DD002FC4DACFE7049A9342E5DACBE712
:10A50000002FE0DDC8E705493046F6F701F900BF46
:10A5100060C4020868C4020870C402084CC402087F
:10A520002DE9F047089C06460D46174699464FF41C
:10A53000FA68002C49D02B68986900283BD08179B3
:10A5400011F0010137D13369D3F89820FEF79EFE50
:10A55000044680B3037903F00F02062A11D0452B7D
:10A5600019D0B8F1010822D0002221463046FEF76A
:10A570009FFE037913F00F0222D0062A25460446D7
:10A58000EDD1CDF820903B462A4621463046BDE825
:10A59000F047FEF707BF20683946FEF7B9FA03799E
:10A5A0001A0716D1B8F1010818BF2546C3D10C49C6
:10A5B0003046F6F7ADF8002389F80430BDE8F0879F
:10A5C000084A21463046F6F7D9F80C464FF4FA68A7
:10A5D000CAE70268C9F8002089F80430EEE700BF36
:10A5E00080C40208E4B902082DE9F04F83B0804628
:10A5F000DDF830900F4692469B46B9F1000F70D0BF
:10A600004FF4FA653E68B06900283CD083799C0716
:10A6100039D4D8F810300121D3F89C20FEF736FE4B
:10A62000044680B3037903F00F02062A10D0452BAD
:10A6300019D0013D23D0012221464046FEF738FEC5
:10A64000037913F00F0247D0062A27460446EED1BD
:10A6500053463A4621464046CDF830B003B0BDE8F7
:10A66000F04FFEF779BE51462068FEF751FA0379A4
:10A670001907814640D1013D18BF2746C2D128495C
:10A680004046F6F745F8D8F80C10452008710E60E2
:10A690000831C8F80C104B465246CDF800B0314690
:10A6A0004046FEF7DBFCD8F80C30083BC8F80C300D
:10A6B000B37923F03F03B3719BF804305D0608D5EE
:10A6C0007379980605D5DBF800305B7913F0180F25
:10A6D0000BD103B0BDE8F08F124A21464046F6F791
:10A6E0004DF80C464FF4FA65A5E73146404603B0F5
:10A6F000BDE8F04FF8F718BEDBF8003003609BF8B8
:10A70000043003715A06E4D521684B799B06E0D5E5
:10A71000DBF800305B7913F0180FDAD0E6E700BF02
:10A72000A8C40208E4B9020800B58C46097901F012
:10A730000F03032B83B025D1137903F00F0EBEF165
:10A74000030F06D01423614603B05DF804EBFEF757
:10A750002FBF032925D0132B9CED007A39D0106828
:10A7600000F18073B3F1007F66D807EE900AF8EE2F
:10A77000E77AB4EEE77AF1EE10FA4CBF0120002040
:10A7800003B000BD042BDDD1137903F00F03042BBC
:10A79000D8D11168DCF80000FFF7B0FBC00F03B0A0
:10A7A00000BD032BDCF80000126866D000F1807356
:10A7B000B3F1007F07EE102A15D807EE900AF8EEE5
:10A7C000E77AB4EEE77AF1EE10FACCBF0120002070
:10A7D000D6E7D2ED007AB4EEE77AF1EE10FA4CBF8C
:10A7E00001200020CCE7B0EE470A0190009208F06B
:10A7F0009DFA9DED007A0198B4EE407AF1EE10FAE0
:10A800001CBFF7EE007A30EE270ADFED267AB4EEB1
:10A81000E70AF1EE10FA3DDBDFED237AB4EEE70A4A
:10A82000F1EE10FA36D5BDEEC00A10EE103A98429D
:10A83000ACBF00200120A3E7B0EE470A8DED007AFF
:10A84000019008F073FADFED177A9DED007AB4EE0F
:10A85000E70AF1EE10FA15DBDFED137AB4EEE70A42
:10A86000F1EE10FA0ED5BDEEC00A019810EE103AC6
:10A870009842D4BF0020012082E79042ACBF002064
:10A8800001207DE7B5EEC07AF1EE10FA4CBF012051
:10A89000002075E7B5EEC07AF1EE10FACCBF0120CA
:10A8A00000206DE7000000CF0000004F00B58C468F
:10A8B000097901F00F03032B83B025D1137903F03D
:10A8C0000F0EBEF1030F06D01523614603B05DF8ED
:10A8D00004EBFEF76DBE032928D0132B9CED007A04
:10A8E0003CD0106800F18073B3F1007F60D807EEB0
:10A8F000900AF8EEE77AB4EEE77AF1EE10FA94BF38
:10A900000120002003B000BD042BDDD1137903F03A
:10A910000F03042BD8D11168DCF80000FFF7EEFA22
:10A920000028CCBF0020012003B000BD032BDCF8C1
:10A930000000126866D000F18073B3F1007F07EE6B
:10A94000102A15D807EE900AF8EEE77AB4EEE77A07
:10A95000F1EE10FAACBF01200020D3E7D2ED007A6F
:10A96000B4EEE77AF1EE10FA94BF01200020C9E7B7
:10A97000B0EE470A0190009208F0D8F9DFED2C7A8A
:10A980009DED007AB4EEE70AF1EE10FA47DBDFED59
:10A99000297AB4EEE70AF1EE10FA40D5BDEEC00A0E
:10A9A000019810EE103A9842CCBF00200120A9E790
:10A9B000B0EE470A01908DED007A08F0B7F99DEDF1
:10A9C000007A0198B4EE407AF1EE10FA1CBFF7EE6F
:10A9D000007A30EE270ADFED167AB4EEE70AF1EEE0
:10A9E00010FA14DBDFED137AB4EEE70AF1EE10FA99
:10A9F0000DD5BDEEC00A10EE103A9842B4BF00204B
:10AA000001207FE79042CCBF002001207AE7B5EE1D
:10AA1000C07AF1EE10FA4CBF0120002072E7B5EECB
:10AA2000C07AF1EE10FACCBF012000206AE700BF27
:10AA3000000000CF0000004F70B513460A791D7961
:10AA40000C4682EA05018E0684B008D0090703D1BE
:10AA500002F00F01032924D0002004B070BD02F0E1
:10AA60003F020646162A0DD8DFE802F018180C0C33
:10AA70000C140C3E0C0C0C0C0C0C0C0C0C180C32AA
:10AA80002B0C0C0020681B68C01AB0FA80F040093B
:10AA900004B070BD226819688A4250D1012004B008
:10AAA00070BD132A56D0032AD6D12468132D00F086
:10AAB0009280032DD0D11868001BB0FA80F04009B5
:10AAC000CBE71968206804B0BDE87040FDF7E8BB2B
:10AAD00094ED007AD3ED007AB4EE677AF1EE10FAD5
:10AAE0000CBF01200020B8E7226819688A42D5D03F
:10AAF0000028B1D0D06810B18279920651D5C868CB
:10AB00000028A9D082799206A6D432690521D2F80C
:10AB1000AC200293FEF7BAFB029B014600289BD0B3
:10AB2000F268009230462246FEF73CFCF368187942
:10AB3000012891D010F00F0018BF01208DE70028E8
:10AB40008AD0906910B18279950637D58869002836
:10AB5000D8D181E7D4ED007A0393B0EE670ACDED4A
:10AB6000027A08F0E3F8DDED027AF4EE407AF1EED5
:10AB700010FA7FF471AFDFED2A7AB4EEE70AF1EE56
:10AB800010FAFFF669AFDFED277AB4EEE70AF1EECF
:10AB900010FA7FF561AFFDEEC07A039B17EE904A85
:10ABA00084E7326902930521D2F8AC20FEF76EFBF0
:10ABB000029B01460028B3D11968A0E732690293CD
:10ABC0000521D2F8AC20FEF761FB029B014600286C
:10ABD000A6D11968BAE7D3ED007AB0EE670ACDEDD9
:10ABE000027A08F0A3F8DDED027AF4EE407AF1EE95
:10ABF00010FA7FF431AFDFED0A7AB4EEE70AF1EE36
:10AC000010FAFFF629AFDFED077AB4EEE70AF1EEAE
:10AC100010FA7FF521AFFDEEC07A17EE900A4BE7F0
:10AC2000000000CF0000004F012901D0FFF7A2B9BA
:10AC3000704700BF70B51346127902F03F02052A33
:10AC400084B005460C461CD0142A13D0042A27D001
:10AC5000194604220393FEF72BFB0279039B12F0A3
:10AC60000F0F01462FD000941A462846FEF79AFB94
:10AC700004B070BD1A68D2680A6003230B7104B077
:10AC800070BD1A689069164610B18279D2060ED549
:10AC90003046FEF735FA03232060237104B070BDFF
:10ACA0001A68D2790A6003230B7104B070BD2A6957
:10ACB00003930421D2F8A820FEF7E8FA039B01468B
:10ACC0000028D0D1E4E7024A19462846F5F756FD98
:10ACD000D4C4020808B5531C012B0BD991FBF2F028
:10ACE00092EA010F00D408BD02FB10110029FAD02E
:10ACF000013808BD0AB1484208BD0149F5F708FD11
:10AD0000E4C4020808B5531C012B0AD991FBF2F3E5
:10AD100002FB131010B192EA000F00D408BD1044DA
:10AD200008BD0AB1002008BD0149F5F7F1FC00BFDC
:10AD300000C5020800B583B0CDED010A07F098FD0B
:10AD4000B5EEC00AF1EE10FADDED010A06DDF5EE12
:10AD5000C00AF1EE10FA07D403B000BDFCD5F5EE41
:10AD6000C00AF1EE10FAF7DD30EE200A03B000BDA4
:10AD7000002905DB1F2901DD00207047884070474E
:10AD800011F11F0FF8DB4942C84070472DE9F04F21
:10AD90002DED028BDFF8C4AC8DB083460F46DBF897
:10ADA0007090B846D8F80070D8F810403B6804930B
:10ADB000DA68136B0393B9F1000F41F06C84083724
:10ADC00054F8045B05F07F034E465AF8233043F0F5
:10ADD00001031847C5F30743C5F3C71557F83320D8
:10ADE00047F8352007EBC30307EBC5051B792B712B
:10ADF0002EBB256805F07F0304345AF8233043F056
:10AE000001031847C5F3C71115F47F0FC5F30743B6
:10AE100007EBC10118BF01EBC3034FEA156218BF6E
:10AE2000CBF80C30013AC8F810405846F6F752FA01
:10AE3000002842F0AE83D8F81460002ED9D0214605
:10AE40005846F5F753FD0646D8F800700837D0E7A6
:10AE500054F8043B0399DB09C5F3C71501EBC302A2
:10AE600051F8333047F8353007EBC50513792B71AE
:10AE7000002E4ED154F8045B05F07F035AF82330BE
:10AE800043F001031847C5F3C711ED0BC8F8104094
:10AE9000D8F80430CBF80C3007EBC10104EB850483
:10AEA00018315846F6F792FE54F8045BC5F3C71301
:10AEB00007EBC30157F833300B620B690B634B6828
:10AEC0004B628B688B62CB68CB6201F138004B69B7
:10AED0004B632A0ECBF80C0020315846C8F81040BE
:10AEE000F6F7BAFAD8F81460002E41F0DD8654F86F
:10AEF000045BC5F3C71307EBC30393F824201107C2
:10AF000005D01A75ED0B1A6A1A61A4EB8504002EA0
:10AF1000B0D021465846F5F7E9FCD8F8007006464F
:10AF20000837A7E7049BDB68EA0B9B6B53F822907A
:10AF3000C8F81040D9F80C301A46D8F80430CBF8CD
:10AF40000C30C5F3C715D9F83C300593114607EB13
:10AF5000C503584606920793F6F7C4FD069A079B69
:10AF6000C0F80C90844647F83500002A4FF04600A0
:10AF7000187141F3C282DDE9043503F1100108962E
:10AF80000597069E0994CDF818804FF000090CF142
:10AF90000C048846674612E058F8212044F8042F34
:10AFA00079798B0604D5517911F0180F41F095820B
:10AFB00009F101094E4505F1080501F099822A7948
:10AFC0006979002AE8D0059B584603EBC101F6F7E2
:10AFD000CFFD0246E2E7D8F80430C8F81040C5F3C8
:10AFE000C711CBF80C3007EBC1015846FFF7CAF97F
:10AFF00000288CD0ED0B6B1C04EB8304002E3FF477
:10B0000039AF86E7C5F3C71207EBC203197D0329E1
:10B0100041F0E482986860B1ED0B57F83260A4EB20
:10B0200085041D6901383544986047F832509D61A8
:10B030001977D8F81460002E3FF41CAF69E7DBF8ED
:10B040007020B146002A41F0C486B8F92010D8F823
:10B050000800CBF81400A7F108039142CBF80C309C
:10B0600002F3FC80B8F822305C0719D4D8F80880C5
:10B0700098E6DBF87010B146002942F06A80B8F912
:10B080002020D8F80830CBF81430A7F10803002AA4
:10B0900041F0CD85CBF80C30B8F822305C07E5D50F
:10B0A0000DB0BDEC028BBDE8F08FC5F3C713290EC0
:10B0B00007EBC30218BFD8F81830C5F3074614BF12
:10B0C00001EB03098946002E01F0778202EBC603EB
:10B0D000CBF80C302B04C8F8104001F17782CDF882
:10B0E0000090334641465846F6F720F8021EC2F259
:10B0F0009D81D8F80030A3EBC903C8F80030414661
:10B100005846F5F785FFD8F81490ABE7C5F3074329
:10B1100007EBC303C5F3C7121979012907EBC20274
:10B1200001F0038311F00F0F0CBF01200020C5F3C5
:10B13000C035854201F0F3821B68136011712368EA
:10B14000D8F81460DB0903F17F43023304EB830476
:10B15000002E3FF48FAEDCE6EB0BA3F57F43FF3B05
:10B1600007EE903AC5F3C71507EBC503F8EEE77A8B
:10B170004FF01302C3ED007A1A71002E3FF439AE7E
:10B180005DE6C5F3C716F300049307EBC60303930C
:10B19000C5F3074303F1FF392E0E2BB9DBF80C3052
:10B1A000039A9B1A4FEAE3092D04C8F8104015D5FD
:10B1B000D8F80430DBF80C20C8F81C909A4238BF4D
:10B1C000CBF80C30394601234FF0FF325846F6F7E2
:10B1D00071FDD8F81430002B42F0BE8046B1D8F88B
:10B1E0001820D8F800303244A3EBC203C8F800306E
:10B1F000039B03EBC9064A46CBF80C604146584610
:10B20000F5F706FFD8F814902CE7049B4246DB685C
:10B21000C8F81040C5F3C7115846FEF71BFAD8F816
:10B220001460002E3FF410AE41465846F5F7D0FEAC
:10B230000123CBF8643002E6D8F80430C8F8104097
:10B24000CBF80C302B0EC5F3C715013B07EBC5023D
:10B2500041465846FEF740FAD8F81460002E3FF4F5
:10B26000C8ADECE5C5F3C71307EBC30215F47F0FB8
:10B27000069257F83310C5F307424FEA156041F0C4
:10B280009581069ADBF80C30A3EB02094FEAE90935
:10B2900009F1FF394A460244231D2804059349BF9A
:10B2A00023680594DB0902EB032208460892079104
:10B2B000FDF706FB089A07999042C1F05684B9F150
:10B2C000000F2CDD069BA2EB0904C3EBC4041D1D7B
:10B2D000584605EBC909C346B8463746A4F10C06E3
:10B2E0000C46E26859F8043C06EB0901535099F802
:10B2F00000300A445906137109D563799A0606D5B8
:10B3000059F8043C5B7913F0180F41F04881A9F11A
:10B3100008094D45E5D13E464746D8468346002EAE
:10B3200041F00D87059CA5E5C5F3C71307EBC303E3
:10B330001B79012B01F0498313F00F0318BF012380
:10B34000C5F3C0359D4201F032830434002E3FF432
:10B3500091ADDEE5C5F3074307EBC302C5F3C7199B
:10B360001179032907EBC9094FEA156541F0D18529
:10B3700057F83330002BA5F17F0504F10404C1F226
:10B380009A811F2B01F34E819D400323C9F8005081
:10B3900089F80430002E3FF46DADBAE5C5F30742DD
:10B3A00003982B0E07EBC20150F833300879C5F330
:10B3B000C715032807EBC50541F0368557F832203D
:10B3C00053402B60032304342B71002E3FF452AD05
:10B3D0009FE5C5F3074007EBC002C5F3C715117918
:10B3E000032907EBC50301F06482132941F0D683DA
:10B3F000D2ED007A1971F1EE677AC3ED007A002E72
:10B400003FF4F7AC1BE52A04C5F3C71948BF039AFC
:10B4100007EBC9094FEA1563C5F307414CBF02EBBF
:10B42000C30507EBC30599F80430452B41F07B8039
:10B43000D9F8000083684A1E9A4281F04084C068AF
:10B4400001F10053013B00EBC30003791B0701F03E
:10B450006B802B6803602B7903715A067FF5EDAC86
:10B46000D9F800104B799B067FF5E7AC2B685B7928
:10B4700013F0180F3FF4E1AC5846F7F755FF002ED4
:10B480003FF4B7ACDBE4C5F3C71915F47F0F07EB46
:10B49000C909C5F307434FEA156103D0013B0122F7
:10B4A00002FA03F3280403D52268D20901EB022132
:10B4B00009F10805CBF80C505846CDE90531FDF7E8
:10B4C00075FADDE90531452289F8042053EA0102C5
:10B4D00004F10404C9F8000004D00A4601465846A5
:10B4E000FDF7ACFCDBF81030DB68002B7FF70FAD0D
:10B4F000C8F810405846CBF80C50F8F743F8D8F885
:10B500001460002E3FF4B6AC03E52804C5F30742EF
:10B5100048BF039907EBC2024FEA156348BF01EB2E
:10B52000C303C5F3C719117907EBC90958BF07EB66
:10B53000C303032999F8040001F0C381452801F0F1
:10B54000D8830020C8F81040D8F80450CBF80C502D
:10B55000494600905846FFF747F86CE4D8F80430A5
:10B56000C8F81040C5F30742C5F3C711CBF80C303B
:10B5700007EBC20207EBC1015846FFF75DFAC5F3BE
:10B58000C0358542D8F8146001F0BA820434002E28
:10B590003FF470ACBDE4C5F3C71307EBC303C5F3B9
:10B5A00007401979032907EBC00201F0348201F04A
:10B5B0000F01032941F04080117901F00F0CBCF11B
:10B5C000030F01F01784D8F80410C8F81040CBF826
:10B5D0000C10194658461423FDF7EAFFD8F81460FA
:10B5E000C5F3C035854201F08C800434002E3FF451
:10B5F00041AC8EE4C5F3074107EBC102C5F3C713A5
:10B6000007EBC3001379132B4FEA156501F0A080F7
:10B61000032B7FF47CAC07EBC103D3ED007A039BD3
:10B6200003EBC502F8EEE77A1379132B01F099804A
:10B63000032B7FF46CAC039B03EBC50393ED007A03
:10B64000B8EEC77AC7EE876A4FF01303043403716C
:10B65000C0ED006A002E3FF40DAC5AE4C5F3074379
:10B6600007EBC301D8F80430C8F81040CBF80C3011
:10B670000B7903982A0E032BC5F3C71507EBC505F5
:10B6800000EBC20004F1040901F03281132B00F039
:10B69000F986B6BB256805F07F034C465AF823307F
:10B6A00043F001031847C5F3074307EBC3030398AF
:10B6B0001A79290E032AC5F3C71507EBC50500EB58
:10B6C000C10004F1040901F02F81132AE1D1D3ED67
:10B6D000007A0379132B01F03381032BD9D1039B1B
:10B6E00003EBC10393ED007AB8EEC77A67EE877A71
:10B6F0001322C5ED007A4C462A7109F10409002E87
:10B70000C8D021465846F5F7F1F8D8F8007006463B
:10B710000837BFE7C5F3074307EBC30303981A795C
:10B72000290E032AC5F3C71507EBC50500EBC100B9
:10B7300004F1040901F0ED80132AAAD1D3ED007AB7
:10B740000379132B01F0B180032BA2D1039B03EBF0
:10B75000C10393ED007AB8EEC77AFFE1C5F3074362
:10B7600007EBC302C5F3C71911792D0E032907EBA7
:10B77000C90907EBC50041F06F8457F833500379CE
:10B78000032B41F09D8503685D400323C9F80050F9
:10B79000043489F80430002E3FF46CABFFF7B9BBDA
:10B7A000C5F3074307EBC302C5F3C71911792D0E83
:10B7B000032907EBC90907EBC50041F05C8357F883
:10B7C00033500379032B41F0568503681D40032352
:10B7D000C9F80050043489F80430002E3FF44AAB15
:10B7E000FFF797BBC5F30743049A0398043352F855
:10B7F0002330D3F808902B0E99F8042050F833101A
:10B80000C5F3C71500EBC303452A07EBC505059330
:10B8100000F0AB870020059AC8F810402B46D8F8F6
:10B820000450CBF80C50494600905846FEF778FE7D
:10B83000FFF701BBC5F30743049A0433C5F3C715EB
:10B8400052F823309B68196847F8351007EBC5029A
:10B850001B791371002E3FF4CCAAFFF7F0BAC5F3A1
:10B86000C71007EBC001C5F30743A3F17F020B79B3
:10B87000032B00F0E587132B41F0C78107EE902AD8
:10B8800091ED007AF8EEE77AB4EEE77AF1EE10FA8D
:10B890004CBF01200020C5F3C035854200F09687DB
:10B8A0000434002E3FF4E6AAFFF733BBC5F3C711FB
:10B8B00007EBC100C5F307430279032AA3F17F0315
:10B8C00000F05D87132A01F0D5810023C5F3C03550
:10B8D0009D4200F05F870434002E3FF4CBAAFFF7AF
:10B8E00018BB039BC5F30742C5F3C71103EBC202A4
:10B8F00007EBC1010020FFF79FF8C5F3C035854273
:10B9000000F056870434002E3FF4B4AAFFF701BBC1
:10B91000C5F3C71307EBC303C5F307401979032920
:10B9200007EBC00201F0978001F00F01032940F0FE
:10B930009986117901F00F0CBCF1030F01F07283AD
:10B94000D8F80410C8F81040CBF80C101946584627
:10B950001523FDF72DFED8F81460C5F3C0358542D8
:10B9600001F09C800434002E3FF484AAFFF7D1BA82
:10B97000C5F3C71007EBC001C5F30743A3F17F026E
:10B980000B79032B00F03E87132B41F01A8107EE51
:10B99000902A91ED007AF8EEE77AB4EEE77AF1EECC
:10B9A00010FACCBF01200020C5F3C035854200F05D
:10B9B0001B870434002E3FF45DAAFFF7AABAC5F333
:10B9C000C71007EBC001C5F30743A3F17F020B7952
:10B9D000032B00F02D87132B41F0058107EE902AF1
:10B9E00091ED007AF8EEE77AB4EEE77AF1EE10FA2C
:10B9F00094BF01200020C5F3C035854200F00A87BE
:10BA00000434002E3FF436AAFFF783BAC5F3C710FB
:10BA100007EBC001C5F30743A3F17F020B79032BAA
:10BA200000F0D687132B41F0A78007EE902A91ED06
:10BA3000007AF8EEE77AB4EEE77AF1EE10FAACBFEE
:10BA400001200020C5F3C035854200F0CC870434C6
:10BA5000002E3FF40FAAFFF75CBA00BF20D90208FE
:10BA6000C5F3074203982B0E07EBC20150F83330A1
:10BA70000879C5F3C715032807EBC50541F0AB826C
:10BA800057F8322013402B60032304342B71002E0F
:10BA90003FF4F0A9FFF73DBAC5F3074107EBC10238
:10BAA000C5F3C71307EBC3091379132B4FEA1565C9
:10BAB00000F06687032B7FF42AAA07EBC10393EDFE
:10BAC000000A039B03EBC502B8EEC00A1379132BDF
:10BAD00000F05F87032B7FF41AAA039B03EBC503D7
:10BAE000D3ED000AF8EEE00AF0EE007AF4EE670A11
:10BAF000F1EE10FA04F1040441F0638120EE000A33
:10BB00004FF0130389ED000A89F80430002E3FF44A
:10BB1000B1A9FFF7FEB9C5F3074307EBC303290E2D
:10BB20001A79C5F3C715032A07EBC50507EBC10052
:10BB300004F1040900F0AD86132A7FF4AAADD3ED19
:10BB4000007A0379132B00F0B086032B7FF4A1ADAC
:10BB500007EBC10393ED007AB8EEC77A77EEC77AA8
:10BB60001322C5ED007AC6E554F8083CD8F8042045
:10BB7000C8F81040C5F3C711CBF80C20C3F3C713A6
:10BB8000C5F307422D0E07EBC30307EBC202009576
:10BB900007EBC1015846FDF77DFCD8F81460002E74
:10BBA0003FF427A9FFF74BB9C5F3074307EBC302DF
:10BBB000C5F3C71911792D0E032907EBC90907EB46
:10BBC000C50541F0D58257F833202B79032B41F07E
:10BBD0001E832B68002B04F10404C0F27C851F2B0C
:10BBE00000F3278502FA03F3C9F80030032389F82C
:10BBF0000430002E3FF43EA9FFF78BB9C5F307428E
:10BC000007EBC2092B0E039999F8040051F833C0D1
:10BC1000C5F3C71501EBC303452807EBC50505931D
:10BC20007FF4F8AD57F832006146FCF72DFF037939
:10BC30001A073FF4F0AD02682A602B71002E3FF422
:10BC4000D8A8FFF7FCB8C5F30742C5F3C71307EB45
:10BC5000C20907EBC303059399F80430452B4FEA5B
:10BC6000156540F0798457F8320083686A1E9A425D
:10BC700081F02B80C06805F10053013B00EBC3004D
:10BC80000379190700F06984059902680A600B714D
:10BC9000002E3FF4AEA8FFF7D2B8290E07EBC10281
:10BCA000C5F30749C5F3C71507EBC503157907EBBE
:10BCB000C909032D99F8040000F0FE86452801F01B
:10BCC00009800020C8F81040A9E5C5F30743049A8D
:10BCD0000433C5F3C71552F8231057F835308A6876
:10BCE000136007EBC503187910711B795A067FF5AD
:10BCF000A4A84B799B067FF5A0A857F83520537967
:10BD000013F0180F3FF499A85846F7F7E5FA002EFC
:10BD10003FF46FA8FFF793B8D8F80430C8F8104084
:10BD2000C5F3C715CBF80C3007EBC5010123002282
:10BD30005846F5F7BFFFD8F81460002E3FF459A815
:10BD4000FFF77DB8C5F3074307EBC30303981A79E0
:10BD5000290E032AC5F3C71507EBC50500EBC10083
:10BD600004F1040900F0E484132A7FF492ACD3EDCB
:10BD7000007A0379132B00F0E784032B7FF489AC5E
:10BD8000039B03EBC10393ED007AB8EEC77A77EE1D
:10BD9000877A1322C5ED007AADE4C5F3074107EBBE
:10BDA000C100C5F3C71203792D0E032BA5F17F0542
:10BDB00007EBC20C04F1040900F0B086132B00F06D
:10BDC0006887A146002E40F0B3864C4654F8045BC9
:10BDD00005F07F035AF8233043F001031847C5F3F9
:10BDE000074107EBC102C5F3C71307EBC30913797A
:10BDF0002D0E132B07EBC50500F0B885032B7FF440
:10BE000086A807EBC10393ED000A2B79132BB8EE3C
:10BE1000C00A00F0B185032B7FF479A8D5ED000AA4
:10BE2000F8EEE00AF0EE007AF4EE670AF1EE10FAAE
:10BE300004F1040440F0C98720EE000A4FF0130318
:10BE400089ED000A89F80430002E3FF413A8FFF7AB
:10BE500060B8C5F3C71507EBC5034FF00102043402
:10BE60001A71002E3FF406A8FFF753B8C5F3C715A3
:10BE700007EBC5034FF001021A71002E3EF4B9AF73
:10BE8000FEF7DDBFD8F80430C8F81040C5F3C71579
:10BE900007EBC501CBF80C305846F5F797FE002E9E
:10BEA0003EF4A7AFFEF7CBBFED0905F17F43D8F80D
:10BEB0001460013304EB8304002E3EF4DBAFFFF784
:10BEC00028B8D8F80430C8F81040C5F30742C5F3C5
:10BED000C715CBF80C3007EBC20207EBC50158467B
:10BEE000FEF7A8FED8F81460002E3EF482AFFEF7ED
:10BEF000A6BFC5F3074107EBC109C5F3C71599F8FC
:10BF00000400032807EBC50541F04D8057F83120A8
:10BF1000D24303232A602B71002E3EF46AAFFEF752
:10BF20008EBFC5F3C713C5F3074107EBC30303EB8C
:10BF3000C1030129CBF80C30C8F8104002D0584694
:10BF4000FEF718F8DBF81030D8F81460DB68002B27
:10BF50007EF773AFC8F810405846F7F713FBFEF7AB
:10BF60006ABF54F8083CD8F80420C8F81040C3F35E
:10BF7000C71307EBC303CBF80C20C5F3C71100931D
:10BF8000C5F30742C5F3C0332D0E7F3A019507EB89
:10BF9000C1015846FDF7F4FAD8F81460002E3EF4BB
:10BFA00028AFFEF74CBFC5F3074307EBC303C5F348
:10BFB000C7151A79012A07EBC50300F0678412F050
:10BFC0000F0F0CBF112201221A71002E3EF411AF87
:10BFD000FEF735BF54F8083CD8F804200399C8F898
:10BFE0001040C3F3C713CBF80C2007EBC303C5F312
:10BFF0000742009301EBC202C5F3C033C5F3C7117A
:10C000002D0E019507EBC1015846FDF7A1FAD8F8AE
:10C010001460002E3EF4EDAEFEF711BFC5F30743EA
:10C0200007EBC302C5F3C71911792D0E032907EBDE
:10C03000C90907EBC50541F0368057F833302A7936
:10C04000032A41F0628128684242002A04F1040474
:10C05000C0F23D831F2A00F3EA829340C9F8003002
:10C06000032389F80430002E3EF404AFFEF751BFDD
:10C07000C5F3074307EBC302C5F3C71911792D0EAA
:10C08000032907EBC90907EBC50041F0318057F8D8
:10C0900033500379032B41F0958003681D4303233C
:10C0A000C9F80050043489F80430002E3EF4E2AEA2
:10C0B000FEF72FBFC5F3074207EBC201C5F3C7194F
:10C0C0000879032807EBC9094FEA156540F0468750
:10C0D00057F832207F2D04F1040400F2F3825F2D23
:10C0E00040F2A382C5F17F039A400323C9F80020E0
:10C0F00089F80430002E3EF4BDAEFEF70ABFC5F34A
:10C10000074203982B0E07EBC20150F83330087931
:10C11000C5F3C715032807EBC50540F0D38657F8CC
:10C12000322013432B60032304342B71002E3EF482
:10C13000A1AEFEF7EEBEC5F3074107EBC102C5F3A2
:10C14000C71307EBC30013792D0E132B07EBC5059F
:10C1500000F02384032B7EF4DAAE07EBC103D3EDAA
:10C16000007A2B79132BF8EEE77A00F01C84032B6E
:10C170007EF4CDAE95ED007AB8EEC77AC7EE876A49
:10C180004FF0130304340371C0ED006A002E3EF437
:10C1900071AEFEF7BEBEC5F3C713049A043352F85E
:10C1A0002330D3F808900399C5F3074201EBC2038B
:10C1B000280405934FEA15634CBF01EBC30507EB59
:10C1C000C305039B53F8321099F80430452B00F057
:10C1D000DC810020059AC8F810402B46FFF7B4B95F
:10C1E000C5F3074307EBC303290E1A79C5F3C71537
:10C1F000032A07EBC50507EBC10004F1040900F0B1
:10C200003583132A7FF445AA93ED007A0379132B23
:10C2100000F03883032B7FF43CAA07EBC103D3ED76
:10C22000007AF8EEE77AFFF761BA2904C5F3C7137D
:10C2300048BF0399C5F3074907EBC30207EBC909D8
:10C240004FEA15634CBF01EBC30507EBC305D9F8F3
:10C2500000302968936099F80430137399F804301A
:10C26000452B00F06F8400201346C8F810402A4682
:10C27000FFF7D5BAC5F3C71907EBC90993E7C5F3AB
:10C28000074307EBC301D8F80430C8F81040CBF8D7
:10C290000C300B792A0E032BC5F3C71507EBC50528
:10C2A00007EBC20004F1040900F04E83132B7FF466
:10C2B000F0A90379D1ED007A132B00F01F82032B34
:10C2C0007FF4E7A907EBC20393ED000AB8EEC00ABA
:10C2D00087EE800A06F02AFD132385ED000A4C46FE
:10C2E0002B7109F10409FFF7D4B9C5F3074307EB34
:10C2F000C301D8F80430C8F81040CBF80C300B79E3
:10C300002A0E032BC5F3C71507EBC50507EBC200C3
:10C3100004F1040900F09C82132B7FF4BAA903797D
:10C3200091ED000A132B00F09E82032B7FF4B1A93C
:10C3300007EBC20393ED008AB8EEC88AF0EE480A14
:10C3400006F096FAB5EEC00AF1EE10FA40F3038556
:10C35000B5EEC08AF1EE10FABED530EE080ABBE7A2
:10C36000C5F3C71307EBC303C5F307450022013D1F
:10C37000691C03F1080303F8042CF8D1002E3EF4E5
:10C3800038ADFEF75CBDC5F3C71507EBC503112239
:10C390001A71002E3EF42DADFEF751BDC5F30743D3
:10C3A00007EBC303290E1A79C5F3C715032A07EB58
:10C3B000C50507EBC10004F1040900F02283132A2C
:10C3C0007FF467A9D3ED007A0379132B00F0BC81C9
:10C3D000032B7FF45EA907EBC10393ED007AB8EE5F
:10C3E000C77AD4E4C5F3074307EBC301D8F8043098
:10C3F000C8F81040CBF80C300B7903982A0E032BA9
:10C40000C5F3C71507EBC50500EBC20004F104092D
:10C4100000F06981132B7FF43CA90379D1ED007AF8
:10C42000132B00F06B81032B7FF433A9039B03EBE9
:10C43000C20393ED000AB8EEC00A49E70399EB0B7B
:10C44000C5F3C71551F8332047F8352001EBC30376
:10C4500007EBC5051B792B71002E3EF4CAACFEF725
:10C46000EEBCC5F3C712ED0BA5F57F45FF3D47F8C0
:10C47000325007EBC20203231371002E3EF4B9AC15
:10C48000FEF7DDBC037991ED000A132B00F03E822C
:10C49000032B7FF4FEA8039B03EBC20393ED008AFA
:10C4A000B8EEC88AF0EE480A06F0E2F9B5EEC00A26
:10C4B000F1EE10FA40F34384B5EEC08AF1EE10FAC3
:10C4C00000F1458485ED000A4FF0130C4C4685F8C9
:10C4D00004C009F10409FFF7DCB83946584609F1F0
:10C4E0000109F6F7F9FE4E4505F108057EF467AD42
:10C4F000089E059F099CDDF81880DBF81030DB688A
:10C50000002B7EF79AAC079BC8F810400833CBF895
:10C510000C305846F7F736F8D8F81460002E3EF481
:10C5200068ACFEF78CBC002003228DF82C20D8F8D4
:10C5300004200A912B46C8F810404946CBF80C203D
:10C5400000900AAA5846FEF74FF8D8F81460002E5B
:10C550003EF44FACFEF773BC002003228DF82C2074
:10C56000D8F804200A95059BC8F810404946CBF836
:10C570000C2000900AAA5846FDF7D2FFD8F81460A4
:10C58000002E3EF436ACFEF75ABCD9F80000FCF79A
:10C590007BFA037919073FF41DAEFEF75ABF214617
:10C5A0000690F6F7C1FE0698FEF7B1BED8F8043043
:10C5B000CBF80C309146FEF76EBEDBF80C30C8F8B5
:10C5C00010409B1ADE102B047EF589AD3946584683
:10C5D0000392F5F743FB039AFEF781BD93ED047ACE
:10C5E000D3ED007AD3ED026AB5EEC07A77EE277A02
:10C5F000F1EE10FAF4EEE76A40F35B83F1EE10FA25
:10C60000ACBF01220022002A3EF413ADED0B4FF027
:10C610001302A4EB8504C3ED007AC3ED067A1A7702
:10C62000FEF707BD0025FEF7B0BE00225DE5002342
:10C6300014E50023FFF7D8BAD8F80400C8F8104072
:10C640000429CBF80C007EF4C4AF117901F00F017E
:10C6500004297EF4BEAF11681868FDF74FFCC00FC7
:10C66000FEF7BCBFD8F80400C8F810400429CBF886
:10C670000C007FF46BA9117901F00F0104297FF4FC
:10C6800065A911681868FDF739FC0028CCBF0020A7
:10C690000120FFF760B95846F4F710F9814620B140
:10C6A00021465846F4F722F98146D8F8003003F1C4
:10C6B0000807FEF785BB13F11F0FB3DB5B42DD40BC
:10C6C000FEF763BE9E2DB0D87F3DEA400DE51F32D8
:10C6D000ADDBC340C2E413F11F0FAADB5B4222FAB9
:10C6E00003F3FFF781BA0379032B00F07986132B4C
:10C6F0007EF4CFAFD1ED007AF8EEE77A90ED000A44
:10C70000E6E52368D8F81460DB0903F17F430233C0
:10C7100004EB8304002E3EF4ADABFEF7FABB043409
:10C72000002E3EF4A7ABFEF7F4BB0846FEF7FFBCB5
:10C7300002791B68032A00F02783132A7EF4A9AF2D
:10C7400007EE903AF8EEE77A90ED007AFFF71FBB1C
:10C75000039BD2ED007A03EBC5021379132B7EF411
:10C7600067AF92ED007AFEF76DBFD9F80000FCF7D5
:10C770008BF903791A073FF44EA8FFF75CBA57F814
:10C780003120D31AB3FA83F35B09C5F3C0359D4258
:10C790007FF4A1A82368D8F81460DB0903F17F4374
:10C7A000023304EB8304002E3EF464ABFEF7B1BB0E
:10C7B0002368D8F81460DB0903F17F43023304EBEC
:10C7C0008304002E3EF456ABFEF7A3BB2368D8F8D3
:10C7D0001460DB0903F17F43023304EB8304002E72
:10C7E0003EF448ABFEF795BB2368D8F81460DB092C
:10C7F00003F17F43023304EB8304002E3EF43AAB93
:10C80000FEF787BB57F830009042D4BF00200120CC
:10C81000FFF7CAB82368D8F81460DB0903F17F4337
:10C82000023304EB8304002E3EF424ABFEF771BB0D
:10C8300057F830009042CCBF00200120FFF7DBB852
:10C8400057F830009042ACBF00200120FFF723B81A
:10C850000379032B00F09E85132B7EF41AAF91ED24
:10C86000000AB8EEC00A90ED008A67E502791B68FD
:10C87000032A00F09082132A7EF40BAF07EE903A61
:10C88000B8EEE77AD0ED007AFEF730BF1122FFF75D
:10C890009BBB02791B68032A00F06982132A7EF48D
:10C8A000F8AE07EE903AF8EEE77A90ED007AFFF7EF
:10C8B00055B957F83020524247F835201971FEF724
:10C8C0009EBD452811687EF43CAED9F8000085680D
:10C8D00001F1FF3CAC4580F0A185C06801F1005139
:10C8E000013900EBC100017909073EF42BAE0EE2DD
:10C8F00090F804C0BCF1030F00F05E85BCF1130F8B
:10C900007EF4C7AE91ED000AB8EEC00A90ED008A41
:10C91000C8E502791B68032AC0D1039850F831108A
:10C920005B1A2B60FEF7E7BE02791B68032A00F052
:10C930002382132A7EF4ADAE07EE903AF8EEE77A42
:10C9400090ED007AFEF7D2BE0379032B7FF4CFAED1
:10C9500000680A68411C012940F24A8592FBF0F107
:10C9600092EA000F00F14A852960B8E42B7992ED34
:10C97000000A132B7FF44FAAD5ED000AFFF752BA35
:10C98000039B92ED000A03EBC5021379132B7FF48E
:10C99000A1A8D2ED000AFFF7A7B82B79D2ED007A53
:10C9A000132B7FF4E4AB95ED007AFFF7E7BB236828
:10C9B000D8F81460DB0903F17F43023304EB8304EE
:10C9C000002E3EF457AAFEF7A4BA0023FEF7B8BC27
:10C9D00057F830009042B4BF00200120C5F3C035A5
:10C9E00085427FF434A82368D8F81460DB0903F18A
:10C9F0007F43023304EB8304002E3EF43BAAFEF790
:10CA000088BA02791B68032A7FF497AE01680B4449
:10CA10002B60FEF770BE1179032900F0C28101F08E
:10CA20000F0103297EF4CFADD3F8009092ED008A78
:10CA300009F18073B3F1007F00F2418507EE909A0F
:10CA4000F8EEE77AB4EEE78AF1EE10FACCBF0120F7
:10CA50000020FEF7C5BD1179032900F0AA8101F07D
:10CA60000F0103297EF46CAFD3F8009092ED008A99
:10CA700009F18073B3F1007F00F2498507EE909AC7
:10CA8000F8EEE77AC5F3C035B4EEE78AF1EE10FAB6
:10CA9000ACBF0120002085427EF464AF2368D8F843
:10CAA0001460DB0903F17F43023304EB8304002E9F
:10CAB0003EF4E0A9FEF72DBA452857F831107FF46F
:10CAC00000A9D9F80000856801F1FF3CAC4580F071
:10CAD0009D84C06801F10051013900EBC10001796A
:10CAE00011F00F0118BF012100293FF4EBA80268E3
:10CAF0001A6002791A71002E3EF47BA9FEF79FB9E5
:10CB00002368D8F81460DB0903F17F43023304EB98
:10CB10008304002E3EF4AEA9FEF7FBB957F831109E
:10CB2000294447F832108CF80430002E3FF44DA908
:10CB300049465846F3F7DAFED8F80070064608373B
:10CB4000FFF743B9D9F800000592FBF7B7FF037967
:10CB5000059A13F00F0F3FF487AB01681160137152
:10CB6000002E3EF446A9FEF76AB95846FCF76CFA67
:10CB7000DDE90712FEF7A3BBD8F80430C8F810406F
:10CB8000CBF80C30152301932B0E0093584601234C
:10CB9000FCF72AFDD8F81460FEF754BFD8F804104B
:10CBA000C8F81040CBF80C101221009158461146DD
:10CBB000FCF770FCD8F81460002E3EF41AA9FEF7BA
:10CBC0003EB9D8F80430C8F81040CBF80C30142324
:10CBD00001932B0E009358460123FCF705FDD8F86E
:10CBE0001460FEF7E1BED8F80430C8F81040CBF866
:10CBF0000C30152301932B0E009358460023FCF7AD
:10CC0000F3FCD8F81460FEF7F6BED8F80430C8F884
:10CC10001040CBF80C30142301932B0E0093584690
:10CC20000023FCF7E1FCD8F81460FEF734BEC5F32E
:10CC3000C71507EBC50457F8350047F8080C2079ED
:10CC40001871012ACBF80C707EF70CAA07F10800C6
:10CC500007EBC204034603F8041C0833A342FAD1CD
:10CC6000023A07EBC20300EBC200CBF80C001971CB
:10CC7000FEF7F8B907EE903A90ED007AF8EEE77A11
:10CC8000B4EE677AF1EE10FA0CBF01230023FEF731
:10CC90001DBE07EE905A90ED007AF8EEE77A77EE37
:10CCA000277ACCED007A3EE7D8F800700837FEF717
:10CCB0001EB9F1EE10FA94BF01220022A3E40591FF
:10CCC000FBF7A0FE0599FEF7C0BB2946FBF79AFECD
:10CCD000FEF7D6BF1146D9F8000006930592FBF780
:10CCE00017FF017911F00F01DDE9052318BF0121BC
:10CCF000FAE61146D9F8000006930592FBF708FF03
:10CD0000017911F00F0FDDE905233EF41BAC1A6821
:10CD100002601A79027152067EF58FA8D9F80010C8
:10CD20004A7995067EF589A81B685B7913F0180F80
:10CD30007EF4A2AB002E3EF45CA8FEF780B87FF52F
:10CD4000C1ABB5EEC08AF1EE10FA7FF7BBAB30EEA7
:10CD5000080AFFF7B7BB7FF5BFAAB5EEC08AF1EEB0
:10CD600010FA7FF7B9AA30EE080AFFF7B5BA0168E2
:10CD70005B1A2B60FEF7BFBC039850F8311001FB23
:10CD800003F32B60FEF7B7BC039850F831100B4447
:10CD90002B60FEF7B0BC016801FB03F32B60FEF7CC
:10CDA000AABC186813689842ACBF00200120FEF7A7
:10CDB00017BC186813689842CCBF00200120FEF70A
:10CDC000CCBD05F0E1FDFEF79BBE05F0DDFDFFF7F4
:10CDD00035B8C5F3C71307EBC303CBF80C300022FB
:10CDE000C8F8104041465846F4F712F94FF00109CF
:10CDF000FEF738B9132993ED008A00F0C08257F886
:10CE0000309009F18073B3F1007F00F2128307EED6
:10CE1000909AF8EEE77AB4EEE78AF1EE10FA4CBF9A
:10CE200001200020FEF7DCBB13287EF470A891EDF2
:10CE3000008A0593B0EE480A05F078FFB4EE408A08
:10CE4000F1EE10FA7EF463A8DFEDDD7AB4EEE70AC6
:10CE5000F1EE10FAFEF65BA8DFEDD87AB4EEE70A41
:10CE6000F1EE10FA7EF553A8FDEEC07A059B17EEA1
:10CE7000902AFEF7A5BA13297EF449A892ED008AFC
:10CE80000590B0EE480A05F051FFB4EE408AF1EE8D
:10CE900010FA7EF43CA8DFEDCA7AB4EEE70AF1EEB0
:10CEA00010FAFEF634A8DFEDC57AB4EEE70AF1EE2B
:10CEB00010FA7EF52CA8FDEEC07A059817EE905A70
:10CEC000FEF77FBC13287EF422A891ED008A05931B
:10CED000B0EE480A05F02AFFB4EE408AF1EE10FAEF
:10CEE0007EF415A8DFEDB67AB4EEE70AF1EE10FA9B
:10CEF000FEF60DA8DFEDB17AB4EEE70AF1EE10FA16
:10CF00007EF505A8FDEEC07A059B17EE902AFFF787
:10CF100008B913297DF4FBAF92ED008AB0EE480A00
:10CF200005F004FFB4EE408AF1EE10FA7DF4EFAFA5
:10CF3000DFEDA37AB4EEE70AF1EE10FAFDF6E7AF03
:10CF4000DFED9E7AB4EEE70AF1EE10FA7DF5DFAF81
:10CF5000FDEEC07A17EE903AFEF70CBA13287DF476
:10CF6000D6AF91ED008AB0EE480A05F0DFFEB4EED0
:10CF7000408AF1EE10FA7DF4CAAFDFED917AB4EE9B
:10CF8000E70AF1EE10FAFDF6C2AFDFED8C7AB4EEEF
:10CF9000E70AF1EE10FA7DF5BAAFFDEEC07A17EEB2
:10CFA000902AFFF797B8132800F0F682D8F80420EB
:10CFB000C8F81040CBF80C20132200922B464A46AA
:10CFC00049465846FCF766FAD8F81460002E3DF43E
:10CFD00010AFFDF734BF13287DF499AF91ED008AAF
:10CFE0000593B0EE480A05F0A1FEB4EE408AF1EEDA
:10CFF00010FA7DF48CAFDFED727AB4EEE70AF1EE51
:10D0000010FAFDF684AFDFED6D7AB4EEE70AF1EECB
:10D0100010FA7DF57CAFFDEEC07A059B17EE902AE5
:10D02000FEF730BD132993ED008A00F09D8157F87B
:10D03000309009F18073B3F1007F00F2188207EE9F
:10D04000909AF8EEE77AB4EEE78AF1EE10FA94BF20
:10D0500001200020FEF781BC13297DF458AF92ED2A
:10D06000008A0590B0EE480A05F060FEB4EE408AF2
:10D07000F1EE10FA7DF44BAFDFED517AB4EEE70A32
:10D08000F1EE10FAFDF643AFDFED4C7AB4EEE70AAD
:10D09000F1EE10FA7DF53BAFFDEEC07A059817EE84
:10D0A000905AFEF76CBB13297DF431AF92ED008AE4
:10D0B000B0EE480A05F03AFEB4EE408AF1EE10FAFE
:10D0C0007DF425AFDFED3E7AB4EEE70AF1EE10FA1B
:10D0D000FDF61DAFDFED397AB4EEE70AF1EE10FA96
:10D0E0007DF515AFFDEEC07A17EE903AFEF7A7BFBB
:10D0F00013297DF40CAF92ED008A0590B0EE480A3A
:10D1000005F014FEB4EE408AF1EE10FA7DF4FFAEA5
:10D11000DFED2B7AB4EEE70AF1EE10FAFDF6F7AE8A
:10D12000DFED267AB4EEE70AF1EE10FA7DF5EFAE08
:10D13000FDEEC07A059817EE905AFEF7AABF059942
:10D140005846F3F7D3FBD8F8007006460837FEF7C9
:10D15000E9B8C5F3C71307EBC3030833CBF80C30AA
:10D160000122C8F8104041465846F3F751FF3DE60A
:10D1700013297DF4CCAE92ED008AB0EE480A05F09A
:10D18000D5FDB4EE408AF1EE10FA7DF4C0AEDFEDCD
:10D190000C7AB4EEE70AF1EE10FAFDF6B8AEDFED68
:10D1A000077AB4EEE70AF1EE10FA7DF5B0AEFDEEC7
:10D1B000C07A17EE902AFEF708BD00BF0000004FAE
:10D1C000000000CF132B7DF4A2AE90ED008AB0EEEC
:10D1D000480A05F0ABFDB4EE408AF1EE10FA7DF49A
:10D1E00096AE5FED097AB4EEE70AF1EE10FAFDF6BD
:10D1F0008EAE5FED0E7AB4EEE70AF1EE10FA7DF531
:10D2000086AEFDEEC07A17EE903AFEF747BF132BBD
:10D210007DF47DAE95ED008A0592B0EE480A05F0EA
:10D2200085FDB4EE408AF1EE10FA7DF470AE5FED4C
:10D230001C7AB4EEE70AF1EE10FAFDF668AE5FED87
:10D24000217AB4EEE70AF1EE10FA7DF560AEFDEE5C
:10D25000C07A059A17EE903AFEF7BCBC03EBC10109
:10D2600008338B4203F8042CFAD1CBF80C3003F8C6
:10D27000042CFDF7F7BE132B7DF449AE90ED008A28
:10D28000B0EE480A05F052FDB4EE408AF1EE10FA15
:10D290007DF43DAE5FED367AB4EEE70AF1EE10FABA
:10D2A000FDF635AE5FED3B7AB4EEE70AF1EE10FA2B
:10D2B0007DF52DAEFDEEC07A17EE903AFEF786BAF8
:10D2C000132B7DF424AE90ED008AB0EE480A05F0F1
:10D2D0002DFDB4EE408AF1EE10FA7DF418AE5FED4C
:10D2E000487AB4EEE70AF1EE10FAFDF610AE5FED03
:10D2F0004D7AB4EEE70AF1EE10FA7DF508AEFDEED8
:10D30000C07A17EE903AFEF73FBA132A7DF4FFADCC
:10D3100095ED008A0593B0EE480A05F007FDB4EEDE
:10D32000408AF1EE10FA7DF4F2AD5FED5B7AB4EE77
:10D33000E70AF1EE10FAFDF6EAAD5FED607AB4EEC1
:10D34000E70AF1EE10FA7DF5E2ADFDEEC07A059B3D
:10D3500017EE900AFEF778BE049BD8F80020083339
:10D36000D3180393FDF73ABFD2ED007AB4EEE78A03
:10D37000F1EE10FA94BF01200020FEF7EEBAD2EDD4
:10D38000007AB4EEE78AF1EE10FA4CBF01200020DB
:10D39000FEF726B90068421C012A40F21F810A6884
:10D3A00092FBF0F100FB11221AB190EA020F48BF84
:10D3B00012182A60FEF793BF039B53F83220531CC8
:10D3C000012B40F20E810B6893FBF2F102FB11334B
:10D3D0001BB192EA030F00F1B6802B60FFF776B81D
:10D3E000039850F832000A68411C01293FF6B6AA9A
:10D3F000002800F0F9805142FFF7B6BA00FB112275
:10D40000002A3FF4B1AA0139FFF7AEBACDE90532DF
:10D41000FBF7F8FADDE90532FFF761BBCDE905233B
:10D42000FBF7F0FADDE90523FFF75DBA4746FDF7A4
:10D43000B6BCB0EE480A05F079FC5FED9F7AB4EE19
:10D44000E70AF1EE10FAC0F289805FEDA47AB4EE3B
:10D45000E70AF1EE10FA40F18180BDEEC00A10EE4D
:10D46000103A9945D4BF00200120FEF7B9B8B0EEBC
:10D47000480A05F05BFCB4EE408AF1EE10FA18BFE2
:10D48000B7EE007AF0EE407A18BF70EE077A1FED23
:10D49000B47AF4EEC77AF1EE10FA56DB1FEDB97AE2
:10D4A000F4EEC77AF1EE10FA4FD5FDEEE77A17EEFB
:10D4B000903A9945B4BF00200120FEF74EBAB0EE75
:10D4C000480A05F033FCB4EE408AF1EE10FA18BFBA
:10D4D000B7EE007AF0EE407A18BF70EE077A1FEDD3
:10D4E000C87AF4EEC77AF1EE10FA40DB1FEDCD7A80
:10D4F000F4EEC77AF1EE10FA39D5FDEEE77A17EEC1
:10D50000903A9945ACBF00200120FEF769B8B0EE13
:10D51000480A05F00BFC5FEDD67AB4EEE70AF1EEAF
:10D5200010FA2DDBDFED347AB4EEE70AF1EE10FAF3
:10D5300026D5BDEEC00A10EE103A9945CCBF0020AA
:10D540000120FEF70ABA134447E7B5EEC08AF1EEB0
:10D5500010FA4CBF01200020FEF7FFB9B5EEC08ADB
:10D56000F1EE10FA4CBF01200020FEF739B8B5EEFD
:10D57000C08AF1EE10FACCBF01200020FEF730B8CF
:10D58000B5EEC08AF1EE10FACCBF01200020FEF704
:10D59000E4B90746FDF703BC99ED008AB0EE480AEE
:10D5A00005F0C4FBB4EE408AF1EE10FA7FF4FEAC55
:10D5B000DFED127AB4EEE70AF1EE10FAFFF6F6AC00
:10D5C000DFED0D7AB4EEE70AF1EE10FA7FF5EEAC7E
:10D5D000FDEEC07A17EE902AFEF79ABC40B1002209
:10D5E000E7E62AB10023F8E605495846F3F790F834
:10D5F00004495846F3F78CF80000004F000000CFB4
:10D60000E4C4020800C5020810B582B0D0E90231B6
:10D61000044601AA0069984740B1019B33B1421CFE
:10D62000013BC4E90032007802B010BD4FF0FF307A
:10D63000FAE700BF4FF0000CC1E90223C1E900CCBA
:10D640000861704752B3F8B503680F4616460446A2
:10D6500012E06168B34228BF33461A4638461D4679
:10D660000AF020FCD4E90032761BA3EB05032A4420
:10D67000C4E900322F440DD02046002BE9D1FFF73A
:10D68000C3FF013008D0D4E9003101330139C4E9C6
:10D690000031DFE70020F8BD3046F8BD00207047BC
:10D6A000486818B11060002308684B60704700BFDD
:10D6B0000AB90020704770B50D464FF0FF3104469F
:10D6C0001646EFF793FA052801D0002070BD2046DA
:10D6D000EFF77CFE013E04E06FF001012046EFF71A
:10D6E00001F96FF001012046F0F788FB03466FF067
:10D6F00001012046002BE8D0EFF778FA0428EBD19F
:10D700004FF0FF3229462046EFF778FBE0B932466A
:10D7100029462046FFF7CCFF0028DDD00D492046E2
:10D72000EFF794FE6FF002024FF0FF312046EFF763
:10D7300095F96FF001012046EFF7D4F80321204658
:10D74000F0F7B2FB012070BD6FF001012046EFF74A
:10D75000C9F8F7E71CC502082DE9F04184B00C4672
:10D7600003A915460646F0F7F9FB21460746304661
:10D77000EFF758FD2B46D0E9001204460398B8474E
:10D78000034628B11846C4E9003504B0BDE8F0816D
:10D79000002DF7D0044901903046EFF757FE304690
:10D7A000F0F718FB019BEDE784C1020808B50022E1
:10D7B0000121FFF7D1FF002008BD00BF38B50B687D
:10D7C000002B06DD0C460021136044F8081B2046A0
:10D7D00038BD4B68988980060BD401F108041546C2
:10D7E00001214FF48062204609F00CFC286020469D
:10D7F000EEE7002038BD00BF38B504460D4609F0FD
:10D8000049FDEF2812D02328286003D0002038BD1E
:10D810000A2804D0204609F03DFD431CF8D12046DB
:10D8200009F038FD03462B60012038BD204609F081
:10D8300031FDBB2803D0EF232B600020E7E7204613
:10D8400009F028FDBF28F6D1204609F023FDDAE7CC
:10D8500038B50446EFF7FAFD6FF001012046EFF707
:10D8600071FF054630B920466FF00201EFF73AF834
:10D87000284638BD4FF0FF3220466FF00101EFF728
:10D8800085F820466FF00101EFF72CF8284638BDE7
:10D89000F0B585B0154604460F460AF0D5FA0022C9
:10D8A000066829462046EFF711FC431CC6B13046F6
:10D8B00003930AF07DF90D490090039B3A462046F8
:10D8C000EFF7F6FD294620464FF0FF32EFF75EF8FE
:10D8D0006FF00101204605B0BDE8F040EFF702B857
:10D8E00003493A462046EFF7E3FDEBE720C502087F
:10D8F00034C5020810B59CB001AA0446F2F704FD35
:10D9000038B10A4901AA2046F2F768FD079B002BAF
:10D9100005DC07492046EFF7CBFD1CB010BD0549DB
:10D920000CAA2046EFF7C4FD1CB010BD44C5020888
:10D93000E8B2020848C502080EB430B582B005ABA3
:10D94000044653F8042B019315460121FFF7D2FF3B
:10D95000019A29462046EFF799FD02212046F0F76B
:10D96000A3FA2046F0F736FA02B0BDE8304003B023
:10D97000704700BFF8B504460D46EEF7ABFF2749E8
:10D980002A4607462046F2F729FD2549254A204622
:10D99000EFF75CFE06212046EEF76AFFC0B30222D5
:10D9A000791C2046FFF784FE0546A0B100224FF007
:10D9B000FF312046EFF78AFB03785F2B11D07A1CEA
:10D9C00020464FF0FF31EFF749F82046791CEEF77B
:10D9D00089FF2846F8BD20463946EEF783FF2846E2
:10D9E000F8BD4378472BEAD183782E2BE7D1C11CB1
:10D9F0002046EFF72BFD20464FF0FF326FF001017C
:10DA0000EEF7C4FF6FF001012046EEF76BFFD6E79B
:10DA1000054A06492046FFF78FFFC0E760C70208A6
:10DA2000D8B9F0FF50C5020858C502086CC50208F5
:10DA300070B5A0B00C461646002105AA0546F2F7BF
:10DA400063FCB0B105AA1A492846F2F7C7FC194988
:10DA50000798E2F715FE069A08B9013C1BD082B17F
:10DA600013461549009622462846FFF765FF20B069
:10DA700070BD1249334622462846FFF75DFF20B0AD
:10DA800070BD05A928460392FFF774FF039A40B9B9
:10DA90000B4A0692E4E70B4933462846FFF74CFF52
:10DAA000E5E74FF0FF312846EFF710FB0246F0E7BD
:10DAB00048C20208F8B90208B8C5020880C50208C1
:10DAC00040B9020898C5020870B504460D461646CE
:10DAD000EFF794FEE0B929462046EFF787F80228D1
:10DAE0000CD1124B124932462046EFF7E1FC294691
:10DAF00002462046BDE87040FFF79ABF29462046FF
:10DB0000EFF774F801462046EFF7C2F80346E9E75D
:10DB100008492046FFF79CFE0428DCD100224FF084
:10DB2000FF312046EFF7D2FA0346DBE7D8C50208FB
:10DB3000E8C50208E8C1020830B50A4683B00D46C0
:10DB400014490446EFF782FD10B1002003B030BD48
:10DB500001906FF001012046EEF7C4FE0199022208
:10DB60002046EFF721FE29462046EFF76FFC0A4AD0
:10DB700020466FF00101EFF79FFE20464FF0FF3186
:10DB8000EEF7FEFF204603492A46EFF795FE0120F7
:10DB900003B030BDD8B9F0FFE8C102082DE9F0416B
:10DBA00007461C46884692B31646EFF71FF8002832
:10DBB0001BDC206868B1002503E054F8040F013530
:10DBC00038B13146E2F75CFD0028F6D12846BDE8C1
:10DBD000F081324611493846EFF76AFC4146024669
:10DBE0003846BDE8F041FFF723BF002241463846E2
:10DBF000EFF76CFA06460028DBD104213846EFF730
:10DC000047F8414602463846FFF75EFFD1E7EFF797
:10DC10005DFA06460028CCD1EFE700BFFCC502083C
:10DC200038B504461546EEF723FE00B138BD2A4646
:10DC30002DB120460549BDE83840FFF77DBE20469E
:10DC40000349BDE83840FFF777BE00BF6CC5020846
:10DC50008CBB020830B583B0044601920D46EEF746
:10DC6000C5FF019A904201D103B030BD1146204654
:10DC7000EFF70EF829460246204603B0BDE83040D3
:10DC8000FFF722BF38B504460D46EEF7AFFF01306F
:10DC900000D038BD29462046024ABDE83840FFF78B
:10DCA000C7BE00BF10C6020830B583B004460D469B
:10DCB000EFF70CFA034610B1184603B030BD0190DF
:10DCC00004212046EEF7E4FF294602462046FFF7EE
:10DCD000FBFE019B184603B030BD00BFF8B50646F9
:10DCE00015461C460F46EEF781FF002808DC24B1DC
:10DCF00028460DB1E2F724FD20602C462046F8BDF1
:10DD0000224639463046EFF7E1F9044608B120468D
:10DD1000F8BD04213046EEF7BBFF394602463046D7
:10DD2000FFF7D2FEF3E700BF30B585B003AA044683
:10DD30000D46EFF7F3F8039B0BB105B030BD03219F
:10DD400020468DED010AEEF7A3FF29460246204644
:10DD5000FFF7BAFE9DED010A05B030BD70B584B085
:10DD60008DED010A05460C46EEF740FF00289DEDBB
:10DD7000010A01DC04B070BD03AA21462846EFF772
:10DD8000CDF8039B002BF5D1032128468DED010A28
:10DD9000EEF77EFF214602462846FFF795FE9DEDF1
:10DDA000010AE7E730B585B003AA04460D46EFF750
:10DDB000FDF8039A034612B1184605B030BD019034
:10DDC00029462046EEF7A2FF30B1094A29462046EF
:10DDD000FFF72EFE019BEFE703212046EEF758FFE9
:10DDE000294602462046FFF76FFE019BE4E700BF8D
:10DDF00020C6020870B505460C461646EEF7F6FE3C
:10DE0000002801DC304670BD21462846BDE8704040
:10DE1000FFF7C8BF38B5D0E9022504460168284697
:10DE2000EFF7F0FA54F8103BA34204D06FF0010171
:10DE30002846EEF79BFD28466FF001014FF0FF32B8
:10DE4000EEF7A4FD28466FF00101BDE83840EEF77B
:10DE500049BD00BF83680B448360FFF7DBBF00BF91
:10DE600001F110030B604FF480720023C1E901231C
:10DE7000C860EFF779BB00BF2DE9F043ADF2244D48
:10DE800005460E469046EEF725FD471C002E00F095
:10DE90008480564932462846EFF70AFB09F0D4FF42
:10DEA000002303605249304609F036F806AC606042
:10DEB000002800F08F80002305A92360FFF79CFC59
:10DEC000A0BB05991B293AD04B1C04D023685A1CCF
:10DED00023442260197209F0B7FF002202604FF05C
:10DEE000FF312846EFF7F2F8CDF8008003462246CE
:10DEF00040492846EFF74CFE80466068848904F06C
:10DF000040040EB108F0FAFD002C50D14FF0FF3262
:10DF100039462846EEF73AFD28466FF00101EEF744
:10DF2000E1FC40460DF2244DBDE8F0832368E21881
:10DF30000A211172059901331B292360C4D10023E2
:10DF40002360002E43D009F07FFF00230360626846
:10DF50002949304609F01AF96060002840D005A927
:10DF6000FFF74AFC05994A1CB0D1039109F06CFFF8
:10DF7000002303601A4603992846EFF7A7F8CDF867
:10DF80000080034622461B492846EFF701FE8046E3
:10DF90006068848904F04004B4E718492846EFF724
:10DFA00055FA174B1B6806AC5868606083E7394622
:10DFB0002846EEF797FC13493A462846FFF768FCD7
:10DFC0004FF0060840460DF2244DBDE8F0830122D3
:10DFD00033467DE70C493A462846FFF759FCEFE700
:10DFE0000A493A462846FFF753FCE9E750C60208BB
:10DFF00020B60208BDD701085CC6020848C6020860
:10E00000A803002070B8020854C6020860C60208BF
:10E0100000B585B09446069A0092CDE9021C02AA8A
:10E020000249EFF7B5FD05B000BD00BFA1D601085C
:10E0300038B504461546EFF7E1FB00B938BD29466F
:10E040002046BDE83840FFF703BC00BF70B582B082
:10E0500004461646EEF72CFC054601462046EFF72F
:10E06000CDFB08B902B070BD31462046FFF7F0FB8A
:10E070000028F7D029462046EEF782FD0023012232
:10E08000204600931146EFF70DFD012002B070BD50
:10E0900030B5044683B0EFF729FF4FF0FF3101AAF6
:10E0A0002046EEF783FF019B05463BB120466FF00B
:10E0B0000101EEF717FC284603B030BD02492046A7
:10E0C000FFF73AFCF2E700BF68C60208F0B583B07C
:10E0D00004461646EEF7ECFB564A05460146204636
:10E0E000FFF7B4FF70B14FF0FF312046EEF74EFE60
:10E0F00098B132464FF0FF31204603B0BDE8F04002
:10E10000EEF7E4BF29462046EEF770FD04282AD832
:10E11000DFE800F0080D2914240047492046FFF7E6
:10E120000BFCE6E745492046EFF790F9E1E7294681
:10E130002046EEF783FF78B34149F4E729462046AD
:10E14000EEF7AEFD50B3294600222046EEF72EFF33
:10E150003C4902462046EFF7ABF9CAE7294620467C
:10E16000EEF70EFDC5E729462046EFF747FB28BB33
:10E1700029462046EEF73AFD01462046EEF788FD97
:10E18000294601902046EFF7ABF8019A2E49034645
:10E190002046EFF78DF9ACE72C49C4E70246294643
:10E1A0002046EEF7BBFE10EE100AE2F795F90246A4
:10E1B0000B4620462649EFF77BF99AE7254920468A
:10E1C000FFF746FB042807461DD100224FF0FF3120
:10E1D0002046EEF77BFF294601902046EFF780F8B6
:10E1E000019A194903462046EFF762F920464FF09D
:10E1F000FF326FF00101EEF7C9FB6FF0010120461D
:10E20000EEF770FB75E729462046EEF7EFFC014676
:10E210002046EEF73DFD294601902046EFF760F8D5
:10E22000019A094903462046EFF742F9002F3FF4CF
:10E2300060AFDBE788C6020894C6020880BD02080A
:10E24000A0BD0208B8C60208C0C6020858BD020830
:10E25000BCC60208E8C102082DE9F8438846114609
:10E2600016460546EEF704FB88B3D8F8003023B312
:10E270006FF00109A9EB060908F10808774258F880
:10E28000041C01B3002EC8BF002408DD394628460F
:10E290000134EEF775FCA642F8D158F8041C32465A
:10E2A0002846EFF71FF958F8082C49462846EFF79B
:10E2B00003FB58F8083B002BE1D1F1432846BDE8A9
:10E2C000F843EEF70FBB2846EFF744F9EBE7034AB4
:10E2D00003492846FFF730FBC7E700BFC8C602085E
:10E2E0006CC50208F0B5D0E901C3ACEB03048C4265
:10E2F00083B003D30068184403B0F0BD1646C2686B
:10E30000C9180446154650D22CF0010303EB5C03F8
:10E310008B4238BF0B461F46234653F8102B9A42B8
:10E320000BD03A4631462846FFF716FA0346A06856
:10E330001844C4E9003703B0F0BD4FF0FF32314656
:10E340002846EEF723FB6FF001012846EEF7CAFAE4
:10E35000002208212846EFF70BFE0022C0E9002228
:10E3600015492846FFF7E8FB0022C8B96FF0010104
:10E370002846EFF74FFB012231462846EEF706FB11
:10E3800031462846EFF778FD3A4631462846FFF7F2
:10E39000E3F9A2682168019009F084FD019BC6E7BA
:10E3A00006492846FFF758FFE0E705491046FFF702
:10E3B000C3FA0746B0E700BFF0C602086CDA0208ED
:10E3C000DCC602084FF0FF32FFF78CBF30B50446C1
:10E3D00083B008460D46E2F7B3F908B903B030BD83
:10E3E000014601904FF0FF322046FFF77BFF019A74
:10E3F000294609F057FDA268019B1A44A26003B0A8
:10E4000030BD00BF70B5C56882B0044601AA4FF0A8
:10E41000FF312846EEF75AFE019906466FF00102D9
:10E420002046FFF75FFF019A314609F03BFDA368E4
:10E43000019A13446FF001012846A360EEF752FAE7
:10E4400002B070BD38B501F110030B604FF4807558
:10E450000023C1E901530C461546C860EFF784F864
:10E46000294620464FF0FF32BDE83840FFF73ABF5B
:10E4700002B9704730B5144683B00D464FF0FF32F5
:10E4800021460190FFF72EFF2246294609F00AFD9A
:10E49000019B9A6822449A6003B030BD70B504466F
:10E4A0000E461546EFF7D2F8052801D1012070BDC0
:10E4B00020466FF00101EEF715FA31462046EEF7DF
:10E4C000F7F90022114606462046EFF76DF920467F
:10E4D0004FF0FF31EEF754FB20462A463146EFF766
:10E4E000EBF9002070BD00BFF0B5044685B00D46C5
:10E4F00017462749274A1E46FFF7D0FF4FF0FF3146
:10E500002A462046EFF7A2F84FF0FF312046EEF7FB
:10E5100095FD70B16FF0010120464FF0FF32EEF72C
:10E5200035FA6FF001012046EEF7DCF91EBB05B0AD
:10E53000F0BD03906FF001012046EEF7D3F9039A86
:10E5400039462046EEF7CEFF29462046EEF77EFFFD
:10E55000039B0093012211462046EFF7A3FA2046C1
:10E560004FF0FF31EEF70CFB2A466FF00201204618
:10E57000EFF7A2F9CEE720464FF0FF31EEF700FBB0
:10E580002946204605B0BDE8F040EFF78DB900BF41
:10E59000D8B9F0FF50C5020810B52DED028B86B03A
:10E5A000B0EE408A02910446EEF77CF902994429C4
:10E5B00008D1B4EE480AF1EE10FA0CD106B0BDEC69
:10E5C000028B10BD1049204606B0BDEC028BBDE8A1
:10E5D0001040FFF7B1B918EE100A8DED050AE1F70A
:10E5E0007BFF02460B460598CDE90223E1F774FF55
:10E5F000DDE90223CDE9000104492046FFF79CF93B
:10E6000006B0BDEC028B10BDF8C602082CC702088C
:10E610000320704708B5EEF75DF9013808BD00BF6B
:10E6200010B5012182B00446EEF7E0FA034601304E
:10E630000AD019462046EEF72BFB01462046EEF79E
:10E6400005FF012002B010BD034A019301212046BD
:10E65000FFF7EEF9019BECE710C6020800B583B0A6
:10E6600001210190FFF70EFB019800220121FFF725
:10E670002DFD012003B000BD30B583B00546EEF797
:10E6800029F9012104462846EEF7B0FA042807D1FB
:10E69000002201212846EEF719FD0378232B0FD025
:10E6A00001212846FFF77EFB031E07DBA342A8BF1C
:10E6B0002346002B0BDDE01A03B030BD2344F8E7FE
:10E6C0002846611EEEF794FE012003B030BD044AD7
:10E6D000019301212846FFF7ABF9019BEBE700BF4F
:10E6E00064C7020838B502210446EEF77FFA052216
:10E6F000054601212046FFF7ADFA7DB90E4A0121FA
:10E700002046FFF795FC88B920460221EEF7EAF88B
:10E7100001212046EFF77EF9012038BD052DEDD00F
:10E72000064A02212046FFF7CFF9E7E720460449D1
:10E73000BDE83840FFF700B988C7020878C702086B
:10E7400094C7020810B5052204460121FFF782FA9A
:10E7500020460221FFF796FA20460321FFF792FA9E
:10E7600020460321EEF7BEF820460121EFF726F9F7
:10E77000012010BD10B5052204460121FFF76AFAF9
:10E7800020460221FFF77EFA20460221EEF7AAF882
:10E7900001212046EEF7D6FF012010BD10B5012162
:10E7A0000446EEF723FA0438012809D8012120464F
:10E7B000EEF7E8FC01462046EEF71AFE012010BDF8
:10E7C000024A01212046FFF77FF9EFE7B8C70208A8
:10E7D00010B501210446FFF755FA20460221FFF744
:10E7E00051FA022201212046EEF708FB014620469D
:10E7F000EEF7B0FE012010BD70B50546EEF76AF8E1
:10E800000022064601212846FFF74EFA012E16DDAA
:10E8100002242146002228460134FFF745FAA64289
:10E82000F7DA0124214600222846EEF74FFC013496
:10E83000014601222846EFF799FBA642F2D1314664
:10E8400000222846EEF742FC002201462846EFF758
:10E850008DFB002070BD00BF2DE9F04182B007465E
:10E86000EEF738F8B0F1000833DD01AA012138468F
:10E87000FFF72CFC184E0546012409E0FFF726FCA3
:10E880003368012205469B681448114608F0F4FCE1
:10E890003368019A9B680121284608F0EDFC013499
:10E8A0006FF001013846EEF71DF8A04501AA384681
:10E8B0002146E3DA33680A489B680122114608F0D2
:10E8C000DBFC3368986808F0C9F9002002B0BDE8A5
:10E8D000F081014EEEE700BFA8030020CCC702087C
:10E8E000C8C7020810B501210446FFF7CBF9002282
:10E8F00020460649EEF7F6FD20460121EEF740F9E5
:10E9000020460021EEF774FD032010BDC9E901087F
:10E9100010B5052204460121FFF79CF9022120468B
:10E92000EDF7E0FF01212046EFF768FA08B1022079
:10E9300010BD2046EEF74AFD012010BD30B5022182
:10E9400085B0044615461E4AFFF76AF901212046A4
:10E95000EEF716F900231946204600930122EFF73F
:10E96000A1F84FF0FF312046EEF740F9C0B14FF06B
:10E97000FF312046EEF70AFAE8B1052220464FF0B3
:10E98000FF31EEF76BF820466FF00101EDF7AAFFBB
:10E990002A460521204605B0BDE83040EEF796BB7B
:10E9A00003906FF001012046EDF79CFF039B2B6065
:10E9B000184605B030BD03492046FEF7BDFFDCE731
:10E9C000D0C70208ECC7020810B5022182B0044685
:10E9D000FFF7E8F9421C114620460192EEF708FDC8
:10E9E000019A01212046EEF76FFE002814BF022095
:10E9F000012002B010BD00BF38B50122022104463B
:10EA0000FFF7F8F9012105462046EDF76BFF0121DC
:10EA10002046EEF7EBF8042804D02046BDE8384045
:10EA2000EFF7D8B9002DF8DD29462046FEF762FF42
:10EA300020460121EEF7A4F820460221EFF734FA30
:10EA40002046BDE83840EFF7C5B900BF30B5002318
:10EA500083B01A4601210446FFF740F9012105461B
:10EA60002046EDF73FFF002229462046FFF704FA33
:10EA700070B90A4B0093014603464FF0FF3220461F
:10EA8000EFF710F82046EDF725FF013803B030BD51
:10EA9000204603B0BDE83040EFF79CB915E6010809
:10EAA00000B5012983B006D80192EDF713FF019A52
:10EAB000801A03B000BD00210190EEF74BFD0198D4
:10EAC0006FF00101EEF75CF8022003B000BD00BF5B
:10EAD00010B5012182B00446FFF7D4F8114A012194
:10EAE0002046FFF7A5FA70B902460F492046EEF717
:10EAF000F9FC01212046EEF743F82046EEF766FCCC
:10EB0000032002B010BD20460121EEF739F8074A74
:10EB100000922046002303220121EEF7C3FF0320C9
:10EB200002B010BD14C8020811E9010811E601087D
:10EB300010B5044699B90AB9012010BD1146EEF787
:10EB40001FF801226FF001012046EFF733FA002889
:10EB5000F2D16FF001012046EDF7C4FEECE7EEF7CD
:10EB600035FC204601226FF00101EDF70FFF022076
:10EB700010BD00BFF0B587B005AA01210446EEF72D
:10EB8000A5FA214A0023032105462046FFF7A6F8EF
:10EB9000042106462046EEF729F8013018BF01206F
:10EBA00087009DB12A46002302212046FFF796F8F0
:10EBB000059A0096034629462046FFF729FA3A4669
:10EBC00001462046FFF7B4FF07B0F0BD2B460F4AC1
:10EBD00002212046FFF782F80622039001212046F9
:10EBE000FFF738F820460521EDF77CFE039B084926
:10EBF00000962A462046EEF7CBFF3A4601462046CD
:10EC0000FFF796FF07B0F0BD1CC8020820C8020835
:10EC10003DE9010830B5002383B01A4601210446BE
:10EC2000FFF75CF8002305461A4602212046FFF74D
:10EC300055F8032101902046EDF7D8FF2946013011
:10EC4000019A20460CBF00250325FFF715F92A4637
:10EC50000146204603B0BDE83040FFF769BF00BF62
:10EC600010B501210446FFF70DF801212046EEF70B
:10EC7000C5FD30B1054A01212046FFF7D9F9012031
:10EC800010BD2046EEF7A2FB012010BD88C7020888
:10EC900010B501210446EEF7D1F920B12046BDE8B8
:10ECA0001040EDF717BE20460121FEF7EBFF4FF0B5
:10ECB000FF3220460121EDF769FE20466FF0010189
:10ECC000EDF710FE06492046EEF7C0FB2046012175
:10ECD000EDF708FE2046BDE81040FFF78DBE00BFEF
:10ECE00028C802082DE9F043022183B00746EDF75A
:10ECF0007DFF002851DD02213846FFF753F804223A
:10ED0000054601213846FEF7A5FF012101AA384634
:10ED1000EEF7DCF9AB1E222B80466ED83A4940460E
:10ED200008F086FF18F800102D2908EB00042FD0FA
:10ED30002B2908BF61784FF0000908BF0134DFF8C4
:10ED4000D0C01CF8012050071BD000260BE0A1F119
:10ED500030039D4206FB053613DD14F8011F1CF835
:10ED60000120530732D002F0030052070B46EED4C5
:10ED7000022808BFA1F12003373B9D4206FB053660
:10ED8000EBDC3846EEF722FB012003B0BDE8F08350
:10ED900061784FF001090134D1E701213846EDF7E0
:10EDA00025FF032824D001AA01213846EEF78EF969
:10EDB00038B101463846EEF7A5F8019B0133984279
:10EDC000E2D001213846FEF75DFFDAE720460E4922
:10EDD00008F02EFF0444B9F1000F00D07642019BE9
:10EDE00098444445CDD131463846EEF701FBCBE798
:10EDF00001213846EDF776FDC6E7044A0221384680
:10EE0000FEF716FE8AE700BF50C802083CC8020899
:10EE1000A9EA020830B54F4B4F4A85B0012104469C
:10EE2000FEF7BCFE4D4B53F82050EB1E082B5ED86E
:10EE3000DFE803F0695D8205055D182542000022C8
:10EE400002212046FEF7D6FF294602462046EEF76D
:10EE5000F5FE431C51D001462046EEF7C9FA0120C9
:10EE600005B030BD09212046EEF7E8FE451C44D030
:10EE700001462046EEF76EFB012005B030BD0022B2
:10EE800002212046FEF7B6FF002205460321204658
:10EE9000FEF7B0FF0A2103462A462046EEF7CEFED3
:10EEA000411C2AD00B280CBF2D492E492046EEF7D5
:10EEB000CDFA012005B030BD002202212046FEF728
:10EEC00099FF0022054603212046FEF793FF00220A
:10EED000039004212046FEF78DFF2A460090039BF5
:10EEE0000B212046EEF7AAFE421CDBD105E02946A5
:10EEF0002046EEF7A3FE431CADD12046EEF766FA9E
:10EF0000012005B030BD03212046EEF797FE042115
:10EF100005462046EEF792FE691CEED000EE100A80
:10EF200007EE905ABAEECB0AF8EEE77A204630EEBA
:10EF3000270AEEF753FA92E7002202212046FEF755
:10EF400059FF052102462046EEF778FE421CD4D038
:10EF50008EE700BFACDA020874C8020884DA02083F
:10EF600058C8020864C8020810B5012182B00446DE
:10EF7000FEF788FE01212046EEF7ECFA0122114649
:10EF80002046EDF703FD2046EDF7A4FC0E4A0023D2
:10EF9000CDE90032811E4FF0FF322046EEF7A8FD8A
:10EFA000012805D8204602B0BDE81040EDF792BC1C
:10EFB00020460021EEF7CEFA20466FF00101EDF772
:10EFC000DFFD022002B010BDA1EA010870B582B0D9
:10EFD0000446EDF77FFC0622064602212046FEF796
:10EFE00039FE01212046EEF7B5FA01212046EDF762
:10EFF000C7FD022203212046EDF7C8FC0F4B022576
:10F00000CDE900534FF0FF322B46B11E2046EEF7FC
:10F010006FFD012805D82046EDF75CFC023802B0F0
:10F0200070BD20460021EEF795FA20466FF00101F1
:10F03000EDF7A6FD284602B070BD00BFA1EA0108A9
:10F0400010B5104904460222EEF796FB0022204636
:10F050000D49FFF701F920464FF0FF31EDF790FD24
:10F060000A4A20466FF00101EEF726FC08492046C7
:10F07000EEF7ECF92046074A6FF00101EEF71CFCB1
:10F08000012010BDD8B9F0FFD8DA0208F8B40208A0
:10F090007CC8020884C8020800B583B00121019031
:10F0A000FEF742FEDFED047A019820EE270AEEF724
:10F0B00095F9012003B000BD35FA8E3C00B583B050
:10F0C00001210190FEF730FEDFED047A019820EE79
:10F0D000270AEEF783F9012003B000BDE02E654258
:10F0E00000B583B001210190FEF71EFE03F090FDF4
:10F0F0000198EEF773F9012003B000BD00B583B0AD
:10F1000001210190FEF710FEB5EE400AF1EE10FA73
:10F11000019806D4B1EEC00AEEF760F9012003B001
:10F1200000BD019003F0A8FC0198F5E700B583B09D
:10F1300001210190FEF7F8FD03F030FD0198EEF794
:10F140004DF9012003B000BDF8B50746EDF7C2FB4D
:10F15000061E15DD012E18D0022401252A4621465F
:10F1600001233846EDF78EFE002818BF25460134EE
:10F17000A642F3DA38462946EDF702FD0120F8BD34
:10F18000054A01213846FEF753FC01253846294639
:10F19000EDF7F6FC0120F8BD10C60208F8B50746E9
:10F1A000EDF798FB061E15DD012E18D0022401256F
:10F1B0002246294601233846EDF764FE002818BF91
:10F1C00025460134A642F3DA38462946EDF7D8FC45
:10F1D0000120F8BD054A01213846FEF729FC01252A
:10F1E00038462946EDF7CCFC0120F8BD10C60208D0
:10F1F00010B52DED028B012182B00446FEF794FD7F
:10F2000002212046B0EE408AEDF7F0FC002816DD22
:10F2100002212046FEF788FDB0EE007AB4EE470AE0
:10F22000F1EE10FA26D0B2EE047AB4EE470AF1EE0F
:10F2300010FA10D1B0EE480A03F076FB03E0B0EE0E
:10F24000480A03F041FB2046EEF7C8F8012002B05F
:10F25000BDEC028B10BD8DED010AB0EE480A03F043
:10F2600033FBB0EE408A9DED010A03F02DFB88EEE2
:10F27000000AE8E7B0EE480A03F0F2FCE3E700BF5B
:10F2800038B501210446FEF78DFD022105462046D2
:10F29000FEF788FD854228BF0021204638BF0121A6
:10F2A000EEF758F9012038BD10B52DED028B012184
:10F2B00082B00446EDF7F4FC20B102212046EDF7C0
:10F2C000EFFCB8B901212046FEF72EFD20460221B1
:10F2D000B0EE408AFEF728FDF0EE400AB0EE480A94
:10F2E00003F0C6FA2046EEF779F8012002B0BDEC33
:10F2F000028B10BD002202212046EDF757FE421C72
:10F30000012A05D8A0B100212046EEF771F8ECE7FC
:10F310000190002201212046EDF748FE019B0246A4
:10F32000204692FBF3F101FB1321EEF761F8DCE7D5
:10F33000024A02212046FEF77BFBE4E778C9020877
:10F3400000B583B001210190FEF7EEFC03F054FA02
:10F350000198EEF743F8012003B000BD00B583B07B
:10F3600001210190FEF7E0FC03F0AEFB0198EEF7FF
:10F3700035F8012003B000BD10B501212DED028B41
:10F380000446FEF7D1FC0221B0EE408A2046B7EEDB
:10F39000000AFEF7E3FCF0EE400AB0EE480A03F084
:10F3A00029FA2046EEF71AF8BDEC028B012010BDB9
:10F3B00000B583B001210190FEF7B6FC03F0EEF931
:10F3C0000198EEF70BF8012003B000BD00B583B043
:10F3D00001210190FEF7A8FC03F0B4F90198EDF7C4
:10F3E000FDFF012003B000BD10B501210446EDF77B
:10F3F000FDFB03284FF00101204606D0FEF742FC3A
:10F400002046EDF7E3FF012010BDEDF749FC28B9D8
:10F4100003492046EEF71AF8012010BD0149F8E72C
:10F4200080C9020880C6020810B52DED028B0121AB
:10F4300082B00446EDF734FC012160B12046EDF7BF
:10F4400051FA20469FED340AEDF7C8FF022002B0C2
:10F45000BDEC028B10BD2046FEF766FCB5EEC00A7F
:10F46000F1EE10FAB0EE408A24D403F05FFC9FED79
:10F470002B7AB4EEC70AF1EE10FAF0EE407A33DBE5
:10F480009FED277AB4EEC70AF1EE10FA2CD5BDEE47
:10F49000E77A204617EE101ACDED017AEDF7A8FFB6
:10F4A000DDED017AB4EE678AF1EE10FA2AD038EE7B
:10F4B000670A29E003F0F2FB9FED187AB4EEC70A61
:10F4C000F1EE10FAF0EE407A0EDB9FED157AB4EE15
:10F4D000C70AF1EE10FADAD420468DED010AEDF7F5
:10F4E0007DFFDDED017AE2E7B0EE670A2046CDED63
:10F4F000017AEDF773FFDDED017AB4EE678AF1EE84
:10F5000010FAD4D19FED040A2046EDF767FF0220E0
:10F5100002B0BDEC028B10BD00000000000000CF67
:10F520000000004F10B582B001AA01210446EDF79A
:10F530003DFD019B33B101462046EDF759FF012007
:10F5400002B010BD01212046FEF79CFB2046EDF7DE
:10F550003DFF012002B010BD10B501210446EDF7BA
:10F560009FFB68B1002201212046EDF71FFD80EAD4
:10F57000E071A1EBE0712046EDF73AFF012010BDEC
:10F5800001212046FEF7D0FB2046B0EEC00AEDF781
:10F5900025FF012010BD00BF2DE9F04F4B4983B07E
:10F5A0000546EDF73FFE012104462846EDF71EFB18
:10F5B000013047D001212846FEF7F4FB002202214A
:10F5C000074683462846FEF715FC00268146019033
:10F5D00033464FF01008314632464FF0FF0C3046AC
:10F5E00081EA0C0E4104734041EADC31424058404C
:10F5F0004B404FEADE4189EA0709E246564001EBFB
:10F600004231B8F101084FEAD24289EA0C0C8EEA85
:10F61000070789EA4A4902EB4E32E1D1C4E902C048
:10F62000C4E90612C4E9049359462846C4E90076A1
:10F63000EDF7DEFE28460199EDF7DAFE022003B071
:10F64000BDE8F08F002008F049FB4FF0000980462C
:10F6500001462E464A4610204F464B464FF0FF0EBD
:10F66000CC468EEA070A67467F0489EA020247EA27
:10F67000DE378CEA030382EA0C0C7A404FEADA4761
:10F680004E40F34683EA090907EB433701384FEA56
:10F69000D34386EA0E0E8AEA010186EA4B4603EB63
:10F6A0004A33DED1C4E90019C4E902ECC4E90462BA
:10F6B000C4E9067341462846EDF79AFE28462946D6
:10F6C000EDF796FE022003B0BDE8F08FD7B9F0FF4A
:10F6D00010B501210446EDF7E3FA012120B12046DF
:10F6E000EDF700F9012010BD2046FEF71DFB03F0E9
:10F6F000D5FADFED0E7AB4EEE70AF1EE10FA06DB8A
:10F70000DFED0B7AB4EEE70AF1EE10FA04D42046EE
:10F71000EDF764FE012010BDFDEEC07A204617EE25
:10F72000901AEDF765FE012010BD00BF000000CF6C
:10F730000000004F10B501210446EDF7B1FA012198
:10F7400020B12046EDF7CEF8012010BD2046FEF78F
:10F75000EBFA03F0EBFADFED0E7AB4EEE70AF1EE26
:10F7600010FA06DBDFED0B7AB4EEE70AF1EE10FAE1
:10F7700004D42046EDF732FE012010BDFDEEC07A24
:10F78000204617EE901AEDF733FE012010BD00BFA2
:10F79000000000CF0000004F2DE9F04F774983B003
:10F7A0008046EDF73FFD04468068A7692668256915
:10F7B000E168E269D4F804C0474075407E408B00A0
:10F7C0004FEA80092660666919EB000982EA0102A6
:10F7D00043EA907341EB03038CEA06068CEA020CC1
:10F7E000C4F804C04FEAC31C4FEAC91E0CEB596CA5
:10F7F0004FEA41497140E160F90C0EEB536301EBB4
:10F80000423149EAD039D20C02EB473289EA060686
:10F81000A161D9006661E261CE184FEACC0280EAAC
:10F82000050385EA404542EA5E72A36025614046D1
:10F830004CEB0207EDF74EF8012829D002280CD036
:10F84000A0BB3B0A00EE103A4046BAEEC40AEDF700
:10F85000C5FD012003B0BDE8F08F01214046FEF751
:10F86000A1FA022100904046FEF79CFA009B054653
:10F87000AB427BDCED1A6A1C2A421ED106EA050166
:10F8800040461944EDF7B4FD012003B0BDE8F08F08
:10F89000014600904046FEF785FA009B0546002889
:10F8A000E6D131464046EDF7A3FDD2E73449404664
:10F8B00003B0BDE8F04FFEF73FB845EA550242EA13
:10F8C000920242EA121242EA122242EA124B06EA7B
:10F8D0000B018D42D4D2D4E9069AD4E90076D4E95A
:10F8E000020CD4E904E20093CDF804804B46A14613
:10F8F0005C46AB4683EA000581004FEA8C03091899
:10F9000043EA90734CEB0303C90101EB53614FEAE7
:10F910004C43724043EAD03301EBC1018AEA0C0A3E
:10F9200021408CEA020C5A40EB0C8EEA070E80460E
:10F930008AEA060603EB4A338B454FEADA4A80EA45
:10F940000E0087EA05078EEA484E0AEB453AD1D306
:10F950004C469946C4E90076C4E9020CC4E904E2C5
:10F96000C4E9069ADDF80480009B89E7054A009304
:10F9700001214046FEF75CF8009B7BE7D7B9F0FF1A
:10F9800088C90208A4C902082DE9F84F9FED460A6C
:10F9900004464421FEF700FE1B2200212046EDF71D
:10F9A00003FF424900222046FEF756FC9FED400A25
:10F9B0002046EDF713FD3F4A6FF001012046EDF7B9
:10F9C0007BFF9FED3D0A2046EDF708FD3B4A6FF0B7
:10F9D00001012046EDF770FF6FF000412046EDF782
:10F9E00007FD374A6FF001012046EDF765FF4FF044
:10F9F00000412046EDF7FCFC324A6FF00101204641
:10FA0000EDF75AFF002220212046EEF7B1FA064614
:10FA1000002008F063F9002782468046A4463A4653
:10FA20004FF01009BE463B46FF2039468EEA0005DE
:10FA300083464FEA414E7A404EEADB3E4B4051400E
:10FA40008EEA02024FEAD54E8CEA080C5F400EEBBC
:10FA5000433EB9F101094FEAD3438CEA000085EA3D
:10FA600008088CEA4B4C03EB4533DFD1C6E904C2EE
:10FA7000C6E906E3C6E90201C6E900875146204609
:10FA8000EDF7B6FC21462046EDF7B2FC20466FF0BC
:10FA90000201ECF727FF20460B490122FEF7DCFBB1
:10FAA0000120BDE8F88F00BF0000FC43A8DB02087E
:10FAB000DB0F4940B8C902080000807FBCC90208BA
:10FAC000C4C90208D0C9020888DC020800B5DFF802
:10FAD000CCC01CF8013003F00303012B0CBF01F173
:10FAE00020020A46613A192A0ED8DFE802F0120D08
:10FAF0001C210D0D260D0D0D0D2B0D0D0D350D0DB4
:10FB00003A0D3F0D494E0D53081AB0FA80F04009E6
:10FB100000BD1CF8000000F00300022B1CBFB0FA6F
:10FB200080F0400900BD1CF8000000F02000F4E760
:10FB30001CF8000000F00400EFE71CF8000000F0E3
:10FB40001700EAE71CF8000000F00300A0F1020033
:10FB5000B0FA80F04009E0E71CF8000000F0100067
:10FB6000DBE71CF8000000F00800D6E71CF80000F6
:10FB700000F00300A0F10100B0FA80F04009CCE7EA
:10FB80001CF8000000F00700C7E71CF8000000F0B8
:10FB90004400C2E7B0FA80F04009BEE7A9EA0208D3
:10FBA000F8B54B785E2B0C460646154626D0012745
:10FBB000601C854208D813E02D2915D09E4211D033
:10FBC0000446601CA8420BD26378A178252BF3D1A0
:10FBD0003046FFF77BFF28B90234601CA842F3D3FC
:10FBE00087F001073846F8BDE21CAA42E6D29E42E1
:10FBF00002DBE378B342F5DA1446E2E7013400278A
:10FC0000D6E700BF10B582B001AA04460121FEF775
:10FC10004BF820460199EDF7EBFB012002B010BD37
:10FC20002DE9F047042B9C46A8BF4FF0040CBCF113
:10FC3000010682B01C464DD45AB996465D1EAB1BD8
:10FC4000013ECB5C43EA0E0E731C17D04FEA0E2E1A
:10FC5000F5E78B5D4FF0000E751E43EA0E0E6EB198
:10FC60004B5D023E751C43EA0E2E07D08B5D4FEABA
:10FC70000E2E751E43EA0E0E002EF1D1032C2DDD43
:10FC8000042C73462DD00A9D002D3AD100279146B1
:10FC90000E4682462246042504F1FF38B9F1000FD2
:10FCA00038D1A8EB0501715C8F4207D10135AA421A
:10FCB00017DDA8EB0501715C8F42F7D02549019350
:10FCC00050460092FDF738FE009A019B0135AA428A
:10FCD000E4DC06E0032B18DC4FF0000E0A9B23B98E
:10FCE0007346184602B0BDE8F087E400013C0123EA
:10FCF000A3408EEA030EAEEB0303184602B0BDE844
:10FD0000F087002BC2DAFF27C1E7042C4FF0000375
:10FD1000BCD1E6E72C46315D8F4204F101050DD1DF
:10FD2000AA4204F10204DCDD715D8F42C6D1A24219
:10FD3000D7DD315D8F4204F10105F1D00549504610
:10FD4000CDE90023FDF7F8FD009A019BAA422C465D
:10FD5000E1DCC6E768CA020810B50B460A4613F88C
:10FD6000011B252982B004461BD05B2910D1517894
:10FD70005E2908BF931CA2689A4219D01A4612F84D
:10FD8000011B252907D013461A785D2AF3D10133C8
:10FD9000184602B010BDA168914203F10203F2D9E6
:10FDA000F2E7816899420AD0931C184602B010BD50
:10FDB0000649E0680193FDF7BFFD019BDEE70449BA
:10FDC000C0680192FDF7B8FD019AEDE7BCCA0208D0
:10FDD00098CA020810B50C46196882B039B10833C8
:10FDE00018462146FEF744FB002002B010BD012159
:10FDF00043F8081B194601920093FEF731F8DDE93C
:10FE00000032EDE770B5C6B001AA01210646FDF744
:10FE10004BFF02A9019A05463046FEF713FB0199F4
:10FE2000C1B10F4E05F1FF3E01380EF102031EF87D
:10FE3000012F16F802C0A2F12001C9B20CF0030C88
:10FE4000BCF1020F08BF0A4600F8012F01995B1BA5
:10FE50009942EAD802A8FDF7FDFF012046B070BD27
:10FE6000A9EA020870B5C6B001AA01210646FDF74D
:10FE70001BFF02A9019A05463046FEF7E3FA0199F5
:10FE800059B101380023C91A2944013311F8012C52
:10FE900000F8012F01999942F5D802A8FDF7DAFF81
:10FEA000012046B070BD00BF70B5C6B001AA0121E7
:10FEB0000646FDF7F9FE02A9019A05463046FEF70F
:10FEC000C1FA0199C1B10F4E05F1FF3E01380EF1A3
:10FED00002031EF8012F16F802C002F12001C9B278
:10FEE0000CF0030CBCF1010F08BF0A4600F8012F0B
:10FEF00001995B1B9942EAD802A8FDF7ABFF0120EC
:10FF000046B070BDA9EA02082DE9F047C6B06A46BE
:10FF100001210446FDF7C8FE022107462046FDF7F1
:10FF200041FF2A4A804601AB03212046FDF7D6FE59
:10FF3000B8F1000F3EDDDDE900238146D0183ED246
:10FF40006FF00041B1FBF8F1884238D8204608F143
:10FF5000FF3404FB03F308FB023A02A908FB023258
:10FF6000FEF770FAB8F1010F009A034602D115E0CE
:10FF7000013C13D03946184607F094FFDDE9002113
:10FF800083180029F4D00A461846494607F08AFF2C
:10FF9000DDE90021013C00EB0103EBD139461846B5
:10FFA00007F080FF514602A8FDF754FF012046B03C
:10FFB000BDE8F08705492046EDF748FAF6E7044921
:10FFC0002046FDF7B9FC46B0BDE8F087E8B202086C
:10FFD000DCCA0208F0B5C7B00746ECF77BFC02A903
:10FFE000064602463846FEF72DFA002E0DDD451E68
:10FFF000012421463846FDF7D5FEFF2803460BD8DD
:020000040802F0
:100000000134A64205F8013FF3DA02A83146FDF7B4
:1000100021FF012047B0F0BD0190034A2146384638
:10002000FDF706FD019BEBE7F8CA020810B50221B7
:10003000C8B00446EDF702F80622019001212046DF
:10004000FDF708FE01212046ECF74CFC002202924D
:100050000949019B02AA2046EDF7D8FD28B904A85A
:10006000FDF7D8FE012048B010BD04492046FDF739
:1000700063FC48B010BD00BFD5FD01080CCB0208E1
:1000800010B584B004460191ECF7B0FD0328019946
:1000900010D003AA2046EDF719F848B101462046D2
:1000A000ECF730FF03990131081AB0FA80F04009EB
:1000B00004B010BD2046ECF763FD012004B010BD74
:1000C00010B50446E0F73CFB0023235410BD00BFED
:1000D0000B782E2B09D05B2B04D0252B07D1497828
:1000E000FFF7F4BC013AFFF75BBD0120704700B594
:1000F0008646181AB0FA80F0400900BD70B50E4669
:1001000084B0012104461546FFF7BAFF20B1022151
:100110002046FFF7B5FFC0BB02212046ECF7E2FB0B
:1001200002212046ECF762FD042805D02A46022170
:100130002046FDF77DFFC8B96FF001012046ECF7BE
:1001400055FD01462046ECF7A3FD4FF0FF3103902B
:100150002046ECF74BFD01462046ECF799FD0E4991
:100160000090039BAA1C2046FDF7E6FB20460122D7
:100170006FF00201ECF70AFC002300930122022138
:100180002046EDF78FFC04B070BD3146204604B028
:10019000BDE87040ECF75ABE2CCB020808B5034A04
:1001A0000021FFF7ABFF012008BD00BF54C20208C9
:1001B00008B5034A0121FFF7A1FF012008BD00BFD8
:1001C0005CC2020808B5034A0221FFF797FF01202D
:1001D00008BD00BF64C2020808B5034A0321FFF747
:1001E0008DFF012008BD00BF6CC2020808B5034A9C
:1001F0000421FFF783FF012008BD00BF74C202087D
:1002000008B5034A0521FFF779FF012008BD00BFAB
:100210007CC2020808B5034A0621FFF76FFF0120E0
:1002200008BD00BF84C2020808B5034A0C21FFF7CD
:1002300065FF012008BD00BFB4C202080B6893F837
:1002400000C0ACF1300CBCF1090F01D91046704769
:1002500010B500220446104801E0824215DA01334D
:100260000B6093F800C013F801ECACF1300C02EB1A
:100270008202AEF1300EBCF1090F0EEB4202ECD956
:10028000531E0F2B01D8104610BD20680349BDE84E
:1002900010401023FDF750BBCCCCCC0C50CB020847
:1002A00038B50B6814465A1C0A6093F800C005461E
:1002B00000202060ACF120005A283BD8DFE800F095
:1002C00034823A3A3A3A3A3A3A3A3A3A3A3A3A3A4C
:1002D0003A3A3A3A3A3A3A3A3A3A3A3A32327F3A49
:1002E0003A3A8E3A3A3A3A3A8C7A2E3A2E3A3A3AA0
:1002F0003A3A3A3A2E3A3A3A883A3A3A3A3A3A3A1C
:100300003A3A9058543A503A8A75363A363A4C3A14
:100310003A3A3A443A3A3A3A403A92000420206053
:10032000012038BD01236B600A2038BD0420206005
:10033000002038BD314928686246FDF7FDFAF3E731
:1003400001232360082038BD04222846FFF776FFEA
:1003500003462360062038BD04232360032038BDF4
:1003600004232360022038BD08232360042038BD05
:100370005B78303B092B37D8DFF888E0002301E0B9
:10038000734539DA01320A60107812F801CC30383E
:1003900003EB8303ACF1300C09280CEB4303EFD9DA
:1003A0002360013323D0052038BD04222846FFF7FF
:1003B00045FFBCE704222846FFF740FFAFE70023D4
:1003C0006B60B1E708222846FFF738FFA860ABE76B
:1003D000092038BD0220AAE70220A0E701209EE7FD
:1003E0000120A4E7072038BD4FF0FF332360044904
:1003F0002868FDF7A1FAD6E72360D4E79CCB020872
:1004000078CB0208CCCCCC0C2DE9F041164682B05A
:1004100088461A4631461C460746FFF741FF2468C6
:100420000194092805460AD0012C01DD052810D1C8
:100430000023089A2846136002B0BDE8F0813368B3
:100440001B7893B9154A38680121FDF7F1FA012CA0
:10045000EEDDBE68A642A8BF019E741E344216D1CE
:1004600008EA0402B31A2340E3E7314601AA3846FA
:10047000FFF716FF0528019CE4D014B1012CE8DC3D
:10048000D6E7064A38680121FDF7D2FAD0E7386886
:10049000034A0121FDF7CCFAE2E700BFB8CB02081E
:1004A000DCCB0208F0B501218DB000220746FDF734
:1004B000FBFB017805900123CDE908730A93D1B1C4
:1004C000002407AE6FF00045009606AB05AA214652
:1004D00008A8FFF799FF0638C0B2012819D9DDE94D
:1004E00006321344EA1A94420BD8059A1C44137836
:1004F000002BE9D121463846ECF77AFF01200DB0F8
:10050000F0BD074A039301213846FDF791FA039B9A
:10051000EBE7044A01213846FDF78AFADFE700BF1E
:1005200020CC020808CC020830B590F814C0614510
:1005300083B0054606DB1446A9B91A1B901C10D1DE
:1005400003B030BD00EBC103D3E90642511CC068C3
:1005500011D0931C16D0214603B0BDE83040ECF713
:1005600051BFE868F7E74A1CC0680A490193FDF7E4
:10057000E3F9019BE1E708490192FDF7DDF9E8683D
:10058000019AE8E72968611A013103B0BDE83040FB
:10059000ECF72EBF38CC020854CC0208F8B54C1C3E
:1005A0000D460646114620461F4607F041FB235CD8
:1005B0001349302BCA5C04440BD0500706D563782E
:1005C000CA5C52074ABFA378013402342E2B03D0F1
:1005D000CA5C93070CD0F8BD002FF9D06378CA5CD1
:1005E0005707F6D5A378CA5C5007F2D5E378EFE752
:1005F0002A4630460349BDE8F840FDF79DB900BFE3
:10060000A9EA020868CC02082DE9F04FD7B00746E6
:10061000ECF760F90121029005AA3846FDF744FB8A
:10062000059E12AD0446064429463846FDF718FCDF
:10063000B44238BF4FF0010B0CD31FE0D5E90123C2
:10064000934222D25A1CAA602A682178D1544C467F
:10065000A64213D9A14619F8013B252BEED16378A8
:10066000252B18D1D5E90123934275D25A1CAA60D3
:1006700061782A680234A642D154EBD82846FDF7A7
:10068000C9FB012057B0BDE8F08F01212846FDF7D6
:1006900099FEAB68D6E778212846FDF793FE029BCA
:1006A0000BF1010B5B458046C0F2B381A54948467A
:1006B00007F0BEFA441C152C824653D82523224647
:1006C00049460DF129008DF8283007F0EBFB0DF1BC
:1006D00029020023135519F80A30413B09EB0A049B
:1006E000372B44D8DFE813F06B004300430043008E
:1006F0004B0043004B0043004300430043004300D2
:1007000043004300430043004300430043004300D1
:1007100043004300430009014300430043004300FA
:1007200043004300430043006B004300C1000C0141
:100730004B0086004B0043000C0143004300430084
:10074000430043000901A9008E004300DE0043007E
:10075000CD0043004300090101212846FDF732FE88
:10076000AB6883E778493846FDF7E6F8A6E77749AE
:100770000AAA3846FDF7E0F857B0BDE8F08F4FF011
:10078000780959463846FDF7CFFA0123704A8DEDB6
:10079000030A0AA93846FFF701FF0AA8FFF790FCF1
:1007A0000398DFF799FE0AAACDE9000149464046C1
:1007B00006F038FEAB6803440134AB6048E7012320
:1007C000634A0AA93846FFF7E9FE0AA8FFF778FC52
:1007D00059463846FDF7A8FA10EE100ADFF77CFEFE
:1007E0000AAACDE900014046782106F01BFEAB685D
:1007F0000344E1E794212846FDF7E4FD4FF0940916
:100800008046BEE79DF82A80B8F1000F40F06E8167
:1008100059463846ECF7EAF9032800F0008172DC0B
:10082000012800F23381424659463846FDF74EFC16
:100830002846FDF7E7FDAB68BEE759463846ECF7BA
:100840004FFD444A814600230AA93846FFF7A6FE19
:10085000B9F1000F00F0C2804B460AAA4046782149
:1008600006F0E0FDAB680344A6E70023394A0AA975
:100870003846FFF793FE59463846FDF793FA03468C
:10088000EBE7DFF8D4A059463846FDF78BFA52461D
:100890008146012338460AA9FFF780FE0AA8FFF720
:1008A0000FFCD9E707AA59463846FDF70FFC9DF81B
:1008B0002A308246002B00F08C80DFF741FF079B37
:1008C000984240F009810AA93846224A0123FFF7DD
:1008D00065FE2E210AA806F075FF002876D0534643
:1008E0000AAA4046782106F09DFD6FF0010180467E
:1008F0003846EBF7F7FF4046B4E7DFF860A0C2E701
:10090000DFF85CA0BFE7042840F0C08006AA594683
:100910003846ECF7DBFBD5E901239342DDF818A05C
:10092000804680F0CD80591C2A68A9602221D154CC
:10093000BAF1000F00F09F80C2444FF05C09CDF87F
:100940000CB02BE0C0CC0208D0CC020864CD020869
:10095000F0CC0208ECCC020898CC02089CCC02082F
:1009600090CC02085C2B1DD00A2B1BD07249CA5CAC
:1009700090063ED598F800208A5C0DF11C0B5207BA
:100980004FF00A0154BF6D4A6D4A584606F04AFDC1
:1009900059462846FDF71AFDD0456AD018F8013BA4
:1009A000222BDFD1D5E9012393422CD22A68591C8E
:1009B000A96002F80390D5E9012393421DD25A1C85
:1009C000AA602A6818F8011CD154E5E7079B632B3D
:1009D00085D92846FDF716FD002043E70AA8DFF772
:1009E000AFFE6B4603447322DFF88C9183F8272017
:1009F00032E7D5E901239342E1D301212846FDF7EF
:100A0000E1FCAB68DBE701212846FDF7DBFCAB68C6
:100A1000CCE74C4A59463846FDF70AF832E67821C9
:100A20002846FDF7CFFC594681463846ECF738F9A1
:100A300098BB024659463846ECF770FADFED427A29
:100A4000B4EE670AF1EE10FA4ED0DFED407AB4EE64
:100A5000670AF1EE10FA45D0B4EE400AF1EE10FA52
:100A600049D03B4B3B4A4846782106F0DBFC8046A8
:100A700023E0DDF80CB0D5E90123934226D2591CBE
:100A80002A68A9602221D154AB6895E6324A5946BA
:100A90003846FCF7CDFFAB688EE6424659463846ED
:100AA000ECF784FAB0F1004F03460CBF2B4A2C4AF6
:100AB0004846782106F0B6FC8046AB6843447BE6A6
:100AC00001212846FDF77EFCAB682CE70121284672
:100AD000FDF778FCAB68D2E7224A59463846FCF766
:100AE000A7FFF0E6204BBDE7204BBBE72049384687
:100AF000FCF722FFC6E510EE100ADFF7EDFC1D4AF9
:100B0000CDE900017821484606F08CFC2E21804674
:100B100002464846DFF7C4FD0028CED107F0FEF8B4
:100B20000368424619784846DFF7BAFD0028C4D06A
:100B30002E230370C1E700BFA9EA020820CD0208F6
:100B400024CD0208F0C202080000807F000080FF70
:100B5000B0CC0208ECBB020830CD0208B8CC0208C9
:100B600050CC02084CCD0208A8CC0208A0CC020848
:100B7000F8CC02082CCD020874BE0208F0B583B090
:100B800001AA01210646FDF78FF8022107463046EB
:100B9000FDF708F9041E019D04DC02D06B429C4263
:100BA00026DA01244FF0FF3203213046FDF722F907
:100BB000A84207DC002819DA6B429842A6BF01352B
:100BC0002D180025A5420AD3C4F10102611E2A4452
:100BD00079183046ECF716FC012003B0F0BD064949
:100BE0003046ECF733FC012003B0F0BD0546E9E7E1
:100BF0006B1C1C44D6E700BFE8B20208F0B583B016
:100C00006A4601210446FDF74FF8022101AA054674
:100C10002046FDF749F80122064603212046FDF74C
:100C2000E9F8002814DC03D0009B5A4290420DDA08
:100C300002212046EBF756FE00224FF49271204627
:100C4000EDF796F9009903462A4614E0013318445B
:100C5000471E02212046EBF745FE00224FF4927119
:100C60002046EDF785F90099B94238BF4A1C034682
:100C70002CBFEA1952192944196101999C61204637
:100C800000245E609C600E44C8241A600449DD6044
:100C90005E610322DC61ECF725FC012003B0F0BDAE
:100CA000651602082DE9F04184B003AA0121064629
:100CB000FCF7FAFF0122054602213046FDF79AF8BB
:100CC000021E039C36DC02D063429A423CDA4FF0AB
:100CD000010803213046FDF78DF8A0420BDC002807
:100CE00008DA634298422CDAB8F1000F24D10127C8
:100CF000434609E0044644451ED3A4EB08036FF0C5
:100D00000042934224D25F1C144A01933946304674
:100D1000FCF786FF019B6C1E454444441D4414F8B7
:100D2000011B3046ECF764FBA542F8D1384604B00D
:100D3000BDE8F0819046CCE70027384604B0BDE816
:100D4000F08101340444D6E704F101089044C0E77F
:100D500002493046FCF7F0FD0746E7E788CD020878
:100D60002DE9F04F00228FB001218046FCF79CFF57
:100D70000221054605AA40460495FCF795FF01228D
:100D8000834603214046FDF735F8041E059B00F31A
:100D9000D08004D05A42944280F2C98000242B783B
:100DA000CDF82C8001260D96002B00F0DC804FF052
:100DB000000A07AB009304AA06AB21460BA80C96C9
:100DC000FFF722FBDDE90675059B0C9E1B1BEA194C
:100DD0009A42814600F2A580754A02214046FCF7FE
:100DE0001FFFA9F102032C440AF10105082B00F2B0
:100DF000CA80DFE803F04305615075281B1B1B0008
:100E0000012E0BEB040300F09E8009AA181D13F8B5
:100E1000011B02F8011D9842F9D19DED080A4046D8
:100E2000ECF7DCFA0AF10203AA461D46049B1B7884
:100E30003C44002BBDD14046611CECF7D9FA284652
:100E40000FB0BDE8F08F0BEB04094846DFF778FCE4
:100E5000059A04449442034680F08D801A46494620
:100E60004046ECF7CFFA0AF10203AA461D46049B5E
:100E70001B7801343C44002B9BD1DCE7012E0BEBAB
:100E8000040360D009AA181D13F8011B02F8011D04
:100E90008342F9D1C1E70BEB04013A464046ECF737
:100EA000B1FA0AF10203AA461D46049B1B783C4492
:100EB000002B7FF47EAFBEE7012E0BEB040346D080
:100EC0000AAA03F1080013F8011B02F8011D984259
:100ED000F9D1DDE90801DFF757FB00EE100A9EE7C4
:100EE0000023009332463B460BEB04014046FEF7DD
:100EF00097FE059BDB1B1B1B8342814635D33919AB
:100F000059444A464046ECF77DFA0AF10203AA46E4
:100F10001D46049B1B784C443C44002B7FF449AF96
:100F200089E7244A02214046FCF782FD54E75A1C17
:100F30001444013CA342BFF432AF1F4A0321404690
:100F4000FCF776FD2BE75BF80430089365E75B68F8
:100F500009935BF804300893DDE90801DFF714FB1F
:100F600000EE100A5BE7354665E7124A022140466B
:100F7000FCF75EFDC3E70390104A02214046FCF7F0
:100F800057FD039B6AE789F00103DBB20093324609
:100F90003B460BEB04014046FEF742FE014640464D
:100FA000ECF726FA0AF10203AA461D463EE700BF07
:100FB000D8CD0208C0CD0208A0CD0208ECCD0208B1
:100FC0002DE9F04303690546581E83B00E461446CA
:100FD0002861002B00F03B81AA6894422CD0237832
:100FE000243B052B08D8DFE803F0036907074C29E9
:100FF000631C9A4200F0538121462846FEF7ACFE5E
:10100000D5F804804645074606D230783A46214650
:10101000FFF75EF800287CD13B782A3BDBB2152B2A
:1010200000F2AF80A44A22FA03F3DB0740F1A98063
:101030007C1CAA68A242D2D130461CE02B7D013430
:10104000581E002B00F0ED8005F11C0102E0013874
:10105000C0F0E78051F830300133F8D105EBC0071C
:101060002246B969711AF96128463146FFF7A8FF8F
:10107000002800F0E8802B6901332B6103B0BDE844
:10108000F08363782F7D292B00F0D0801F2F04F18F
:10109000010400F29E8005EBC703224601379E61E2
:1010A00031464FF0FF30D86128462F75FFF788FF93
:1010B0000028E0D12B7D013B2B75DCE76378622BA8
:1010C00000F0CA8062D8A3F13002D1B2092993D8C6
:1010D000302BA3F1310000F0F780297D884280F2A7
:1010E000F3802E3B05EBC3035F68791C00F0EC80B6
:1010F0006B689B1B9F4244D803303A4655F830003A
:10110000314606F02EFB00283BD1F61939D00234C7
:101110008FE73A782A3A152A35D8DFE802F00C0B27
:10112000346934343434343434343434343434344A
:101130003434345F0136464580F0BB80A8EB0609A5
:10114000731E4FF0000813F8010F01933A46214631
:10115000FEF7BEFF019B002800F0BE8008F10108E9
:10116000C845F0D1013706EB090400E0013C3A46DE
:1011700021462846FFF724FF00287FF47CAFA642D3
:10118000F4D1002077E701363C4652E7662B7FF426
:1011900033AFA3785B2B04F1020740F09F80394600
:1011A0002846FEF7D9FD2B6804469E4214BF16F868
:1011B000010C0020621E3946FEF7F2FC0028E0D147
:1011C0003078621E3946FEF7EBFC00287FF431AF21
:1011D000D7E73A49E868FCF7AFFB5CE77C1C22469E
:1011E000711C2846FFF7ECFE00283FF422AF42E7CF
:1011F00007F101094A4631462846B046FFF7E0FEAE
:1012000000287FF438AF6B689E4206F10106B8D221
:1012100098F800003A462146FEF75AFF0028E9D127
:10122000AFE72749E868FCF787FB17E71F2F04F1B2
:10123000020439DC05EBC703224601379E613146C3
:101240006FF001002FE74FF0FF32FA6113E71D49FD
:10125000E868FCF771FBBFE6A31C013A934242D257
:1012600094F802E0337873458BD16868731C984218
:1012700087D994F803C0012105E0964508BF0131E4
:1012800083423FF47EAF1A78944537461E4603F1F9
:101290000103F2D10139F3D1BE1C0434C9E66868F8
:1012A00086423FF4E8AE6CE70449E868FCF744FB8B
:1012B000C0E74FF0000955E70900200024CE0208DE
:1012C00038CE020810CE02080949E868FCF734FB62
:1012D00005EBC003DF690BE7C14643E70549E86852
:1012E000FCF72AFB5BE70449E868FCF725FBB7E756
:1012F00038CC020880CE020850CE02082DE9F04F0B
:10130000ADF51B7D0DAA01218146FCF7CDFC0EAF8A
:101310003A46022105464846FCF7C6FC03218046B2
:1013200003904846EBF762FC0D9A0790064601329F
:1013300004214846FCF75EFDF31E98F80020059056
:10134000032B049200F2798110AE31464846FCF737
:1013500087FD049A3B685E2A04D1039A013B01325F
:101360003B60039203990D9ACDF824900DF5A8786F
:101370000B442A440021C8E90123C823C8F81030CF
:101380008A460F460691C8F80C90C8F80050059B95
:101390009A455CDA039A00242946404688F81440AE
:1013A000FFF70EFE8146002840D087423ED0079BC3
:1013B000D8F80C000290052B0AF1010A00F0D58044
:1013C000062B5DD10321EBF7DBFB98F81470D8F8FE
:1013D0000C009D4A002F40F0EE80002D00F00481AB
:1013E0000121FCF71DFC4B462A4639464046FFF7D3
:1013F0009BF84FF0010B00230298009359460122FD
:10140000ECF750FB02984FF0FF31EBF717FE002886
:1014100040F0BD8002986FF00101EBF763FAA9EB91
:10142000050229463046FDF723F89BE0D8F8043042
:10143000AB420CD9D6E9012393421BD25A1CB260AD
:10144000326815F8011BD154049B5E2B9FD106997D
:10145000DDF82490002940F0BC8001214846EBF7DC
:101460008FFB48465146EBF7C3FF02200DF51B7D6D
:10147000BDE8F08F01213046FCF7A4FFB368DDE73B
:101480000FAA02980321EBF721FE0F9ACDF820A0B6
:10149000074692461FE0302A3CD06C4B9B5C5907B4
:1014A00032D598F81410A2F131038B4239DB002BAE
:1014B00040F0BC80A9EB0502931C44D02B46194692
:1014C0003046FCF7D5FF0F9A0234E31BA2EB030A68
:1014D0002746CDF83CA0524625213846DFF7E0F8F4
:1014E0000446A0B3E21B39463046FCF7C1FF6278E0
:1014F000252AD0D1D6E90123934256D25A1CB26094
:1015000032686178D154DEE7514902982522FCF710
:1015100013FAD8E7A9EB050229463046FCF7A8FFE5
:10152000D1E72E3A08EBC20158F832304A68501C15
:1015300072D0911CC3D1D8F80010D8F80C00591AF9
:101540000131EBF755FF3046FCF75CFFBBE7524635
:1015500039463046DDF820A0FCF78AFF069B43F0B1
:10156000010306934F464D466EE721464B462A46F9
:101570004046FEF7D9FF03210298ECF73BF80298AA
:101580004FF0FF31EBF75AFD00283FF443AF0298CC
:101590004FF0FF31EBF7FAFB58B33046FCF732FF60
:1015A000069B43F001030693DCE701213046FCF77C
:1015B00009FFB368A2E73946BB46FCF731FB214679
:1015C0004B462A4640460134FEF7AEFFA742F6D10D
:1015D00011E7D8F804203046521B2946FCF748FF93
:1015E0003046FCF717FC3CE72946FCF719FBAB46F5
:1015F00001E7029C4FF0FF312046EBF7F7FA014676
:101600002046EBF745FB134902462046FCF794F9C8
:10161000069B03430693A5E70F49D8F80C00CDE9D4
:101620000A32FCF789F9DDE90A3248E70B49D8F8B4
:101630000C00303AFCF780F93CE7094A03214846A0
:10164000FCF742FA80E600BF24CE0208A9EA0208AD
:10165000BCCE0208E8CE020854CC020838CC0208FE
:10166000A4CE02082DE9F84327490646EBF7DAFD38
:101670000468036986619C4214D8054600F10C0792
:101680004FF000086A6885F8208021463846FFF749
:1016900097FC064610B1AB68834208D12B69013430
:1016A000A342EFD24FF000094846BDE8F88395F811
:1016B0002080A8602860154AA869B8F1000F10D0F2
:1016C0004146FCF7ADFAC14600252946334622467D
:1016D00038460135FEF728FF4545F6D14846BDE8B6
:1016E000F8836CB10121FCF79BFA4FF001093846F1
:1016F000334622464146FEF717FF4846BDE8F883C9
:101700002146FCF78DFACDE7D5B9F0FF24CE0208CB
:101710002DE9F04FD7B00022012104460690FCF7D6
:10172000C3FA01260546099020460F941196EBF75F
:101730004DFE204612AC2146FCF792FB2B780FAFF2
:10174000002B5ED04FF0000B04965D460BAB009370
:1017500009AA0AAB59467E603846FEF755FEDDE918
:101760000A8303EB0802002B7E68934416DD039680
:1017700082465E1E06E02168581C013EA060CD54E2
:10178000731C09D0D4E901138B42F4D30121204604
:10179000FCF718FEA368EEE7039E5046049B013851
:1017A00001330393092800F2CA81DFE810F0F20048
:1017B000DB000A00BA0086006A0040003100260003
:1017C000260003990698FCF7AFFA042120468DED18
:1017D0000C0A8DED040AFCF7F5FD012E00F02F81B7
:1017E0000CAA031D12F8011B03F8011D9842F9D140
:1017F000A3684344A360039B0493099B1B78002BBD
:10180000A4D12046FCF706FB012057B0BDE8F08FBD
:10181000D4E90123934280F01C81591C2268A16005
:101820000021D154099B1B78002B8FD1E9E70CAB29
:101830001A46039906980493FCF736FA8046DEF7B9
:101840007FFF049B1A68904240F019814146204670
:101850000493FCF70DFED4E901128A42049B80F048
:10186000F18003990491501C2168A06000208854E5
:101870001B6801339B44099B1B78002B7FF466AFE8
:10188000BFE70CAB1A46039906980793FCF70CFACE
:10189000079B0490B8F1030FD3F800A040F3F78042
:1018A00041462046FCF78EFD079B002E40F0348118
:1018B00000EB080101F801ACFEE00CAB1A460399FD
:1018C00006980493FCF7F0F9049B1A684245824697
:1018D00000F2CD80514620460493FCF7C9FD049BDD
:1018E0001A68511C9045196085D904964FF0000A7A
:1018F000464698460BE02168501CA06001F802A003
:10190000D8F80020511C9642C8F800106DD9D4E9CF
:1019100001128A42EFD301212046FCF753FDA26851
:10192000E9E703990698FCF7FFF910EE100ADEF7D5
:10193000D3FD02460B4620460821CDE90C23CDE914
:101940000423FCF73FFD012EDDE9042300F08C8029
:1019500000F108030CAA12F8011B03F8011D8342D1
:10196000F9D145E703990698FCF7DEF904212046F2
:101970008DED0C0A8DED040AFCF724FD012E5ED0DE
:101980000CAA031D12F8011B03F8011D8342F9D1B3
:101990002EE703990698FCF705FAB8F1030F824683
:1019A00025DD41462046FCF70DFD002E59D100EB08
:1019B000080303F801AC4FEA1A2A012386BB08F199
:1019C000FF3101E04FEA1A2ACA1A0133984500F89C
:1019D00002A0F7D1039B0493A3684344A360099B2F
:1019E0001B78002B7FF4B2AE0BE7049E03E74FEAAF
:1019F000C80201239340834240F291804146204631
:101A0000FCF7E0FC5EBB08F1FF310144B8F1010FC7
:101A100081F800A0DEDD4FEA1A2A0123002ECED085
:101A20005A1C904500F803A04FEA1A2103F1020363
:101A3000D0D098458154CDD04FEA1A4AF0E7049BA4
:101A40000360D5E601212046FCF7BCFCA268049B9C
:101A500007E701212046FCF7B5FCA368DDE6014657
:101A6000D4E780F800A0A6E702604360C0E66E4AB3
:101A700003990698FBF7DCFF049B1A682AE76B4A78
:101A800003990698FBF7D4FF049B1A68DEE64FEA39
:101A9000C80001218140514547D94146204607935E
:101AA000FCF790FC079BAEBB08F1FF310144B8F195
:101AB000010F81F800A020DD4FEA1A227EB101213A
:101AC00001F1010CE04542544FEA122E01F10201EE
:101AD00013D0884500F80CE00FD0120CF0E74FF05F
:101AE000010C08F1FF3100E0120AA1EB0C0E0CF121
:101AF000010CE04500F80E20F6D1A2680499049389
:101B00004244A26020461A68FCF7B2FC049B1B68A2
:101B10009B4470E60146CAE780F800A0CCE7444A3F
:101B200003990698FBF784FF68E7424A03990698F1
:101B30000793FBF77DFF079BD3F800A0ADE7039960
:101B40000698FCF72FF9B8F1030F82462FDC4FEA15
:101B5000C802013A012393405A42824201DC984272
:101B600004DB354A03990698FBF762FF414620469D
:101B7000FCF728FC03462EBB08F1FF310144B8F105
:101B8000010F81F800A07FF733AE4FEA1A22F6B1B9
:101B90000121481C80455A544FEA122C01F10201E0
:101BA00021D0884503F800C01DD0120CF1E7414652
:101BB0002046FCF707FC034636B900EB080202F8A2
:101BC00001ACE2E70146DAE780F800A0DDE701209A
:101BD00008F1FF31A1EB000C0130804503F80C2027
:101BE00001D0120AF6E7BAF1000FBFF601AEB8F164
:101BF000040F7FF7FDAD042256B908F1FF31FF2035
:101C0000A1EB020C0132904503F80C00F8D1EFE58E
:101C1000FF21501C8045995402F102023FF4E8ADC7
:101C200090451954F5D1E3E520CF02084CCD0208C8
:101C30000CCF020840CF020864C302082DE9F04F20
:101C4000CDB00DF1100842460F4601218146FCF748
:101C50002BF805AD2A46022182464846FCF724F8B7
:101C60000122064603214846FCF7C4F80028D8F8AC
:101C700000305ADC00F09D805A42904253DA002234
:101C800054460192002F58D12A6896F800B0BBF153
:101C90005E0F02D1013A2A60013606AD5344324448
:101CA000C5E90132C8232B614FF00008C5F80C903C
:101CB000C5F800A007E06B68A34204F1010470D9E5
:101CC000BBF15E0F6DD032462146284685F8148060
:101CD000FFF776F90028EED00346002F00F084804D
:101CE000A4EB0A01019001314846EBF781FB019B0F
:101CF0004846A3EB0A01EBF77BFB2E7D5B4AE868C5
:101D00003146FBF78DFF002446B1002321461A46D9
:101D100028460134FEF708FCA642F6D102363046CA
:101D20004DB0BDE8F08F5A1C1044421E9342019200
:101D300037D30AEB0204002FA6D004214846EBF764
:101D40007DF92A68002837D0002A61D0D8F8003001
:101D50000199A3EB0108904523D33346013A13F8C8
:101D600001BBCDE9019AA8EB020816469A460EE09F
:101D700007F1010932465146484605F0F2FC0028B9
:101D800071D0A9EB0404B8EB040808D04C464246D5
:101D900059462046DEF784FC07460028E8D1DDF8E6
:101DA00004904846EBF712FB012630464DB0BDE8E3
:101DB000F08F0190544665E7CDE902479346074608
:101DC00006E0F019DEF7BCFC7B1CC7185F452FD876
:101DD0002749F01905F01BFF0028F2D0029C039F51
:101DE000D8F800305A4650E795F81480E868B8F102
:101DF000000F20D18CB31D4A01930121FBF710FF86
:101E0000019B224639462846FEF78EFB0126CCE789
:101E1000002CC6D02746A7EB0A07791C4846EBF7EB
:101E2000E7FA296848463944EBF7E2FA0226BCE7AC
:101E3000029C5A4688E70D4A01934146FBF7F0FEA3
:101E4000DDF80490464639464B462246284601377F
:101E5000FEF76AFBB845F6D1A7E7044A2146FBF72F
:101E6000DFFE2646A1E7DDE9019AD4E724CE020889
:101E70006CCF02080021FFF7E1BE00BF0121FFF790
:101E8000DDBE00BF10B59FED1F0A04464421FCF7DC
:101E900083FB204611220021EBF786FC20461A49DD
:101EA0000022FCF7D9F9204609220021EBF77CFC3F
:101EB000002220461549FCF7CFF915492046EBF7DB
:101EC000C5FA20466FF00101EAF75AFE6FF00101F2
:101ED0002046EBF79FFD20466FF00101EAF702FD77
:101EE00020466FF00101EAF74BFE0A4A20466FF0E8
:101EF0000101EBF7E1FC20466FF00101EAF7F2FC8B
:101F0000012010BD0000FC43A0DC020830DD020807
:101F1000E8B2020828C20208F8B5012202210646EA
:101F2000FBF768FF032104463046EAF75FFE00280E
:101F300028DD03213046FBF735FF0546A54228DBA7
:101F40002B1B6FF00042934216D2591C30465F1C87
:101F5000EAF78EFC80B1A54207DD2246012130461A
:101F60000134EBF7B1FBA542F7D12A4601213046F7
:101F7000EBF7AAFB3846F8BD30460749BDE8F84004
:101F8000FBF7DABC01213046FCF782F80546A54292
:101F9000D6DA00273846F8BDE0CF020870B505460E
:101FA000EAF798FC0122014606462846EBF7FCFBBF
:101FB000012211462846EAF7E9FC002E07DD3446E7
:101FC000224601212846EBF7AFFC013CF8D131460F
:101FD0002846EBF70DFA2846024A0121EBF76CFC84
:101FE000012070BD48C2020870B504460D460121AB
:101FF0001646EBF769FB4FF0FF312046EAF7C6FEC5
:1020000020B12846BDE87040FCF7FCB94FF0FF3125
:102010002046EAF7EBFD01462046EAF739FE334653
:10202000024604492046FBF787FC2846BDE870407D
:10203000FCF7E8B9FCCF020870B50E4682B0022169
:1020400004461546EAF7D2FD40B901232A46314637
:10205000204602B0BDE87040EAF714BF20460221D6
:10206000EAF78EFD711E2046EAF78AFDA91E20467A
:10207000EAF786FD00230093012220460221EBF7B8
:1020800011FD4FF0FF312046EAF7D8FF6FF0010154
:1020900005462046EAF726FC284602B070BD00BF80
:1020A00070B582B004460E461546EBF7A7FB48B361
:1020B000EB071DD4A8076FF001034FF001022FD4E6
:1020C00069070ED51E49009320460192EBF7BEF931
:1020D00000992046EBF736FBA0B1019A6FF001039F
:1020E0009B1A1946204602B0BDE87040EAF7FABBD9
:1020F00014492046EBF7AAF96FF001012046EBF7EF
:1021000021FB38B905223146204602B0BDE87040B7
:10211000FBF7A0BDA8076FF002034FF00202CFD576
:1021200009492046CDE90032EBF790F900992046A5
:10213000EBF708FB0028E5D0019A0132D343BFE753
:1021400044C2020828C2020830C20208914280F04C
:1021500020812DE9F84F894692469B460546561A3E
:102160004A4601212846EBF7AFFA5246012128469C
:10217000EBF7AAFA6FF001024FF0FF312846FFF7A4
:102180005BFF002800F0CA804A4601212846EBF791
:10219000CBFB524601212846EBF7C6FB012E00F08F
:1021A000B280632E40F2B680BBF1000F00F0B28027
:1021B000B3085A004B44BBFBF2F402FB14B41C44BA
:1021C000224601212846EBF77FFA4A46012128469C
:1021D000EBF77AFA4FF0FF326FF001012846FFF774
:1021E0002BFF002800F0A080224601212846EBF7B3
:1021F0009BFB4A4601212846EBF796FB022E00F096
:102200008280224601212846EBF75EFA0AF1FF3868
:102210004FF0FF312846EAF7B3FC01214246284639
:10222000EBF752FA224601212846EBF77DFB4246A6
:1022300001212846EBF778FB44464F467E1C324688
:1022400001212846EBF740FA6FF001024FF0FF3111
:102250002846FFF7F1FE78B1B04556D06FF0010186
:102260002846EAF73FFB3746E8E7A64221D86FF059
:1022700001012846EAF736FB013C224601212846A7
:10228000EBF722FA4FF0FF326FF002012846FFF71A
:10229000D3FE0028E9D1A64210D8324601212846B3
:1022A000EBF742FB224601212846EBF73DFB374680
:1022B000C4E738492846FBF73FFBD8E76FF0010138
:1022C0002846EAF70FFB424601212846EBF72CFB94
:1022D000A6EB0904324601212846AAEB0606EBF7D5
:1022E00023FBB4424CD249463A465B462846FFF7A8
:1022F0002DFF07F10209AAEB0906B4EBD61F30D374
:10230000D145FFF42DAFBDE8F88F22492846FBF7F1
:1023100013FBA3E709EB0A04640851E76FF002011D
:102320002846EAF7DFFA39E76FF001012846EAF7B5
:10233000D9FA524601212846EBF7C6F96FF001029F
:102340004FF0FF312846FFF777FE98B12246284626
:102350000121EBF7E9FA524601212846EBF7E4FAAE
:102360004CE705F0A7FC8346002005F0B7FC0844C5
:102370008344C5E76FF002012846EAF7B3FA3DE768
:102380005246B91C5B462846FFF7E0FE3446BA4683
:10239000B1E7704734D0020838B501210446EAF7A6
:1023A00025FC052804D0072201212046FFF778FEEE
:1023B00001212046FBF76CFE0128054613DD6FF076
:1023C0000043984217D002212046EAF70FFC00286C
:1023D0000BDC02212046EAF785FA002301212A4678
:1023E0002046FFF7B3FE002038BD0622022120461A
:1023F000FBF730FCEDE7034A01212046FBF718FB11
:10240000E1E700BF58D00208F8B501210546EAF718
:10241000EDFB052804D0072201212846FFF740FEE6
:1024200001212846FBF734FE0221074602462846D2
:10243000FBF7E0FC8742044621D0431EBB4225D86F
:10244000224601212846EBF73FF9A7421CDD26462C
:102450000134224601212846EBF736F932460121A4
:102460002846EBF761FABC42F1D12846EAF7AEFF05
:1024700028463A460121EBF757FA0120F8BD0246FB
:1024800001212846EBF720F92746EEE7024A022110
:102490002846FBF7CDFAD3E768D002082DE9F041D2
:1024A0000121C6B00546EAF7A1FB052804D00522A4
:1024B00001212846FFF7F4FD01212846FBF7E8FD3E
:1024C00001AF3B460646194A02212846FBF706FCA7
:1024D0000122032180462846FBF78CFC3246044645
:1024E00004212846FBF786FC02A906462846FBF78E
:1024F000B7FCB44212DA224602A92846FFF774FD5F
:1025000001343A68414602A8FBF7B2FFA642F2D175
:10251000224602A92846FFF767FD00E0F8D002A88E
:10252000FBF778FC012046B0BDE8F081E8B2020874
:10253000F8B501210546EAF759FB052804D0072222
:1025400001212846FFF7ACFD01212846FBF7A0FD3D
:10255000441C2846EAF7BEF9022819D003281ED1E8
:1025600002212846FBF71EFC431E9C4207460CD85E
:102570001BE02646013C224601212846EBF7A4F841
:10258000324601212846EBF7CFF9BC42F1DC3C464C
:10259000284622460121EBF7C7F90020F8BD28465E
:1025A0000549BDE8F840FBF7C7B9044A02212846AF
:1025B000FBF73EFAE9E700BF80D0020868D00208C6
:1025C0002DE9F84302210546FBF7ECFB0321044605
:1025D0002846FBF7E7FB042181462846FBF7E2FB90
:1025E000052180462846EAF701FB012100282846FC
:1025F000D4BF01260526EAF7F9FA052804D00122FE
:1026000011462846FFF74CFD31462846EAF7EEFA18
:10261000052804D0022231462846FFF741FD4C45EB
:102620001CDC002C3BDDA9EB04076FF00043DB1B37
:1026300043453FDBC14518DA631C1F44A8EB04087F
:10264000224601212846EBF73FF808EB0402314609
:1026500028460134EBF768F9BC42F1D128463146EF
:10266000EAF78EFA0120BDE8F8834445E4DA012E4A
:1026700007D00023052201212846EAF703FC0028A1
:10268000DAD0E21901212846EBF71EF808EB070221
:1026900031462846EBF748F9013FF2D2DEE704F174
:1026A0000043023B4B45BEDA054A03212846FBF7AF
:1026B000BFF9B8E7034A04212846FBF7B9F9B9E79F
:1026C000A8D00208C4D0020810B59FED090A04463C
:1026D0004421FBF761FF204607220021EBF764F855
:1026E000204604490022FBF7B7FD012010BD00BFC2
:1026F0000000FC4380DD0208002103E00B4B5B5827
:10270000435004310A480B4B42189A42F6D30A4A06
:1027100002E0002342F8043B084B9A42F9D3DEF76B
:1027200021FC05F097FBE9F79BFB704740ED0208A1
:1027300000000020F8030020F8030020288903206F
:10274000FEE7000008B52DED028BB0EE408A00F0E8
:10275000DBFCB4EE488AF1EE10FAF0EE408A0AD6BD
:10276000B0EE480A00F0E8F9F7EE007AB4EEE70AB6
:10277000F1EE10FA04DCB0EE680ABDEC028B08BD85
:1027800005F062FBBDEC028B034621221A60024871
:10279000BDE8084000F078BAE8B2020808B52DEDAF
:1027A000028BB0EE408A00F0CFFDB4EE488AF1EE25
:1027B00010FAF0EE408A0AD6B0EE480A00F0BCF9F2
:1027C000F7EE007AB4EEE70AF1EE10FA04DCB0EEB0
:1027D000680ABDEC028B08BD05F036FBBDEC028B30
:1027E000034621221A600248BDE8084000F04CBAB6
:1027F000E8B2020800F0B2BE08B52DED028BF0EE93
:10280000408A00F04DFFB0EE408AB0EE680A00F05A
:1028100031FA68B1DFED127AF4EEE78AF1EE10FAE0
:102820000BDCDFED107AF4EEE78AF1EE10FA0FD44C
:10283000B0EE480ABDEC028B08BD9FED0B8A05F097
:1028400003FBB0EE480ABDEC028B2223036008BDF7
:1028500005F0FAFA22239FED058A0360E8E700BF3E
:102860001772B142B5F1CFC20000807F00000000B6
:1028700000B52DED028B83B0B0EE408ACDED010A9C
:1028800001F002F8DDED010AB4EE608AF1EE10FA13
:1028900006D6DFED0C7AF4EE670AF1EE10FA03D0FB
:1028A00003B0BDEC028B00BDCDED017A05F0CCFA92
:1028B000DDED017A87EEA70A2123036003B0BDECAA
:1028C000028B00BD0000000008B52DED028BB0EEBC
:1028D000408A01F09DF8B4EE488AF1EE10FA0FD666
:1028E000B5EEC08AF1EE10FA0ADCB5EE408AF1EEE0
:1028F00010FA08D105F0A8FA22239FED090A036017
:10290000BDEC028B08BD05F09FFABDEC028B0346BF
:1029100021221A600348BDE8084000F0B5B900BFA5
:10292000000080FFE8B2020808B52DED028BB0EE82
:10293000408A01F067F9B4EE488AF1EE10FA0FD63A
:10294000B5EEC08AF1EE10FA0AD8B5EE408AF1EE83
:1029500010FA08D105F078FA22239FED090A0360E6
:10296000BDEC028B08BD05F06FFABDEC028B03468F
:1029700021221A600348BDE8084000F085B900BF75
:10298000000080FFE8B2020800B52DED028B83B095
:10299000B0EE608AF0EE408A01F092F9B4EE488A17
:1029A000F1EE10FAF0EE407A0BD6F5EE408AF1EE39
:1029B00010FA1CD1B5EE408AF1EE10FA07D1F7EE0D
:1029C000007AB0EE670A03B0BDEC028B00BD8DED5E
:1029D000010AB0EE480A00F04DF9DDED017A002859
:1029E000EFD0B5EEC08AF1EE10FAEAD536E08DED03
:1029F000010A00F03FF9DDED017AB8B1F5EE407A59
:102A0000F1EE10FADDD1B0EE680ACDED017A00F0FA
:102A100031F9DDED017A0028D3D0B0EE480A00F09C
:102A200029F9DDED017A0028CBD017E0B0EE680A75
:102A300000F020F9DDED017A0028DFD0B0EE480A81
:102A400000F018F9DDED017A0028D7D0F4EE677AAE
:102A5000F1EE10FA78BFCDED017A06D605F0F4F963
:102A60002223DDED017A0360ABE705F0EDF92123C8
:102A7000DDED017A0360A4E700B52DED028BB0EE29
:102A8000408A83B000F006F9B4EE488AF1EE10FAFD
:102A900006D6DFED0C7AB4EEE78AF1EE10FA03D435
:102AA00003B0BDEC028B00BDCDED017A05F0CCF991
:102AB000DDED017A87EEA70A2123036003B0BDECA8
:102AC000028B00BD0000000010EE103A184A23F0FF
:102AD0000043934219D9B3F1FF4F02D330EE400ABD
:102AE000704700B583B0684601F074FC00F0030045
:102AF00001289DED000ADDED010A0FD0022808D063
:102B000088B900F05DF903B000BDDFED0A0A00F0FE
:102B100057B900F055F9B1EE400AF4E700F0D2F9E8
:102B2000B1EE400AEFE7012000F0CCF9EBE700BF7F
:102B3000D80F493F0000000010EE103A23F0004388
:102B400000EE103A704700BF10EE102A114922F033
:102B5000004303F1FF3C8C4519D212F0FF4F0BD01C
:102B60000021DB157E3B0B4422F0FF42036042F064
:102B70007C5300EE103A7047DFED077A60EE277A5B
:102B80006FF0180117EE902A22F00043E9E70023C6
:102B900003607047FFFF7F7F0000004C10EE103A8B
:102BA000194A23F0004393421AD9B3F1FF4F02D3DD
:102BB00030EE400A704700B583B0684601F00AFC69
:102BC00000F0030001289DED000ADDED010A12D09E
:102BD00002280AD090B9012000F074F903B000BDBA
:102BE000DFED0A0A002000F06DB9012000F06AF95B
:102BF000B1EE400AF2E700F0E3F8EFE700F0E0F8AA
:102C0000B1EE400AEAE700BFD80F493F00000000DC
:102C100010EE103A104A23F00043934217D9B3F153
:102C2000FF4F02D330EE400A704700B583B06846CC
:102C300001F0D0FB400000F00200DDED010A9DED47
:102C4000000AC0F1010000F085F903B000BDDFED1E
:102C5000030A012000F07EB9DA0F493F00000000AE
:102C600008B5FFF731FEDFED027A80EE270A08BDD6
:102C70001872313F10EE103A23F00040B0F1FF4FD0
:102C80002CBF0020012070479FED010A704700BF54
:102C90000000C07FB1EEC00A704700BF10EE101AEE
:102CA000C1F3C7527F3A162A21F000431ADC002AEA
:102CB0001EDB1A481041014223D0DFED197A70EE75
:102CC000277AF5EEC07AF1EE10FA1ADD4FF4000320
:102CD00013410B440029D8BF0B4623EA000300EE42
:102CE000103A7047B3F1FF4F0BD330EE000A704734
:102CF000DFED0B7A70EE277AF5EEC07AF1EE10FA7E
:102D000000DC7047002906DB13B1B7EE000AF8E7D4
:102D10009FED040A70479FED040A7047FFFF7F0094
:102D2000CAF24971000000000000008010EE101A85
:102D3000C1F3C7527F3A162A21F000431BDC002A58
:102D40001FDB1B481041014224D0DFED1A7A70EEE0
:102D5000277AF5EEC07AF1EE10FA1BDD4FF400038E
:102D600013410B4413EA210338BF0B4623EA000347
:102D700000EE103A7047B3F1FF4F0BD330EE000A6C
:102D80007047DFED0C7A70EE277AF5EEC07AF1EE3F
:102D900010FA00DC7047002902DB9FED070A70473C
:102DA00013B99FED060A7047BFEE000AF2E700BFB5
:102DB000FFFF7F00CAF249710000000000000080A0
:102DC00010EE103A23F00043B3F1485F2CD2FDEE31
:102DD000C07A17EE903A002B60D060EE007A9FED3B
:102DE000317A9FED315ADFED315A9FED316ADFEDD7
:102DF000316AA7EE875A9FED307AE7EE855AA7EE43
:102E0000A56AA7EE867AE7EE876A66EEA76A60EEA5
:102E1000C00AB6EE007AE7EEA60AB7EE000AD7EED1
:102E2000870A30EE600A704760EE007A9FED1D7AE7
:102E30009FED1D5ADFED1D5A9FED1D6ADFED1D6AE6
:102E40001E4AA7EE875A93429FED1B7AE5EE275A5A
:102E5000A5EEA76AA6EE277AE7EE276A66EEA76ACE
:102E6000D5D9174A934214D803F17F4307EE103A9D
:102E7000B7EE006A36EE476A60EEC00AF6EE005A18
:102E800097EEA57AE7EEA60A37EE607A36EE470AA5
:102E90007047B6EE076AB5EE027AEDE7B7EE000AC4
:102EA000704700BF4ED747ADF6740F317CF293B434
:102EB000010DD037ABAA2A3D610BB6BA9999993E5C
:102EC0000000483F10EE103A23F00043B3F1485F92
:102ED00004D2FDEEC07A17EE903A5BB360EE007A52
:102EE0009FED157ADFED155A9FED156ADFED156A36
:102EF000E7EE875A9FED147AA5EEA76A20EE275ACF
:102F0000E6EE276AA6EEA77A30B9DFED106AE7EEA3
:102F1000876AA6EE850A704727EE457AF6EE006AC4
:102F2000A0EEA67ADFED0A6AD7EE270AE5EE260ABA
:102F300030EE600A704700BFD3C92E2F342FD7B2AE
:102F40001BEF3836010D50B98988083CABAA2ABE60
:102F5000ABAA2A3E08B510EE103A23F00042B2F1B7
:102F6000465FF0EE407A0FD2BDEEC07A17EE101A2F
:102F7000F9B9431C134300F09E80012803D0BFEE33
:102F8000007A87EE270A08BD4E498A4211D39FED89
:102F90004E7ADFED4E6A002BBCBFF1EE600AF1EE17
:102FA000407A77EE677A36EEE07ADFED490A77EE1F
:102FB000277A67EEA76ADFED474ADFED475A9FEDB4
:102FC000475A9FED476A3F4926EEA67A8A42E7EEC6
:102FD000245AA7EE056ADFED434A9FED435AE5EE1A
:102FE000874AA6EE075ADFED415A9FED416AE4EEAB
:102FF000875AA5EE076ADFED3F4A9FED3F5AE5EE9F
:10300000874AA6EE075A9FED3D6ADFED3D5AA4EED2
:10301000876AE5EE075AB0EE467AA5EEA67A27EE65
:10302000A65AB0EE606AA7EE056ADFED364AE6EE14
:10303000260AE5EE240A37EEA00A1ED20128A2D005
:10304000BFEE007AC7EE006A10EE103A6FF30B0382
:1030500006EE103A16EE903A76EE677A6FF30B03AF
:1030600000EE103A70EEE70AF7EE007AE6EE007A2C
:10307000E0EE807AA7EEA60A08BD07EE100AF8EE89
:10308000C76A20EE007A30EE260A9B1787EE006AA8
:1030900003F00203C3F10103F0EE005A36EE606A5A
:1030A00007EE103A77EEC67AB8EEC77AE7EEE56A31
:1030B00026EE870A08BDFFF73FFDB7EE007A87EEE0
:1030C000000A08BD40A12C3FDA0F493F6821223396
:1030D000000000005FAE9BB745F4A3388453D93796
:1030E0007AC09538C8261A3AB937813916696B3BC8
:1030F00048DEBE3AA427B33C1F37113C8988083EFE
:10310000D10D5D3DABAAAA3E10EE102A22F000437D
:10311000B3F17E5F0ED008D8B3F17C5F10D2B3F16B
:103120000C5F66D89FED770A704770EE407A87EEA5
:10313000A70A7047002A40F3E2809FED730A7047A8
:1031400000B5002A83B0C0F28D80B7EE006A36EE7B
:10315000400AF6EE007A60EE277A8DED016AB0EE55
:10316000670ACDED007AFFF795FDDDED007A9FED62
:10317000677ADFED676ADFED675A9FED675ADFED2B
:10318000674A9DED016AE7EE876A9FED657AE6EE94
:10319000A75AA7EE857AE5EEA74ADFED626A9FEDB2
:1031A000625ADFED625AE7EE276AA4EEA75A10EEE4
:1031B000103AE6EEA75A6FF30B039FED5D7A06EE29
:1031C000903AA5EE277AF0EE674AA5EEA76AE6EEFA
:1031D000E64A70EE265A27EE277AC4EEA57AC7EEA5
:1031E000065AE0EE257A37EEA60A30EE000A03B062
:1031F00000BD20EE007ADFED457A9FED456ADFEDF8
:10320000456A9FED455ADFED455AA7EE276ADFED87
:10321000447AE6EE076AE7EE057AE6EE875A9FED16
:10322000416A9FED415ADFED426AA7EE876AA5EE3B
:10323000875ADFED3E7AE6EE077AE5EE076AF7EEAB
:10324000005AE7EE875A26EE877ADFED3A7AC7EE24
:10325000256A9FED397AA0EE667A30EE470A37EE9E
:10326000C00A7047F7EE006A30EE260AF6EE007AE2
:1032700060EE277A9FED257ADFED255A9FED256ACE
:103280009FED255ADFED254AE7EE875A9FED247A18
:10329000A5EEA76AA7EE857AE6EE274A9FED215AAA
:1032A000DFED215A9FED216AA7EE275AE4EEA75AD7
:1032B000A5EE276A9FED1E7AA5EEA77AE6EE276AAD
:1032C000B0EE670A67EE277ACDED016ACDED007AA0
:1032D000FFF7E0FCDDED007ADDED016A9FED177A86
:1032E00087EEA66ADFED167AA0EE067AF0EE006AA7
:1032F00037EE007AE7EE667AB0EE670A77E79FED81
:10330000110A7047DB0FC93F0000000008EF1138B9
:10331000047F4F3A461124BD2EC69D3DA80A4E3E5D
:10332000613330BF2D57014090B0A6BE39D119C0CE
:10333000ABAA2A3EDA0FC93F6821A2336821A2B3A3
:10334000DA0F4940DB0F494010EE102A22F000430B
:10335000B3F17E5F00F0918000F28880B3F17C5F72
:103360000FD2B3F1485F80F0A380DFED6C7A70EE8E
:10337000277AB7EE007AF4EEC77AF1EE10FA00F38E
:10338000948000B587B0CDE90423FFF7D5FBF7EEB5
:10339000006A76EEC07AB6EE007A67EE877ADFEDE5
:1033A000605A9FED607A9FED606A9FED605ADFED95
:1033B000604ACDED027AE7EE875A9FED5E7AA5EE80
:1033C000A76AA7EE857AE6EE274A9FED5B5ADFED06
:1033D0005B5A9FED5B6AA7EE275AE4EEA75AA5EE6B
:1033E000276A9FED587AA5EEA77AE6EE276A27EEC0
:1033F000277AB0EE670ACDED036A8DED017AFFF70B
:1034000049FC5149059B9DED017ADDED036ADDED37
:10341000027A049A8B42C7EE265A39D810EE103A37
:103420006FF30B0306EE103AE6EE467A30EE067ABC
:10343000DFED466AC7EE874AB0EE005AE4EEC56A91
:103440009FED437A30EE000AF0EE477AE6EE457AD9
:10345000D0EE256A76EEE76A37EE667A002A01DC5E
:10346000B1EE477AB0EE470A07B000BD70EE407A81
:1034700087EEA77AB0EE470A70479FED347ADFED0A
:10348000357A20EE077AA0EE277AB0EE470A704729
:10349000A0EE250ADFED307A9FED2E7AF0EE006A7D
:1034A000E0EE267A37EE677AD8E7B0EE407AE1E7C9
:1034B00060EE007A9FED1B7ADFED196A9FED1A6AC4
:1034C000DFED1A5A9FED1A5AE7EE876A9FED197AD7
:1034D000A6EEA76AA7EEA57AA6EE275ADFED166A32
:1034E000DFED165A9FED166AE7EE276AE5EE275ADA
:1034F000A6EEA76A9FED137AA5EEA77AF7EE006A0B
:10350000E6EE276A67EE277AB0EE407A87EEA66A83
:10351000A0EE067AB0EE470A704700BFCAF24971C2
:10352000047F4F3A08EF1138461124BD2EC69D3D49
:10353000A80A4E3E613330BF2D57014090B0A6BE61
:1035400039D119C0ABAA2A3E9999793F2EBD3BB318
:10355000DB0F493FDB0FC93F2EBD3B3310EE903AE6
:1035600023F00041B1F1FF4FF0EE407A33D810EE76
:1035700010CA2CF00040B0F1FF4F2CD8B3F17E5FA1
:103580003DD09A1702F0020242EADC7230B371B306
:10359000B1F1FF4F3ED0B0F1FF4F35D000B5401A2A
:1035A000B0F1F45F83B04FEAE0512ADA002B3EDA43
:1035B0003C313CDA9FED310A012A41D0022A46D043
:1035C0003AB19FED2F7ADFED2F7A30EE070A30EE19
:1035D000670A03B000BD30EEA70A7047022A0BD07D
:1035E0009FED297A032A08BFB0EE470A70478C4541
:1035F0000DDB9FED260A70479FED220A704701F010
:103600001FB89FED220AD7E7BCF1000FF1DA9FED5A
:10361000200A7047B0F1FF4F02F1FF3220D0022A9A
:1036200026D81C4B03EB820393ED000A704787EE0C
:10363000A00A0192FFF780FA01F002F8019ABBE7B5
:1036400010EE103A03F1004300EE103AC1E79FED8F
:103650000C7ADFED0C7A30EE070A37EEC00AB8E7D5
:10366000022A08D80C4B03EB820393ED000A704743
:103670009FED020A70479FED090A704700000000A5
:103680002EBDBB33DB0F4940DB0F49C0DB0FC93F09
:10369000DB0FC9BFC0DD0208CCDD0208DB0F493FEC
:1036A00010EE103A23F00042B2F1FF4F56D84FEA25
:1036B000D37100F095806248834200F38780002B2D
:1036C000C0F287805F4B9A424BD95F4B9A4200F21F
:1036D0009A805E4B5E4A03EB8103D3ED004A02EB16
:1036E000810281F0010370EE644AD2ED007A5B1A28
:1036F00034EEE70ADFED576A9FED575ADFED575A70
:103700009FED576A20EE007AA7EE265ADFED556A44
:10371000E5EE075AE5EE876AA6EE876AF0EE406AA4
:10372000E6EE476A20EE266A002B42D0B0EE007A21
:1037300037EE667AB7EE000AC6EE076A13F17D0F20
:1037400077EEE67A77EEE47A30EE670A4FDB10EE3A
:10375000102A02EBC35300EE103A704730EE000A15
:103760007047B2F1505F0AD2DFED3F7A70EE277AF0
:10377000B7EE007AF4EEC77AF1EE10FA5DDC60EE97
:10378000007A9FED347ADFED345A9FED346ADFED35
:10379000356AE7EE875A9FED327AA7EEA56AE7EE23
:1037A000866AA7EEA67AF0EE406AE7EEC76A20EED8
:1037B000266AF0EE007A76EEE76AB7EE007AC6EE99
:1037C000267A77EEC07A37EE670A7047002001F05C
:1037D000A3B8264B9A427FF675AF002001F096B849
:1037E000DFED237A002918BFB0EE670A704710EEAC
:1037F000102A643302EBC353DFED1E7A00EE103A59
:1038000020EE270A70471C4B9FED1C7ADFED1C6AE7
:1038100003EB8103D3ED007AE0EE077A9FED197A8E
:10382000FDEEE77AF0EE404A17EE903AF8EEE77ACE
:10383000E7EEE64A67EE877A5AE730EE070A704706
:103840001772B1421872B13E9115853FE0DD020852
:10385000D8DD02084CBB31330EEADDB555B38A38EA
:10386000ABAA2A3E610B36BBCAF24971B5F1CF4211
:10387000000000000000800DE8DD02083BAAB83F10
:103880008071313FD1F7173710EE903A30B523F001
:103890000044621EB2F1FF4F3FD210EE101A21F029
:1038A000004EBEF1FF4F38D2A6453ADB01F0004290
:1038B000154600F09D8011F0FF4F03F0FF4C49D1F9
:1038C0004FEA0E206FF07D024000002802F1FF3227
:1038D000FADCBCF1000F5BD123026FF07D0C5B00C2
:1038E0000CF1FF3CFBD512F17E0F6CDA6FF07D001E
:1038F000831AA0EB0C00B2EB0C020EFA03F104FAEF
:1039000000F36DD0013A03E03AD04100013A09D307
:10391000C81A0028F8DA4900F8E760EE200A80EEBD
:10392000A00A30BDCB1A48BF0B461BB928E05B008C
:103930000CF1FF3CB3F5000FF9DB1CF17E0F38DA18
:103940006FF07D00A0EB0C00034145EA030200EE9E
:10395000102A30BD4FEAEE52BCF1000F16D0E4152C
:10396000C1F31601C3F31603121B41F4000143F423
:103970000003A4F17F0CC5D1CB1A002B18DBD6D1E4
:10398000224B03EB557393ED000A30BD7F3AA3E75A
:10399000E415A4F17F0C6FF07D01891AC3F31603BF
:1039A000A2EB0C0243F400030EFA01F1013AAFE777
:1039B0000B46A3F500030CF17F0C2B4343EACC53D9
:1039C00000EE103A30BD6FF07D00C1F31601A0EBA0
:1039D0000C0041F40001A2EB0C0204FA00F391E7A1
:1039E000CB1A002B0ADBCBD0B3F5000F9FDBABE784
:1039F000064B03EB527393ED000A30BD0029BFD094
:103A0000B1F5000F0B4692DB9EE700BFF0DD020828
:103A100010EE102A32F000432FD0002A134633DB79
:103A2000B2F1FF4F40DAB2F5000F34DB4FF0000C7B
:103A30006448C3F31601081800F4000282F07E52B5
:103A40000A43DB1500EE102A7F3B5F4A634401F115
:103A50000F0CF7EE007A0CEA020230EE670A03EB75
:103A6000D05322BBB5EE400AF1EE10FA62D1002B22
:103A700040F090809FED550A70479FED557ADFED3D
:103A8000537A87EE270A704770EE407A9FED4F7A9F
:103A900087EE870A7047DFED4F7A60EE277A6FF086
:103AA000180C17EE903AC3E730EE000A7047F0EEBC
:103AB000007A70EE277A07EE103A80EE274A4648E1
:103AC000C1F55712081802F522720243002A9FED31
:103AD000433ADFED434ADFED435ADFED433A9FEDD2
:103AE000435ADFED437ADFED436A24EE046AF8EED1
:103AF000C72A26EE067AE7EE034AA7EE235AE4EE3B
:103B0000875AE5EE076AE5EE877A67EE867AE6EE93
:103B1000877A2ADDB6EE007A20EE077A27EE007A61
:103B200077EE877A67EE847A3BBB37EE677A30EEC2
:103B3000470A7047DFED307AB6EE007AA0EE677A7A
:103B400060EE007A27EE277A002BF0D007EE903A4D
:103B50009FED2A6ADFED2A6AF8EEE77AA7EEC67AC9
:103B600037EE400A97EEA60A704770EE677A67EE66
:103B7000847AE3B930EE670A70479FED206ADFED83
:103B8000206AE2EE867A37EE677A37EE400A92EEE6
:103B9000A60A704707EE903A9FED180A9FED187A33
:103BA000F8EEE77A27EE800AA7EE870A7047DFED86
:103BB000136A9FED137AE2EEE67A37EEC00A92EED0
:103BC000870A704720FB4A00F0FF7F0000000000DA
:103BD000000000CC0000004C305CCFFF9788173EFF
:103BE00025333A3E2549923E4FD01C3E298E633EF6
:103BF000ABAA2A3FCDCCCC3EABAAAA3ED1F7173711
:103C00008071313F10EE103A33F0004231D0002B7A
:103C10001A4635DBB3F1FF4F42DA00B5B3F5000FBA
:103C200083B034DB0021D3157F3B0B44D90F03EB6A
:103C3000D37307EE903AC1F17F01C2F31602F8EE9A
:103C4000E77A42EAC15200EE102ACDED017AFFF781
:103C5000DFFE9FED157ADDED017ADFED146A20EECF
:103C6000070A9FED137AA7EEA60AA7EE870A03B00C
:103C700000BD9FED107ADFED107A87EE270A7047BE
:103C800070EE407A9FED0C7A87EE870A7047DFED81
:103C90000B7A60EE277A6FF0180117EE902AC2E7D0
:103CA00030EE000A704700BFD95BDE3EDB2754359B
:103CB00080209A3E000000CC000000000000004C74
:103CC00010EE902A32F0004110EE103AF0EE407AF9
:103CD00008D183F480035B0013F5000F10D937EE91
:103CE000A00A704723F00040B0F1FF4F0BD9B3F1A9
:103CF0007E5FF4D182F48002520012F5000FEED8FC
:103D0000B7EE000A7047B1F1FF4FF0D830B52DED96
:103D1000028B002B87B0F0EE606A054616DBB1F12E
:103D2000FF4F00F00081B1F17E5F00F03481B2F10D
:103D3000804F00F06D81B2F17C5F40F04A8107B0A6
:103D4000BDEC028BBDE83040FEF7A4BFB1F1974F48
:103D500080F0F580B1F17E5F80F02A81B2F1804F72
:103D600000F05681B2F17C5F00F05E82CDE9022165
:103D700000908DED010A8DED040ACDED050AFEF7E8
:103D8000DBFE0098DDED017A049BDDED056AB0F104
:103D9000FF4FDDE902214FF0000400F0EA80002827
:103DA00000F03C81B0F17E5F00F038814FEAD37CB7
:103DB0000CF1FF3C54EA0C0E00F03381B1F19A4F44
:103DC00040F25481994B984240F27682984B984247
:103DD00000F28582F7EE007A70EE670A9FED956A31
:103DE0009FED957ADFED955AF5EE007AA0EEE76A41
:103DF000F6EE007AE6EE607A20EEA05A9FED906A29
:103E000067EE857A27EE677AA0EE867AB0EE476A8B
:103E1000A0EEA56A16EE103A6FF30B0306EE103A09
:103E2000F0EE467AE0EEE57A37EE677A6FF30B0252
:103E300007EE902A27EE267A76EEE75A66EE277A84
:103E4000A5EE867A631E53EA0C03FFEE005A77EE66
:103E5000276AB7EE006A16EE902A18BFF0EE465AAF
:103E6000002A22F0004340F3F481B3F1864F00F2C0
:103E70007D8200F06182B3F17C5F00F24382002317
:103E800018466FF30E0206EE102ADFED6E6A9FED04
:103E90006E3ADFED6E1A9FED6E4A9FED6E5A76EE2A
:103EA000677AF0EE002A37EE677A66EE267ADFED63
:103EB0006A6AE7EE267AB7EE000AB0EE677AA6EEF7
:103EC000037AB0EE472A67EE076AA6EE432A9FED13
:103ED000636AA6EEA16A77EEC27AA6EE264A9FED45
:103EE000606AA4EE266AE7EE277AA6EE265AB0EEBE
:103EF000476AA5EE666A27EE065A36EE626AC5EE96
:103F0000066A76EEE77A77EEC77A30EE670A10EE49
:103F1000102A1344B3F5000FC0F2D88100EE903A96
:103F200020EEA50A07E0B0F17E5F74D03BD9002AED
:103F300036DBB0EE660A07B0BDEC028B30BDB1F1E6
:103F4000FF4FF0D0CDE90010CDE902238DED050A39
:103F5000CDED040AFEF7F0FD01980224B0F1FF4F09
:103F6000DDE902230099DDED046ADDED057A7FF4D9
:103F700016AF002A05DAF7EE007A87EE800A002BEA
:103F8000D9DAA0F17E50204300F03181012CD2D14A
:103F9000B1EE400ACFE7002A35DBB0EE670ACAE788
:103FA0009FED300AC7E7002AFADAB1EE660AC2E7E7
:103FB0004FEAE15CCCF1960C41FA0CFE0EFA0CFCD7
:103FC0008C4500F01981B1F17E5FE4D0B2F1804FF1
:103FD0001ED0B0EE670ACDE90323CDE90110CDED87
:103FE000056ACDED007AFEF7A7FD0298B0F1FF4F0C
:103FF000DDE903234FF0000410D0DDED007A0199D4
:10400000DDED056ACBE6B7EE007A87EE270A92E788
:1040100027EEA70A8FE7B7EE000A8CE7002AAADB93
:10402000ADE777EEE77A87EEA70A84E7F3FF7F3FF5
:104030000700803FABAAAA3E3BAAB83F00AAB83F00
:1040400070A5EC368CBEBF350072313F4CBB3133AE
:1040500055B38A38ABAA2A3E1872313F0EEADDB555
:10406000610B36BB000000000000804B13F0FF4FD7
:1040700040F020815FED047A60EE277A6FF017033D
:1040800017EE905AE915DFF844E37F391944C5F378
:104090001603734543F07E5040F30381DFF830E3AD
:1040A000734540F326819FEDB94A0131B0EE448A51
:1040B000A0F50000F7EE000A4FF0000E04EE900AA3
:1040C00074EEA07AB7EE007A87EE270AB04B03EAC7
:1040D000600343F0005303F58003734434EEE06A59
:1040E00007EE901A66EE001AB8EEE77ADFEDA92A1D
:1040F0009FEDA93ADFEDA93A9FEDA95ADFEDA95A44
:104100009FEDA91A61EEA17AB0EE082AA7EEA23AB5
:10411000E3EE273AA3EEA75AE5EE275A27EEA75A71
:10412000A5EEA71A07EE903A11EE903A6FF30B0343
:1041300003EE103AA3EE676AF0EE465A37EEE06AF5
:1041400071EE837A74EEC63AB0EE656AA3EE636AE6
:10415000F0EE424A26EE006AE3EE034A67EE867A04
:10416000DFED920ADFED923AE5EE017A9FED911ACA
:1041700074EEA75A15EE903A6FF30B0305EE903AE2
:1041800035EEC25AA3EE435A77EEC57A67EEA17AAE
:10419000E6EE257AB0EE675AA3EE255A15EE103AF0
:1041A0006FF30B0305EE103AB0EE456AA3EE656AB5
:1041B00077EEC67A67EEA07AE5EE017A77EE887A36
:1041C000B0EE676AA5EE236A36EE046A36EE076A39
:1041D00016EE103A6FF30B0306EE103A36EE477AFE
:1041E00037EE447AA5EE637A37EEC77A1EE670EEB4
:1041F000407A87EEA70A9EE6B1F17E5F3FF4CBAE30
:10420000B2F1804F3FF404AF0EF0010ECDE9001083
:10421000CDE902238DED050ACDED040ACEF10204AD
:10422000FEF78AFC019899E601908DED000AFEF7F1
:1042300083FC0198B0F1FF4F3FF47DAEDDED007AD5
:1042400000283FF478AEB0F17E5F7FF4EAAE002440
:1042500097E659498B4200F291807FF40CAE76EEDE
:10426000E76AF4EEC76AF1EE10FA80F2878002F591
:104270000042524BC2F3C7517F39C2F316000B41C3
:1042800040F40000C1F1170113400841404206EE1E
:10429000903A77EEE67AC30577EE276A16EE902A13
:1042A000EFE59FED3A4AF7EE000AB0EE448A4FF090
:1042B000000E03E70023E5E6002A12DB002007B02A
:1042C000BDEC028BBDE8304000F020BBCDED005AC4
:1042D00000F092FADDED005AF0EE400A20E6002AE6
:1042E000ECDD002007B0BDEC028BBDE8304000F0F3
:1042F00013BB9FED334A9FED338AF7EE080A4FF464
:10430000001EDBE6DB157E3B4FF400011941114432
:104310002A4BC1F3C75CACF17F0CC1F3160043FA22
:104320000CF340F40000CCF1170C002A40FA0CF01A
:1043300003EA0103ABDAA9E79FED236A76EEE76AA9
:1043400037EE066AB4EEE66AF1EE10FA0EDC02F51C
:1043500000421A4BD1157F39C2F316000B4140F4CD
:104360000000C1F117011340084190E7F5EEC05A73
:10437000F1EE10FA4CBF01200020B3E7F5EEC05A71
:10438000F1EE10FA4CBF0120002098E70000000079
:1043900000F0FFDF42F1533E55326C3E05A38B3EE9
:1043A000ABAAAA3EB76DDB3E9A99193F4F38763FCC
:1043B0000040763FC623F6B800001643000080FF99
:1043C00000C0153FDCCFD1353CAA383371C41C0086
:1043D000D6B35D0010B510EE104A8B4A24F00043AE
:1043E000934288B070D9894A934222D824F000437E
:1043F000002C9FED877A874A23F00F0340F3EB8070
:10440000934270EE477A09BF9FED837ADFED836AAE
:10441000DFED836A77EEC77A37EEE67A77EEC77A12
:1044200080ED007A77EEE67AC0ED017A012008B0DF
:1044300010BD7C4A9342014654D9B3F1FF4F4AD292
:10444000DA15863AA3EBC25307EE903ABDEEE77A4F
:10445000DFED756AB8EEC77A77EEC77A8DED057A2B
:1044600067EEA67ABDEEE77AB8EEC77A77EEC77A3E
:104470008DED067A67EEA67AF5EE407AF1EE10FA47
:10448000CDED077A40F09280B5EE407AF1EE10FA69
:1044900040F08E800123654801900220009005A81D
:1044A000029100F03FFA002C0299C0DA91ED007AF7
:1044B000D1ED017AB1EE477AF1EE677A81ED007ABB
:1044C000C1ED017A4042B2E7002380ED000A43606B
:1044D000002008B010BD70EE407AC0ED017AC0ED4A
:1044E000007AF5E7CDE90230FEF726FB9FED507A22
:1044F0009FED476AF6EE007AE0EE077ADDE90231D9
:10450000FDEEE77A9FED457AF8EEE76A17EE900A3E
:10451000A6EEC60A1F2866EE877A30EE677A20DCA0
:10452000DFF818C100F1FF3E24F000425CF82EC015
:1045300022F0FF02624514D081ED007A30EE470A86
:10454000002C30EE670A81ED010ABFF670AFB1EEC4
:10455000477AB1EE400A81ED007A81ED010A4042CE
:1045600065E717EE102AC2F3C752C2EBD352082AEE
:10457000E2DD9FED297ADFED2A5AB0EE406AA6EE21
:10458000C76A70EE467AE6EEC77AD6EEA57A36EEC0
:10459000677A17EE102AC2F3C752C2EBE353192B06
:1045A00008DCB0EE460A81ED007AC7E7032372E724
:1045B000022370E79FED1F7ADFED1F5AB0EE460A27
:1045C000A6EEC70A76EE407AE6EEC77AD6EEA57A70
:1045D00030EE677AB0E7934270EE077A09BF9FED3D
:1045E0000E7ADFED0E6ADFED0E6A77EE877A37EE30
:1045F000A67A77EEC77A80ED007A77EEA67AC0EDDC
:10460000017A4FF0FF3012E7D80F493FE3CB164055
:10461000800FC93FD00FC93F004435374344353779
:1046200008A3852E800F49430000804378DE0208EE
:1046300084F9223F00A3852E32318D24F8DD020853
:1046400010EE102A22F00043B3F1A14FF0EE407AB1
:1046500007D3B3F1FF4F56D8002A7CDD9FED530AF4
:10466000704700B552498B4283B05BD8B3F1445FC9
:104670004CD34FF0FF3327EEA76A9FED4E5A9FEDC4
:104680004E7ADFED4E5ADFED4E4A66EE066A591C51
:10469000A6EE857AE6EEA54A9FED4A5ADFED4A5A24
:1046A000A7EE265AE4EEA65A9FED487ADFED484A77
:1046B000A5EE267AE5EEA64A9FED465ADFED465A6C
:1046C000A7EE265A9FED457AA4EEA67AE5EE265A85
:1046D00027EE267AA5EE867A27EE277A42D0404842
:1046E000404900EB8300D0ED006A37EE667A01EBBB
:1046F0008303D3ED006A37EE677A002A36EEC70AE5
:104700002CDB03B000BD30EE000A70479FED367A17
:1047100030EE077AF7EE006AB4EEE67AF1EE10FAC0
:10472000A7DDEEE7CDE90032FEF706FA2F49009B40
:10473000019A8B421AD8A1F5D0018B422BD8F0EE0A
:10474000007ABFEE007AA0EE277A002330EE270A27
:10475000C7EE007A8FE79FED260A7047B1EE400A58
:1047600003B000BD37EEC70A03B000BD21498B423C
:104770000BD8F7EE087AB7EE007AA0EE277A02237C
:1047800030EE670AC0EE077A75E7BFEE007AC7EE33
:10479000007A03236FE7F7EE007A30EE677A30EEA7
:1047A000270A0123C7EE007A65E700BFDB0FC93F88
:1047B000FFFFDF3ED769853C59DA4B3D21A215BD8D
:1047C0006BF16EBD356B883D95879DBD6E2EBA3DF4
:1047D000388EE3BD2549123EABAAAA3ECDCC4CBED5
:1047E00090E10208A0E10208CAF24971FFFF973F79
:1047F000DB0FC9BFFFFF1B4010EE103A33F0004142
:104800001A4625D0B1F1FF4F1FD213F0FF4F20D130
:10481000DFED297A294A60EE277A904217EE903A26
:1048200031DB4CF2503CC3F3C75160451A46A1F14D
:10483000190114DD002BDFED227A9FED210AB8BFAC
:10484000DFED207A27EE800A704730EE000A7047CD
:1048500070474CF2503C60454FEAD151EADC0844C5
:10486000FE28E7DC002815DC10F1160F19DB1930E3
:1048700022F0FF4242EAC05207EE902A9FED120A50
:1048800027EE800A7047DFED117A07EE103A27EE27
:10489000270A704722F0FF4242EAC05300EE103A66
:1048A0007047002BDFED097A9FED080AB8BFDFEDF6
:1048B000087A27EE800A70470000004CB03CFFFFEA
:1048C000CAF24971CAF249F1000000336042A20DF8
:1048D0006042A28D10B582B08DED010A044603F04E
:1048E000B3FA9DED010A046002B010BD30B1F1EEE3
:1048F000407A27EE800A2220FFF7ECBFF0EE407AE4
:1049000027EE800A2220FFF7E5BF00BF9FED010AD6
:10491000FFF7ECBF000000109FED010AFFF7E6BFB4
:10492000000000702DE9F04F2DED048BDBB01C462C
:104930000393814613466898CB4A04F1FF381C1D47
:1049400052F82050C0F26682DA1E48BF1A1DD210FB
:1049500004920132D2000692069A15EB0806A3EBE8
:1049600002021BD404989FEDC47A699F0136A0EB24
:10497000080006441EAC9C460028A4BF57F820300F
:1049800007EE903A00F10100ACBFF8EEE77AF0EEE6
:10499000477AB042E4EC017AEED16346002DC0F2D2
:1049A000EC800398B8F1000F0DF58C7C464605EBC2
:1049B000000EB8BF0024C0F2D38003981EAF07EBEF
:1049C0008007840009EB8000DFEDAB7ABB46CA4666
:1049D000FAEC016A3BED017A8245E6EE877AF7D17F
:1049E00001367645ECEC017A07F10407ECD109A811
:1049F000CDE9071300EB85000DF1280A9FED9B9A86
:104A0000DFED9B8A05904C440AEB8507AB4646AE2A
:104A1000019510460DEB8B03BBF1000F93ED460A99
:104A20004FEA8B0515DD7319524660EE097AB0EE38
:104A3000407AFDEEE77A73ED016AF8EEE77AB34269
:104A4000A7EEE87A37EEA60ABDEEC77AA2EC017AA5
:104A5000EBD10290FFF7D0FEB0EE408AB4EE000A30
:104A600028EE000AFEF762F9F2EE007AA0EE678AFD
:104A700002980028FDEEC89AF8EEE97A38EE678AC7
:104A80007EDD0BF1FF31C0F108035AF821E04EFA48
:104A900003FC0CFA03F3AEEB030EC0F1070219EEB0
:104AA000903A4EFA02F26344002A09EE903A4AF82C
:104AB00021E000F3FA80B5EE408AF1EE10FA70D1F1
:104AC000019B9B450CDD0AEB05030021944653F83E
:104AD000042DBB4241EA0201F9D1002940F0468190
:104AE000019B013B0BF1010E5AF82330002B40F0E3
:104AF0003B81059B012153F8042D0131002AFAD096
:104B00005944049B03EB0B02039B5B440293699B98
:104B100003EB820B029B0DF1780C0CEB830C47AB83
:104B20001D44DBED017AF8EEE77AB8F1000F0BF1E6
:104B3000040BECEC017ADFED507A09DB62464B4660
:104B4000F3EC016A32ED017AA342E6EE877AF7D1FF
:104B50000EF1010E8E45E5EC017AE2DD8B4659E758
:104B6000701C7045CCF8004006F1020605D0B64531
:104B7000CCF804400CF1080CF2D10398840036E71D
:104B800000F0D980F6EE007AB4EEE78AF1EE10FA82
:104B900080F22E81B5EE408AF1EE10FA4FF000025D
:104BA0008ED0CDE90220089B069A0799019D0191BC
:104BB000D01AB0EE480AFFF71FFE9FED2D7A01993B
:104BC000039AB4EEC70AF1EE10FAC0F29781DFED56
:104BD000277A60EE277A0BF10104FDEEE77A0832BE
:104BE000F8EEE77AA7EEC70AFDEEE77ABDEEC00A57
:104BF00010EE103A4AF82B3017EE903A4AF824306B
:104C00001046B7EE000A0191FFF7F6FD002C01995E
:104C1000B0EE407AC0F29D810AF1040347A8DFEDAF
:104C2000136A03EB840300EB8400A2000DF58C7C77
:104C300073ED017AF8EEE77A534567EE877A27EE4F
:104C4000267A60ED017AF3D1002D0DF1C80EC0F285
:104C5000998194442746F04600269146054ADFEDA7
:104C6000067A6046002311E0DCE102080000803B88
:104C700000008043B0E1020800000000F2EC016A8D
:104C8000B0EC017A9D42E6EE877A03DB9E4203F1A7
:104C90000103F3DA013F7B1CC8ED007A7ED008F1F6
:104CA00004080136ACF1040CD8E70133BBF1000F66
:104CB00009EE903A40F3438151464FF0000E51F80F
:104CC000043B3BBB0EF1010EF345F8DC9E46002889
:104CD0000CDD012800F08380022807D10BF1FF31A1
:104CE0005AF8213003F03F0C4AF821C0022A7FF421
:104CF000E2AEB7EE000A30EE488ABEF1000F3FF494
:104D0000DAAE09920290FFF777FD0298099A38EE21
:104D1000408AD0E6C3F5807341F8043C04E00B6898
:104D2000C3F1FF0341F8043B0EF1010EF345F6DC3D
:104D30004FF0010ECBE70BF1FF335AF82320D211CD
:104D4000002A7FF7B8AE19EE903ABBF1000F03F1DD
:104D5000010309EE903AAFDC022A7FF4ACAEF7EE25
:104D6000007A37EEC88AA6E67146CAE60BF1FF3430
:104D7000A0F108025AF824300799CDF808C0284657
:104D8000019D002B7FF43CAF034609A8034453F870
:104D9000040D013C083A0028F9D031E74A46689BE7
:104DA000022B62DC002B3ADC10D10EF104035FED24
:104DB0004E7A134433ED017A9E4577EE877AF9D126
:104DC000029B002B40F0AB80C1ED007A19EE903AC7
:104DD00003F007005BB0BDEC048BBDE8F08F0BF176
:104DE000FF315AF8213003F07F0C4AF821C07DE7EB
:104DF00019EE903ABBF1000F03F1010309EE903A6E
:104E0000C8BF02223FF758AFF7EE007A37EEC88AE4
:104E1000022250E608220692002204929CE50EF13E
:104E20000403DDED327A1FED6C7A1A4452ED016A0B
:104E30001346043A964537EE267AF7D1029A002AAD
:104E400064D177EEC77A81ED007A5CB10122B3ECD0
:104E5000017A0132944277EE877AF8DA029B0BB13D
:104E6000F1EE677AC1ED017AB0E7689B032BADD113
:104E7000002C00F084800EEB020696ED007A30469E
:104E8000354655ED017AF0EE476A37EE277A2B4624
:104E900077EEC77A043D77EEA67AAE45C3ED007A89
:104EA00003ED017AEDD1012C69D096ED007A70ED19
:104EB000017AF0EE476A37EE277A834277EEC77AB7
:104EC00080ED007A77EEA67AC0ED017AEFD15FED42
:104ED000967A1A44043332ED017A934277EE877A58
:104EE000F9D1029BDDED326A9DED337AD3B9C1ED84
:104EF000006A81ED017AC1ED027A67E7BDEEC00A72
:104F00005C4610EE103A4AF82B3079E6F1EE476A2B
:104F100077EEC77AC1ED006A002C97D1A0E7F1EED9
:104F2000677A51E7F1EE666AB1EE477AF1EE677A99
:104F3000C1ED006A81ED017AC1ED027A46E70128F0
:104F400011D002287FF408AF0EF03F034AF8213059
:104F500002E7689B022B0EDC002B21DC7FF436AFCE
:104F60005FEDBB7A2CE70EF07F03022A4AF821306E
:104F70007FF4A1ADF3E6689B032B7FF427AFDFED51
:104F80000E7AAEE70025204673461D6000283FF4E8
:104F900006AF0238461C5D6003F10803F5D1FEE65A
:104FA000029BDDED327A1BB14FF000430B6057E7F7
:104FB00000230B6056E700BF000000002DE9F0471A
:104FC00082B00646DDF828E00846B4460D46002BC0
:104FD0004ED18A4214466DD9B2FA82F242B1C2F180
:104FE0002003954026FA03F394401D4306FA02FC81
:104FF000260CA7B2B5FBF6F14FEA1C4306FB115590
:1050000043EA054301FB07F0984209D9E31801F18F
:10501000FF3580F00381984240F200810239234439
:105020001B1A1FFA8CFCB3FBF6F006FB10334CEA9C
:10503000034C00FB07F363450AD914EB0C0C00F199
:10504000FF3580F0ED80634540F2EA80A4440238E9
:1050500040EA0140ACEB030C0021BEF1000F04D08C
:105060002CFA02F30022CEE9003202B0BDE8F0874C
:105070008B4209D9BEF1000F01D0CEE900610021B9
:10508000084602B0BDE8F087B3FA83F1174600295D
:105090004DD1834202D3B24200F20F81B6EB070C2E
:1050A00060EB030301201D46BEF1000FDDD0CEE909
:1050B00000C5DAE7002A00F098801A46B4FA84F3B3
:1050C000002B40F0AF800B1B270CA6B20121B3FBD5
:1050D000F7F54FEA1C4007FB153340EA034306FB94
:1050E00005F8984507D9E31805F1FF3002D2984535
:1050F00000F2E8800546A3EB08031FFA8CFCB3FB23
:10510000F7F007FB10334CEA034C06FB00F3634552
:1051100008D914EB0C0C00F1FF3602D2634500F203
:10512000CE803046ACEB030C40EA054095E7C1F178
:1051300020058B4022FA05FC4CEA030C00FA01F42E
:1051400026FA05F3E84002FA01F943EA04084FEAB7
:105150001C4206FA01FAB0FBF2F71FFA8CF602FBCA
:1051600017004FEA184444EA004407FB06F0A04247
:105170000AD91CEB040407F1FF3380F09C80A042A5
:1051800040F29980023F6444241A1FFA88F3B4FB6A
:10519000F2F002FB104443EA044300FB06F69E4291
:1051A00009D91CEB030300F1FF3480F082809E429A
:1051B0007FD90238634440EA0740A0FB09749B1B77
:1051C000A3423E46A04664D361D0BEF1000F0AD090
:1051D000BAEB060263EB080303FA05F5CA40154370
:1051E000CB40CEE9005300213FE7730843EAC17387
:1051F0004A08190C41EA02414FEAC67C9BB2B2FB55
:10520000F4F02646A04627461F2243EA0143B1FB9D
:10521000F4F1A3EB080341EA004158E72946FFE611
:10522000284615E71A46C3F120019C4026FA01F3EF
:1052300020FA01F190400343270C06FA02FCB1FB6F
:10524000F7F0A6B207FB1015190C41EA054100FB67
:1052500006F58D423BD9611801D28D4220D8491BF9
:105260000138B1FBF7F5019505FB06F8019D9BB2EE
:1052700007FB151143EA0143434526D2E31805F124
:10528000FF31C6D24345C4D2A91E2344C1E7BA4563
:105290009BD2B7EB090664EB0C040138A04694E7F7
:1052A000651B29440238B1FBF7F5019505FB06F8AB
:1052B000DCE720467FE71F4666E70846F4E6A4449D
:1052C00002382FE7023D234415E70199A1E7491B66
:1052D000B1FBF7F5019505FB06F8C7E708B5062011
:1052E00002F0E0FC012005F0A9FF0000024B01469E
:1052F000186800F025B800BFA803002070B50F4C57
:105300000E462168054611B902F078FD206031464D
:10531000284602F073FD431C03D14FF0FF342046B2
:1053200070BDC41C24F00304A042F8D0211A284602
:1053300002F064FD0130F2D1EFE700BFD88703200F
:105340002DE9F843CD1C25F0030508350C2D38BF99
:105350000C25002D064601DBA94204D90C2333603D
:105360000020BDE8F883334F00F066F83B681C4628
:105370003CBB29463046FFF7C1FF431C044656D1CB
:105380003C68A046B8F1000F40D1002C49D02368FA
:105390004146304604EB030902F030FD814540D11F
:1053A00021686D1A29463046FFF7A8FF013038D032
:1053B00023682B4423603B685A685ABBC7F80080B7
:1053C0000EE02268521B1ED40B2A16D96119A34283
:1053D000256018BF5960636808BF396062514B602F
:1053E000304600F02FF804F10B00231D20F00700D9
:1053F000C21A1CBF1B1AA350B3E76268A3420CBFBA
:105400003A605A60ECE723466468B1E74446D8F84E
:105410000480B7E71A465B68A342FBD100235360C0
:10542000DEE70C233360304600F00CF898E70560A7
:10543000D6E700BFDC870320014802F031BD00BF82
:1054400020890320014802F02CBD00BF20890320E1
:105450002DE9F041074615460C4621B9BDE8F0415B
:105460001146FFF76DBF2AB903F090FB2C4620468A
:10547000BDE8F08104F0E5FB8542064602D8B5EBB5
:10548000500FF4D829463846FFF75AFF804608B92E
:105490004446ECE7B5422A46214628BF324602F090
:1054A00001FD2146384603F071FBF1E770B5044673
:1054B0000D4645EC104B164604F086FA51EC100BE5
:1054C0007EB1C5F30A53C3F16B03002B09DD1B0545
:1054D00003F17F55002405F5401522462B46DBF7E6
:1054E00037F941EC100B70BD2DE9F04F9FB00E461F
:1054F0001792002204901A924FF000084FF0000912
:1055000019910A782B2A0D4601F101011CD00AD805
:105510000D2A05D8082AF3D872B100230B9382E034
:10552000202AEDD0F9E72D2A10D10122691C19910A
:105530000B926A78002A37D1179B1996002B40F0FE
:10554000A88542464B462AE00022EFE700210B9156
:10555000302A40F09D806A7802F0DF02582A5AD142
:1055600002930B9B01931AAB0093874A04981BABE1
:1055700019A903F0BDFB10F00F04064605D0062C58
:1055800014D10135002319950B93179B002B40F084
:1055900082850B9B002BD4D0424609F1004343EC9B
:1055A000102B1FB0BDE8F08F0D46D1E71A9A3AB123
:1055B00035211CA804F001FB1A99049803F0B8FEE9
:1055C000013C042C06D8DFE804F014031E2114006B
:1055D000DDE91C89F10548BF49F0004929F0004385
:1055E0001B0D1B05002BD0D102F02EFC22230360E3
:1055F000CBE7DDE91C831B9A23F4801302F23342CC
:1056000043EA0259E6E7DFF88891E3E76FF00049E3
:105610004FF0FF38DEE7013519952B78302BFAD0A3
:10562000002BB2D001234FF0000A07932846CDF893
:1056300038A0D3460A230478A4F13002092A29D9D4
:105640005249012202F0BEFA002836D0002022463C
:1056500006905C460146652A01D0452A16D124B938
:10566000079B03433FF468AF0024199E731C1993F2
:1056700072782B2A7FD02D2A00F083804FF0000C07
:10568000A2F13003092B40F2898019960023ACE087
:105690000023C8E7BBF1080FDCBF0E9A03FB0242F0
:1056A00000F10100D5BF303A03FB0A420E92A2F18D
:1056B000300A0BF1010B1990BDE7199B5A1C199286
:1056C0005A78BBF1000F3BD006905C46A2F1300344
:1056D000092B11D90121BEE7199B5A1C19925A783E
:1056E0000130302AF8D0A2F13103082B00F2D8841F
:1056F0000690199D00200446303A00F1010319D0AC
:105700000699059419440691A4464FF00A0E0CF12F
:105710000107391B8B4215DC059920EAE070014432
:105720000134082904441CDC0E990A2303FB0123DD
:105730000E930023199A511C199152781846C5E707
:105740005846CEE7BCF1080F05DC0E990EFB01F1BF
:105750000E91BC46DBE70AFB0EFC102FD8BFE246D9
:10576000F7E70F29DCBF0A2303FB0A2AE1E700233E
:105770000693012174E74FF0000CB31C1993B27823
:105780007EE74FF0010CF8E76CEA0208E8E1020856
:105790000000F07F199B5A1C19925A78302AF9D0D0
:1057A000A2F13103082B3FF671AFDDF864E0CDF8CC
:1057B00014E0A2F130030A93059B013319931A7880
:1057C0000593A2F13007092F3BD9A3EB0E03082B59
:1057D00044F61F633DDC0A9F9F42A8BF1F46059702
:1057E000BCF1000F02D0059B5B420593002C51D108
:1057F000079B03437FF4C9AE00297FF49DAE692A5D
:105800002BD028DC492A28D04E2A7FF495AE9F4918
:1058100019A803F08BFC00283FF48EAE199B1B786F
:10582000282B31D19A491CAA19A803F094FC052809
:105830002AD11D9BDDF8708043F0FF4949F4E0094F
:10584000A3E60A9B0A2707FB0327A7F130020A9267
:10585000B2E70593C4E76E2AD7E78E4919A803F08B
:1058600065FC00283FF468AE199B8B49013B19A8E1
:10587000199303F05BFC10B9199B01331993DFF8FE
:1058800028924FF0000880E6844802F019FB59EC9A
:10589000108B7AE6DDE905320E989B1ABBF1000FFA
:1058A00008BFA346102C0A932646A8BF1026DAF795
:1058B000F1FD092C8046894613DC0A9B002B3FF43E
:1058C00064AE0A9B6FDD162B56DC754901EBC301F4
:1058D000D1E9000142464B46DAF73AFF8046894655
:1058E00053E66F4B03EBC60353E91223DAF730FF9D
:1058F000804650468946DAF7CDFD02460B464046C3
:105900004946DAF78BFC0F2C80468946D5DD0A9B89
:10591000A4EB060A9A44BAF1000F40F392802AF0F1
:105920000F061AF00F0A4DD1B6F59A7F5ADC494698
:10593000DFF87091361140460027012E76D1A1F193
:105940005479584901EBC70102464B46D1E90001A1
:10595000DAF7FEFE544B0A460B4054498B42804610
:1059600040D8A1F580118B4286BFDFF844914FF0FB
:10597000FF3802F1547932E00A9AC4F125039342C8
:10598000C5DB474DC4F10F0405EBC40142464B464D
:10599000D1E90001DAF7DCFE0A9B1C1B05EBC4050C
:1059A000D5E9002398E71633B1DBDDE905239A1A20
:1059B0003B4B03EBC203D3E9002340464946DAF7E9
:1059C000F1FF8BE7364901EBCA0142464B46D1E96C
:1059D0000001DAF7BDFE80468946002EA4D10023DF
:1059E00007939BE0002405940E940694049ADFF834
:1059F000B890222313604FF000080E9B002B3FF459
:105A0000C4AD1A99049803F093FC0699049803F026
:105A10008FFCDDE9040103F08BFC0E99049803F080
:105A200087FC0498214603F083FCAEE5F20703D51A
:105A3000D9E90023DAF78CFE0137761009F108095D
:105A40007BE7CCD0CAF1000A4FEA2A161AF00F0AF7
:105A50000DD11F2E2EDD002405940E940694049A79
:105A600022234FF000084FF000091360C5E70C4BEC
:105A700003EBCA0340464946D3E90023DAF792FF15
:105A800080468946002EAAD0E3E700BFF7E102086E
:105A900058EA0208EFE10208BFE8020857EA0208E4
:105AA000E0EB0208B8EB02080000F07F0000A07CE9
:105AB000FFFFEF7F16F0100318BF6A23754F07939F
:105AC00040464946F30703D5D7E90023DAF740FEFD
:105AD000761007F10807F5D1079B80468946ABB1E0
:105AE000C1F30A52C2F16B03002B0F460EDD1F2BD0
:105AF00055DD342BDEBF4FF0FF33C2F14B02934034
:105B0000B046CCBF4FF05C7903EA010900220023C4
:105B100040464946DBF784F800289CD10E9B009351
:105B2000049823465A46294603F06AFC0E90002842
:105B30003FF458AFDDE905239B1A0A9A002AA8BF53
:105B400000231493002422EAE273169305940E9B1B
:105B50000498596803F0AEFB069000283FF446AF66
:105B60000E9B1A69023203F10C0192000C3002F014
:105B700099F949EC108B04981CAA1BA9CDE90C8952
:105B800003F092FF1A9000283FF430AF04980121EF
:105B900003F0CCFC0590034640B9059326E74FF08F
:105BA000FF3202FA03F303EA0008AFE71B9D079AEE
:105BB000002DABBF149B169B169E149FACBFEF1815
:105BC0005E1B1C9BAD1A1D44334A013D9542C3F137
:105BD000360354DA3149521B8D42A3EB02034FF0D6
:105BE000010140DB01FA02FA002507EB030B1E441A
:105BF000079B5F451E443B46A8BF5B46B342A8BF18
:105C00003346002BC2BFABEB030BF61AFF1A149BF3
:105C1000002B18DD1A46DDE9040103F053FD059061
:105C200003460028B9D001461A9A049803F094FC60
:105C3000034600283FF4DAAE1A9904980F9303F054
:105C400077FB0F9B1A93BBF1000F1ADC0A9B002B0A
:105C500026DD169A0699049803F034FD0690034653
:105C6000F0B90693C2E6C5F17F4505F57F0505F558
:105C70007B45E23501FA05F54FF0010AB5E700254D
:105C8000FAE71A9904985A4603F078FD1A9000280A
:105C9000DCD1ABE680EA020802FCFFFFE3FBFFFF7A
:105CA000002E08DD06990498324603F067FD069041
:105CB00003460028D5D0002F08DDDDE904013A466F
:105CC00003F05CFD059000283FF490AE069A1A9907
:105CD000049803F0E1FD044600283FF487AEC36852
:105CE0000F9300230599C36003F0BAFD00283CDA46
:105CF0000F9B53EA08035FD1C9F313034E46002BF1
:105D00005AD129F000431B0D1B05B3F1D66F53D9AF
:105D1000636913B92369012B4EDD214601220498E2
:105D200003F02CFD0599044603F09AFD002843DD9D
:105D3000AD4B079A3340002A5DD0B3F1D66F5AD8E5
:105D4000B3F15C7F7FF68BAEA84B404649460022FC
:105D5000DAF7FEFCA44B0B4080468946002B7FF40B
:105D600050AE049A222313604BE64E4660D10F9A40
:105D7000C9F313034AB39E4A934229D1079B414674
:105D8000F3B1994B09EA0303B3F1D46F4FF0FF323B
:105D900019D81B0DC3F16B0302FA03F3994217D113
:105DA000944B9E4202D101313FF420AE8E4B3340E2
:105DB00003F580194FF00008079B002BC4D120E6A3
:105DC0004FF0FF33EAE71346E8E753EA0803AFD0A2
:105DD000D5B13542F0D00F9B079A40464946B3B142
:105DE000FFF764FBDDE90C0153EC102BDAF716FA30
:105DF00080468946E0E7A3F580136FEA13596FEAFE
:105E000009594FF0FF38D7E71AEA080FE2E7FFF722
:105E10004DFBDDE90C0153EC102BDAF7FDF9002204
:105E2000002380468946DAF7FBFE0028C4D016E638
:105E30000599204603F090FE5BEC10AB00224FF07A
:105E4000804350465946DAF7FFFE002872D00F9B78
:105E5000002B7DD1B8F1000F58D1C9F31303002BEB
:105E60005AD1654B002250465946DAF7E3FE002826
:105E70005BD150465946614B0022DAF769FC8246F5
:105E80008B460BF10043CDF820A00993DDE90823F0
:105E9000554DCDE9102306EA05031593584B06EA44
:105EA00005029A4240F0B080A6F1547949EC108B7B
:105EB00003F08AFDDDE9082351EC100BDAF748FC0A
:105EC00042464B46DAF7AAF94E4A0D4095428046C3
:105ED00045D90D9A474B9A4203D10C9B01333FF4AD
:105EE00085ADDFF810914FF0FF381A99049803F050
:105EF0001FFA0699049803F01BFADDE9040103F088
:105F000017FA0498214603F013FA20E6B8F1010FBE
:105F100002D1002E3FF4A3AD9FED2B7BDFF8D8B06C
:105F20008DED087B4FF0000AB0E7DFF8D0B04FF0FE
:105F3000000AA6E7314B504659460022DAF708FC22
:105F40000F9B82468B46002B9BD0CDE908AB9DE78B
:105F50009FED1F7B8DED087B5BEC17AB96E701F1A6
:105F60005479079B002BC0D1159A29F000431B0DD3
:105F7000B2EB035FB9D15046594604F0F3F9DAF7B2
:105F8000D5FA02460B4650465946DAF745F90F9ABC
:105F9000C9F3130343EA0803134306460F4672D0BE
:105FA0000DA3D3E90023DAF745FE00287FF429ADDD
:105FB0000BA3D3E9002330463946DAF759FE00280F
:105FC00093D01EE5AFF30080000000000000F0BF9A
:105FD000000000000000F03F9535A094FFFFDF3F78
:105FE00035E5AF350000E03F0000F07F000050399C
:105FF000FFFF0F00FFFFEF7F0000F03F0000E03FDA
:106000000000E07FFFFF9F7C079B33B3159BB3F13C
:10601000D46F22D828A3D3E9002350465946DAF793
:1060200013FEA0B159465046DAF76AFE012838BF80
:106030000120DAF72FFA0F9B82468B4603BB01F152
:10604000004312901393DDE91223CDE91023119B35
:10605000159A03F1D6639B1A11939DED0C0BDDE9A4
:10606000106703F0B1FC304653EC102B3946DAF7D9
:106070006FFBDDE90C23DAF7D1F88046894670E73B
:10608000CDE912ABDFE70EA3D3E90023DAF7D2FDA7
:1060900095E700230B93179A199B1360FFF779BAC2
:1060A000652A3FF464AB452A3FF461AB0121FFF759
:1060B0009FBB00BFAFF300800000C0FFFFFFDF41C8
:1060C0009535A094FFFFCF3F2DE9F041DFF8BC806C
:1060D000294B0A462DED028B0146D8F80000FFF748
:1060E00003FA55EC104B22462B4620462946DAF798
:1060F000C9FD90B1002D214809DAFCF7C5FDB1EECC
:10610000408AB0EE480ABDEC028BBDE8F081BDECE0
:10611000028BBDE8F041FCF7B7BD20462946DAF70F
:1061200033FA08EE100ADFED167AB0EEC87AB4EE54
:10613000677AF1EE10FA11DD25F00047114B4FF0B0
:10614000FF3220463946DAF79DFD80B90D4B4FF0FE
:10615000FF3220463946DAF777FD40B918EE103A9B
:1061600013F0FF4FCDD1084B2B40002BC9D0D8F8EE
:10617000003022221A60C4E73C02002057EA0208DD
:10618000FFFF7F7FFFFFEF7F0000F07FA80300206D
:106190002DE9FF4757EC106B002F0C469146DDF8B8
:1061A00030A019464FF0000203DA07F100431F4602
:1061B0002D220D9D0A7025F02005462D04D0452D79
:1061C00000D10134022100E0032103AB019302ABB3
:1061D000009347EC106B5346224601F001FF472D18
:1061E00080461AD119F0010F0ED000EB04090022ED
:1061F000002330463946DAF713FD08B1CDF80C908C
:106200003022039B4B451ED3039B0E9AA3EB08033E
:106210004046136004B0BDE8F087462D00EB04094A
:10622000E5D10378302B0AD10022002330463946CD
:10623000DAF7F6FC18B9C4F10104CAF80040DAF83C
:1062400000309944D3E7591C03911A70D9E7F7B588
:106250000029BABF49422D232B230929027043701C
:106260002ADD0DF10704871CA6460A26A446B1FBC9
:10627000F6F506FB15123032632904F1FF340CF8F1
:10628000012C2946F2DC3031ACF1020204F8011C89
:10629000411C144672450AD30DF10903A3EB0C030C
:1062A000A64538BF00233B44181A03B0F0BD12F8CE
:1062B000013B01F8013FEDE7302330318370C170BD
:1062C000031DF1E72DE9F04F8FB00C46DDF860803B
:1062D00016461F46054601F01DFD03680793184644
:1062E000DAF72EFA00230C93D8F8003094F818A0AF
:1062F000D4F800B00890073323F00703B3EC027B17
:106300008DED047BC8F80030DDE9048323F00049FB
:1063100084ED127B9A4B4FF0FF3240464946DAF744
:10632000B1FC70BB964B4FF0FF3240464946DAF75E
:106330008BFC30BBDDE9040100220023DAF77AFC94
:1063400010B12D2384F843308E4A8F4BBAF1470F9A
:106350008CBF90469846032323612BF004032360EF
:106360004FF00009009733460DAA2146284600F059
:10637000CDF9013040F08C804FF0FF300FB0BDE818
:10638000F08FDDE9042310461946DAF77BFC40B1B3
:10639000059B7E4A002BBCBF2D2384F843307C4BE9
:1063A000D4E763685A1C0AF0DF093BD10623636017
:1063B0004BF480620023226003930CABCDE901A370
:1063C0000BAB009361689DED040B0DF12B03284688
:1063D000FFF7DEFEB9F1470F0B99804629D1C81CA3
:1063E00002DB63688B4241DAAAF1020A5FFA8AFA99
:1063F0000139524604F150000B91FFF728FF0C9A27
:106400001318012A8146236102DC2268D20701D5D4
:10641000013323619DF82B30002BA3D02D2384F86A
:1064200043309FE7B9F1470FC2D1002BC0D1012300
:10643000BDE7BAF1650FDBD9BAF1660F18D10029B3
:1064400063680BDD216113B92268D00702D50133DF
:106450000B442361A1654FF00009DBE713B9226803
:10646000D20701D50233F4E70123F2E74FF0670AC0
:106470000C9B8B4205DC23682161D807EAD54B1CB5
:10648000E7E70029D4BFC1F1020201221344E0E78B
:1064900023685A0507D42369424631462846B8473F
:1064A000013028D168E7BAF1650F40F2DB80D4E90A
:1064B000120100220023DAF7B3FB90B3354A01231F
:1064C00031462846B84701303FF456AFDDE90B3876
:1064D000434502DB2368D8070DD5DDE907233146A4
:1064E0002846B84701303FF447AF4FF0000908F1A4
:1064F000FF38C84509DC23689B0700F10481E06888
:106500000D9B9842B8BF184638E7012304F11A02E0
:1065100031462846B84701303FF42EAF09F1010952
:10652000E7E70B9B834237DC1A4A012331462846B2
:10653000B84701303FF420AFDDE90B3959EA0303D6
:1065400002D12368D907D6D5DDE90723314628468D
:10655000B84701303FF410AF4FF0000A0B9B5B428D
:10656000534501DC4B4697E7012304F11A023146FB
:106570002846B84701303FF4FFAE0AF1010AEDE7C3
:10658000FFFFEF7FEEE10208EAE10208F6E1020810
:10659000F2E10208FAE10208A36DDDF830B05B45D4
:1065A000A8BF5B46002B049337DC4FF0000904F1D1
:1065B0001A02049BD4F858A0002BACBFAAEB03032B
:1065C00053464B4531DC0B9B9B453ADC2368DA078D
:1065D00037D40B9BABEB0309ABEB0A039945A8BF80
:1065E0009946B9F1000F34DC4FF000080B9BB9F16C
:1065F000000FABEB0303A8BFA3EB090343457FF7F1
:106600007AAF012304F11A0231462846B847013017
:106610003FF4B2AE08F10108E8E7049B4246314678
:106620002846B8470130C0D1A6E6012331462846A6
:106630000992B84701303FF49FAE099A09F1010968
:10664000B7E7DDE9072331462846B8470130C0D116
:1066500092E64B4608EB0A0231462846B84701301D
:10666000C2D189E6DDF830A0BAF1010F01DCDB0709
:1066700035D50123424631462846B84701303FF41C
:106680007BAEDDE9072331462846B84701303FF4A9
:1066900073AED4E91201002200230AF1FF3ADAF7BF
:1066A000BFFAC8B9534608F1010231462846B84737
:1066B00001300DD160E6012304F11A02314628466B
:1066C000B84701303FF458AE08F10108D045F2DB7D
:1066D0004B4604F15002E0E64FF00008F6E70123D4
:1066E0004246E2E7012304F1190231462846B84741
:1066F00001303FF441AE08F10108E3680D995B1ADF
:106700004345EFDCFBE64FF00008F6E72DE9F047E4
:10671000914698468A680B69089E9342B8BF134613
:10672000C9F8003091F8432007460C4612B10133F6
:10673000C9F800302368990642BFD9F80030023307
:10674000C9F80030256815F0060507D104F1190ACB
:10675000E368D9F800209B1AAB4229DC94F8433057
:106760002268003B18BF012392062ED404F1430295
:1067700041463846B047013021D02368A1682269DC
:1067800003F00603042B01BFE568D9F80030ED1AC9
:1067900025EAE57518BF00258B1A2B449142C8BF26
:1067A0001D464FF000091A344D451AD1002008E06B
:1067B0000123524641463846B047013003D14FF0DD
:1067C000FF30BDE8F0870135C2E7E1185A1C3020E0
:1067D00081F84300224494F8451082F843100233B4
:1067E000C4E70123224641463846B0470130E6D08F
:1067F00009F10109D8E700002DE9F04398460B7E26
:1068000085B0782B174606460C9A0C4609D8622BA1
:1068100001F1430108D8002B00F0DC80582B00F078
:10682000BD8004F1420539E0A3F163001528F8D8D2
:1068300001A555F820F000BF91680208A56802087C
:1068400023680208236802082368020823680208F4
:10685000A568020823680208236802082368020862
:1068600023680208B5690208D16802086369020852
:106870002368020823680208DD6902082368020809
:10688000D168020823680208236802086B690208BD
:106890001368191D1B68116004F1420584F8423029
:1068A0000123A8E013682568181D1060280601D58B
:1068B0001B6803E06A06FBD5B3F90030002B03DA4E
:1068C0002D225B4284F84320DFF878C10A2213E0CE
:1068D0002568106815F0800F50F8043B02D16D0652
:1068E00048BF9BB21060227EDFF858C16F2A5DD18D
:1068F0000822002084F843006568A560002D05DBB0
:1069000020681D4320F00400206051D00D46B3FBE9
:10691000F2F002FB103E9A421CF80EE005F801ED81
:106920000346F4D9082A0BD12368DA0708D523696E
:1069300062689A42DEBF302305F8013C05F1FF355D
:10694000491B2161CDF800803B4603AA2146304611
:10695000FFF7DCFE013053D14FF0FF3005B0BDE84A
:10696000F083236843F020032360DFF8DCC0782342
:1069700084F845302068156810F0800F55F8043B06
:1069800003D110F0400F18BF9BB21560C50744BF7C
:1069900040F02000206023B11022AAE7DFF8A4C055
:1069A000E6E7226822F020022260F5E70A22A0E74B
:1069B0000D46B7E71368D4F800C060691D1D156067
:1069C0001CF0800F1B6801D0186003E01CF0400F22
:1069D000FAD01880002323610D46B3E71368191D10
:1069E00011601D68626800212846D9F759FE08B178
:1069F000401B606063682361002384F84330A1E793
:106A000023692A4639463046C0470130A4D023685E
:106A10009B0714D4E068039B9842B8BF18469DE7D3
:106A2000012304F1190239463046C047013093D0A2
:106A30000135E36803995B1AAB42F1DCEAE7002514
:106A4000F7E700BFFCE102080DE2020870B5054659
:106A50000C46D1B118B1036A0BB900F0F3F900F09C
:106A600093F9636EDE0705D4A389980510D4A06D51
:106A700001F016FAB4F90C3053B9636ED90702D499
:106A8000A06D01F00EFA00F085F90026304670BDC9
:106A90002146284600F03AF8236B064633B1216AB6
:106AA000284698470028B8BF4FF0FF36A3891A063A
:106AB00003D52169284602F069F8616B41B104F100
:106AC0004403994202D0284602F060F80023636331
:106AD000A16C21B1284602F059F80023A3640023D9
:106AE000A381636EDB0702D4A06D01F0DAF9A06D1B
:106AF00001F0D5F900F04EF9C8E70000024B01465D
:106B00001868FFF7A3BF00BFA8030020B1F90C204D
:106B10002DE9F041160705460C4651D44B68002B71
:106B200002DC0B6C002B49DDE66A002E46D0002308
:106B300012F480522F682B6031D0626DA3895907FF
:106B400005D56368D21A636B0BB1236CD21A00238C
:106B5000E66A216A2846B047421CB4F90C3006D1D7
:106B600029681D2945D8284ACA40D60741D50022A0
:106B70006260D9042269226004D5421C01D12B68CD
:106B800003B96065616B2F60C1B104F144039942A0
:106B900002D0284601F0FAFF002363630EE0216A69
:106BA00001232846B0470246501CC7D12B68002B52
:106BB000C4D01D2B01D0162B1AD12F6000201DE050
:106BC0000F69002FFAD093070E6808BF4B690F605A
:106BD00018BF0023A6EB07088B60B8F1000FEDDDAE
:106BE000216AA66A43463A462846B047002807DC91
:106BF000A38943F04003A3814FF0FF30BDE8F0814B
:106C00000744A8EB0008E8E70100402038B50B690D
:106C100005460C4613B91D46284638BD18B1036A0F
:106C20000BB900F00FF9B4F90C30002BF3D0626E01
:106C3000D00704D4990502D4A06D01F031F928469B
:106C40002146FFF763FF636EDA070546E4D4A389A4
:106C50009B05E1D4A06D01F024F9DDE7014620B9E0
:106C6000044A0549054800F09DBA054B1868FFF72E
:106C7000CDBF00BF300200200D6C0208AC03002025
:106C8000A8030020002310B50446C0E90033C0E982
:106C90000433836081814366C2818361194608227F
:106CA0005C3000F087FD0D4B63620D4BA3620D4B12
:106CB000E3620D4B23630D4B24629C4206D003F12B
:106CC0006802944202D0D0339C4205D104F15800AE
:106CD000BDE8104001F0E2B810BD00BF89740208A1
:106CE000AB740208E374020809750208E087032008
:106CF000024A0349034800F055BA00BF30020020A1
:106D00000D6C0208AC03002041680C4B994210B591
:106D1000044601D0FFF77AFFA168094B994202D0DF
:106D20002046FFF773FFE168064B994204D02046E6
:106D3000BDE81040FFF76ABF10BD00BFE087032029
:106D400048880320B088032010B50A4B0A4A1A600D
:106D50000A4800220421FFF795FF09480122092172
:106D6000FFF790FFBDE81040064802221221FFF70E
:106D700089BF00BF18890320F16C0208E087032057
:106D800048880320B0880320014801F089B800BF7B
:106D900021890320014801F084B800BF2189032024
:106DA000F8B50746FFF7F0FF234B1B680BB9FFF759
:106DB000CBFF224ED6E90134013B0FD53568002DBB
:106DC00038D14FF4D6713846FEF7BAFA044628BBDC
:106DD0003060FFF7DFFF0C233B601BE0B4F90C5081
:106DE000D5B9174BE36004F15800656601F056F819
:106DF000FFF7D0FFC4E90155C4E904552560A5613A
:106E00000822294604F15C0000F0D4FCC4E90D55C9
:106E1000C4E912552046F8BD6834CDE70423056067
:106E200043600C302946A0604FF4D07200F0C2FCE1
:106E3000254634602E46BDE7188903203002002025
:106E40000100FFFF10B50446FFF79EFF236A1BB148
:106E5000BDE81040FFF79EBF044B2362044B1B6844
:106E6000002BF5D1FFF770FFF2E700BF096D0208B4
:106E700018890320F7B50D46114601AA064603F00E
:106E800089F90746B0B13046FFF78AFF044688B15A
:106E90002946019A4FF4DB73304600F077FF051E58
:106EA0000CDAFFF771FF0023A06DA38100F0F7FF5C
:106EB000FFF770FF0024204603B0F0BD636EDB07D0
:106EC00005D4A389980502D4A06D00F0E9FF0E4B0C
:106ED00063620E4BA3620E4BE362F9050D4BE58135
:106EE000A7812462236305D5022300222146304670
:106EF00000F056F9636EDA07DDD4A3899B05DAD476
:106F0000A06D00F0CEFFD6E789740208AB740208CA
:106F1000E374020809750208024B0A460146186824
:106F2000FFF7A8BFA80300200EB403B5014603ABCA
:106F3000054853F8042B0068019303F017F802B0DA
:106F40005DF804EB03B07047A80300202DE9F74F6C
:106F50001F4613467B430C9C8346884691469A46BF
:106F600045D018B1036A0BB9FFF76CFF636EDE07FB
:106F700005D4A3899D0502D4A06D00F091FF63683C
:106F8000002B01DA002363605646D4E90015B542B0
:106F900011D33246404600F085FF63689B1B636057
:106FA000236833442360636EDA0702D4A3899B0508
:106FB00023D5BA461BE040462A4600F073FF2368FB
:106FC0002B4423602146731B5846A844019300F0CC
:106FD0009FF980B1636ED80705D4A389990502D4BF
:106FE000A06D00F05EFF5544AD1BB5FBF9FA5046AD
:106FF00003B0BDE8F08F019EC7E7A06D00F051FF20
:10700000D7E7000007B5009313460A460146034838
:107010000068FFF79BFF03B000BD00BFA80300207E
:107020002DE9F34705460E4690461C4618B1036A03
:107030000BB9FFF707FF676E17F0010705D1A389AA
:10704000980502D4A06D00F02BFF01AA4146284606
:1070500003F0A0F8814678B92FB9A389990502D425
:10706000A06D00F01EFF21462846FFF7EFFC00242C
:10707000204602B0BDE8F087B4F90C3053B92023A4
:10708000A381AEB9236B002B5DD14FF0090A4FF0FD
:10709000FF3817E01A0703D521462846FFF7B6FD4B
:1070A000236B002BEDD0002EECD0216A28469847A8
:1070B000019A4FF4DB733146284600F067FED5F89D
:1070C00000A08046A3891B0603D52169284601F04C
:1070D0005DFD616B0026C4E90166C4E904662660B3
:1070E000A66139B104F14403994202D0284601F067
:1070F0004DFD6663A16C0026A66319B1284601F018
:1071000045FDA664A38923F40053A381636E002682
:1071100023F40053E66463660822314604F15C0000
:1071200000F048FBB04512DAFFF72EFEA681C5F845
:1071300000A017B9A06D00F0B4FEA06D00F0AFFE86
:10714000FFF728FE93E7216A284698479DE70B4BF7
:1071500063620B4BA3620B4BE3620B4BA4F80C90E6
:10716000A4F80E8024622363002F81D119F4007FDC
:107170007FF47EAFA06D00F094FE79E78974020879
:10718000AB740208E37402080975020813460A4644
:10719000014602480068FFF743BF00BFA803002074
:1071A00000F048BA2DE9F843804689461446002687
:1071B000D4E90175013F05D52468002CF8D130468B
:1071C000BDE8F883AB89012B07D9B5F90E3001333F
:1071D00003D029464046C84706436835EAE72DE90B
:1071E000F843089C0646894690461F4618B1036A34
:1071F0000BB9FFF727FE636EDD0705D4A389980559
:1072000002D4A06D00F04CFEA389190718D523699C
:10721000B3B108FB07F70025BD421FD0A26819F8DB
:107220000510013A002AA26004DAA3699A420FDB32
:107230000A290DD023685A1C226019700135EBE72A
:107240002146304600F0A2F90028E2D0002505E0F2
:107250002246304600F05CF90130EFD1636EDA0768
:1072600005D4A3899B0502D4A06D00F01AFEB5FBDE
:10727000F8F0BDE8F883000007B5009313460A460E
:10728000014603480068FFF7AAFF03B000BD00BF36
:10729000A803002038B5164B1D68044625B12B6A9B
:1072A00013B92846FFF7CEFD636ED80705D4A3892E
:1072B000990502D4A06D00F0F3FD6368013B002B3B
:1072C00063600FDA2846214600F094F80546636EA5
:1072D000DA0705D4A3899B0502D4A06D00F0E1FD77
:1072E000284638BD23685A1C22601D78EFE700BF8E
:1072F000A80300208B8903F00903092B03D1034B5A
:107300001868FFF783BC0020704700BFA803002067
:1073100070B505460C4618B1036A0BB9FFF792FD2C
:1073200000236360B4F90C309E0608D4580743D498
:10733000D90607D409222A6043F04003A3814FF005
:10734000FF3070BD1A070AD521462846FFF75EFCBC
:107350000028F4D1A389A06023F00803A06143F0C2
:107360000403A38123691BB92146284602F06CFF60
:10737000B4F90C60B3070FD001231B4A1B491C480A
:10738000A381FFF70FFFA68106F00906092E03D19E
:1073900021462846FFF7BAFB2269666A6369216ABB
:1073A00022602846B0470028606017DCB4F90C3032
:1073B00016D143F02003C1E7616B0029D2D004F15C
:1073C0004403994202D0284601F0E0FB00236363A6
:1073D000236C6360002BC5D0E36B23600020B0E713
:1073E00000226260A8E700BF30020020F5720208A8
:1073F000AC03002038B505460C4618B1036A0BB93A
:10740000FFF720FD21462846FFF782FF38B9636861
:10741000013B636023685A1C2260187838BD4FF026
:10742000FF30FBE70CB430B5154B0C1E1D689DB04A
:1074300008DA8B232B604FF0FF301DB0BDE83040E1
:1074400002B070474FF000031B9318BF0123E31AEB
:10745000049307930B4B029006900593209A21AB5F
:1074600002A92846019302F061FC431CBCBF8B2398
:107470002B60002CE1D0029B00221A70DDE700BFD8
:10748000A80300200802FFFF10B50C46B1F90E104A
:1074900000F08EFC0028ABBF636DA3891B1823F49A
:1074A0008053ACBF6365A38110BD2DE9F0411F4639
:1074B0008B89DB0505460C46164605D5B1F90E103D
:1074C0000223002200F050FCA389B4F90E1023F42B
:1074D0008053A38132463B462846BDE8F04100F088
:1074E000A1BC10B50C46B1F90E1000F03DFCB4F98A
:1074F0000C30421C0BBF23F4805343F48053A38110
:10750000A38118BF606510BDB1F90E1000F00ABC70
:10751000F8B505460F46144618B1036A0BB9FFF7D4
:1075200091FCA369A360A3891A0701D5236943B914
:107530002146284600F02AF818B14FF0FF363046B1
:10754000F8BD23692068C01A6369834205DC2146BF
:107550002846FFF75BFB0028EFD1A368013BA3603F
:1075600023685A1C22601F70636901308342FEB297
:1075700004D0A389DB07E2D50A2EE0D121462846B4
:10758000FFF744FB0028DAD0D7E7000038B5284BD6
:10759000054618680C4618B1036A0BB9FFF752FC90
:1075A000B4F90C30190720D4DA0607D409222A606E
:1075B00043F04003A3814FF0FF3031E0580711D56D
:1075C000616B41B104F14403994202D0284601F0B5
:1075D000DDFA002363630022A389626022692260CE
:1075E00023F0240343F00803A38123694BB9A38943
:1075F00003F42073B3F5007F03D02146284602F040
:1076000023FEB4F90C3013F001020AD00022A2606C
:1076100062695242A261226942B913F08000C7D167
:1076200038BD990758BF6269A260F4E70020F7E708
:10763000A80300202DE9F84305460C4690461E4657
:1076400018B1036A0BB9FFF7FDFB636ED90705D4C8
:10765000A3899A0502D4A06D00F022FCA38903F44B
:107660008473B3F5847F03D121462846FFF7CEFA11
:10767000D4F82C90B9F1000F02D11D232B6058E0F3
:10768000012E3AD036F0020362D123691BB921469C
:10769000284602F0D9FD21462846FFF7B7FA0746EB
:1076A000002846D1216A334642462846C847013061
:1076B0003FD0616B41B104F14403994202D02846A6
:1076C00001F064FA0023636323692360A389002126
:1076D00023F40263A3810822616004F15C0000F0DE
:1076E00069F8636EDA0705D4A3899B0502D4A06DFF
:1076F00000F0D7FB3846BDE8F88321462846FFF75F
:1077000085FAA28912F480520DD0606DB4F90C3064
:107710005F0714D56368C01A636B0BB1236CC01A82
:1077200080440026B1E73346216A2846C847431CF7
:10773000ECD1636ED8070DD54FF0FF37DAE71E079F
:10774000EED52368002BEBD022699B1A1844E7E79B
:10775000162393E7A3899905EED4A06D00F0A1FB51
:10776000EAE710B501390244904201D1002005E05A
:10777000037811F8014FA34201D0181B10BD01304E
:10778000F2E7884210B501EB020402D98442234695
:1077900007D8431EA14207D011F8012B03F8012F8F
:1077A000F8E70244824200D110BD13F8011D02F82F
:1077B000011DF7E702440346934200D1704703F8E6
:1077C000011BF9E7C9B203461A78184622B18A426A
:1077D00003F10103F8D17047914218BF104670477A
:1077E000D8F74EBF10B50446084611468E2800F261
:1077F0003081DFE810F08F0039019200940096008C
:1078000098009A009C009E00A200A400A800AA0074
:10781000AC00AE002E01B000B200B400B600B8005B
:10782000BE00C000C600C800CA00CC00CE00D20016
:10783000D600D800DA00DC00DE00E000E200E40060
:107840002E012E012E012E012E012E012E012E01C0
:10785000E800EC002E012E012E012E012E012E013A
:107860002E012E012E012E012E012E012E01EE00E1
:107870000801F000F2002E012E012E01F4002E016D
:107880002E012E01F6002E012E01FA002E012E01EE
:10789000FC002E012E012E012E012E012E012E01A3
:1078A0002E012E012E01FE002E0100010201040115
:1078B0002E012E0126012E012E012E012E012E0158
:1078C0002E012E012E01140106010A010C010E01E8
:1078D00010012E01120116011A01EA00C2002C014A
:1078E000BA00D000BC00A000A6002A01F8002E01BA
:1078F0001801C4001E011C012E012E012E012E01B3
:107900002E01D4002E012E012E01E60028012001B7
:1079100022012401554B184610BD554BFBE7554B32
:10792000F9E7554BF7E7554BF5E7554BF3E7554B63
:10793000F1E7554BEFE7554BEDE7554BEBE7554B73
:10794000E9E7554BE7E7554BE5E7554BE3E7554B83
:10795000E1E7554BDFE7554BDDE7554BDBE7554B93
:10796000D9E7554BD7E7554BD5E7554BD3E7554BA3
:10797000D1E7554BCFE7554BCDE7554BCBE7554BB3
:10798000C9E7554BC7E7554BC5E7554BC3E7554BC3
:10799000C1E7554BBFE7554BBDE7554BBBE7554BD3
:1079A000B9E7554BB7E7554BB5E7554BB3E7554BE3
:1079B000B1E7554BAFE7554BADE7554BABE7554BF3
:1079C000A9E7554BA7E7554BA5E7554BA3E7554B03
:1079D000A1E7554B9FE7554B9DE7554B9BE7554B13
:1079E00099E7554B97E7554B95E7554B93E7554B23
:1079F00091E7554B8FE7554B8DE7554B8BE7554B33
:107A000089E7554B87E7554B85E7554B83E7554B42
:107A100081E7554B7FE7554B7DE7554B7BE7554B52
:107A200079E7554B77E7554B75E7554B73E7554B62
:107A300071E7554B6FE7554B6DE7554B6BE7554B72
:107A400069E7554B67E7554B65E7554B63E7554B82
:107A500061E7002B14BF1A46224600F0F9F8524B9A
:107A6000002818BF034656E7504B54E71EE20208B1
:107A700030E202084AE202085AE2020872E2020810
:107A80007CE2020896E20208A8E20208BAE20208D2
:107A9000D3E20208E3E20208EFE202080CE3020884
:107AA0001EE302082FE3020841E302084DE3020847
:107AB00065E3020871E3020883E3020892E3020827
:107AC000A2E30208AFE30208CEE30208DDE3020806
:107AD000EEE3020812E4020830E402084EE4020871
:107AE0006EE4020885E4020894E40208A3E40208B4
:107AF000B7E40208CFE40208DDE40208EAE4020881
:107B000000E502080FE502081BE502084AE5020845
:107B10005BE5020876E5020889E502089FE50208B0
:107B2000A8E50208BFE50208C7E50208D4E5020897
:107B3000E9E50208FDE5020815E6020824E6020868
:107B400035E6020848E6020854E602086DE6020837
:107B500081E602089CE60208B4E60208CEE60208C6
:107B6000D6E6020806E7020825E7020844E702080D
:107B70005BE702086EE7020887E702089EE7020853
:107B8000B4E70208D5E70208EDE7020809E80208B1
:107B90001CE8020832E8020846E8020868E8020821
:107BA0008EE802089FE8020857EA020826E2020867
:107BB00001460348002300681A46FFF713BE00BFC2
:107BC000A803002010B56AB101398418027811F8B1
:107BD000013F9A4204D10130A04201D0002AF5D1E0
:107BE000D01A10BD1046FCE710B50139034632B17A
:107BF00011F8014F03F8014B013A002CF7D11A4458
:107C00000021934200D110BD03F8011BF9E730B504
:107C100003461A7818464AB101334C1E01E09542DA
:107C200005D014F8015F002DF9D1F2E7104630BD00
:107C300070B503461C781E4644B101334A1E01E06C
:107C4000A542F7D012F8015F002DF9D1301A70BDAE
:107C5000002070471F2938B505460C4604D9162365
:107C600003604FF0FF3038BDC26B12B152F82130C3
:107C70004BB9284600F0C0F8224601462846BDE828
:107C8000384000F0A7B8012B0AD0591C03D11623A5
:107C900003600120E7E7002142F8241020469847BE
:107CA0000020E0E7024B01461868FFF7D3BF00BF92
:107CB000A80300201FB5084B6946186800F0AEF80D
:107CC000431C06D0DDE900031844029B1844039BC3
:107CD000184405B000BD00BFA8030020DFB50C4B61
:107CE0004FF0FF364FF0FF37694604460022186810
:107CF000CDE9006700F026F80028B8BFCDE900679D
:107D0000DDE900010CB1C4E9000104B0D0BD00BF41
:107D1000A8030020004870472C030020004870474B
:107D20002C03002038B5064C002305460846236086
:107D300003F01EFA431C02D1236803B12B6038BD47
:107D40001C89032038B5074C002305460846114618
:107D5000236003F025FA431C02D1236803B12B6092
:107D600038BD00BF1C89032038B5074C05460846BE
:107D70001146002222601A4603F02AFA431C02D15F
:107D8000236803B12B6038BD1C89032038B5074C2C
:107D9000054608461146002222601A4603F020FAE2
:107DA000431C02D1236803B12B6038BD1C8903201A
:107DB00038B5074C054608461146002222601A468F
:107DC00003F016FA431C02D1236803B12B6038BDBF
:107DD0001C89032038B5074C002305460846114688
:107DE000236003F0EDF9431C02D1236803B12B603B
:107DF00038BD00BF1C89032003F0CAB938B5064C52
:107E0000002305460846236003F0FAF9431C02D11B
:107E1000236803B12B6038BD1C890320084603F09A
:107E2000FDB9000038B5074C05460846114600224A
:107E300022601A4603F0FAF9431C02D1236803B109
:107E40002B6038BD1C890320014B1868704700BFA8
:107E5000A803002070B50D4B0D4C00261D1BB6EB82
:107E6000A50F09D103F0ECF90A4C0B4B00261D1BA2
:107E7000B6EBA50F05D170BD54F8043B9847013609
:107E8000EDE754F8043B98470136F1E738ED020876
:107E900038ED020838ED02083CED020870477047E3
:107EA000704770470A44914200F1FF3300D1704798
:107EB00010B511F8014B03F8014F9142F9D110BDF3
:107EC0009FED010B704700BF000000000000F87F2D
:107ED0002DE9F74F03690C69A34280467EDB013C24
:107EE00001F11407A30000F11405009305EB8403CE
:107EF000019357F8243055F8242001339A4207EBB8
:107F00008409B2FBF3F62ED34FF0000ABC46AE460E
:107F1000D3465CF8043B98B206FB00A0020C1B0C95
:107F200006FB0323DEF8002080B292B2121A5A44F4
:107F3000DEF800004FEA134A9BB2C3EB224303EB87
:107F4000104392B242EA0342E1454EF8042B4FEA55
:107F5000234BDED2009BEB582BB9019B1A1F954295
:107F600030D3C8F81040404601F07AFC002825DBE9
:107F700001362946002057F8042BD1F800C01FFA1B
:107F800082FE1FFA8CF3A3EB0E030344120CC2EB28
:107F9000234202EB1C429BB243EA0243B94541F83B
:107FA000043B4FEA2240E6D255F8242005EB840337
:107FB00022B9043B9D420BD3C8F81040304603B0B1
:107FC000BDE8F08F1368002BCBD1043A013CC6E723
:107FD0001A68002AF0D1043B013CEBE70020EEE7F1
:107FE0002DE9F04F99B08DED0E0B0C92C269229CD9
:107FF0000A9157EC106B8146139382B91020FDF75C
:1080000075F90246C9F81C0020B9A94BEF21A9480F
:1080100002F076F90023C0E901330360C360116800
:1080200059B152684A60012393408B60484601F081
:108030007FF9D9F81C3000221A60B7F10008B5BFEB
:1080400001230023236023609B4BBCBF28F0004822
:10805000CDF83C8033EA08031AD1139AC8F3130809
:1080600042F20F7358EA0608136000F06185239B03
:1080700053B9924B21E0924B00930833239A13603B
:10808000009819B0BDE8F08F8C4B00930333F5E7EF
:108090009DED0E7B002251EC170B00238DED067B2E
:1080A000D8F7BEFD824650B1139A01231360239B7B
:1080B00013B1239A834B1360834B0093E0E79DED4C
:1080C000060B16AA17A9484601F0EEFC5FEA185401
:1080D000169D019079D0079BCDF850A0C3F31303F0
:1080E000DDE9060143F07F5343F44013A4F2FF346B
:1080F00019460022754BD8F78FF867A3D3E9002300
:10810000D8F726FB66A3D3E90023D8F787F80646FD
:1081100020460F46D8F7CEF963A3D3E90023D8F75A
:1081200017FB02460B4630463946D8F777F8064625
:108130000F46D8F7BDFD0022804600233046394661
:10814000D8F778FD48B14046D8F7B4F932463B46F7
:10815000D8F766FD08B908F1FF38B8F1160F51D805
:108160005B4B03EBC803D3E90023DDE90601D8F735
:1081700061FD002848D008F1FF38002312932D1B21
:108180006B1E089343BF0023C5F101070893002726
:10819000B8F1000F3ADB089BCDF8348043440893D4
:1081A000002309930A9B092B62D8052BC4BF043B0B
:1081B0000A930A9BA3F10203CCBF00240124032BE2
:1081C00062D8DFE803F05153362B179C2C4404F29D
:1081D0003243202BC1BFC3F1400308FA03F804F275
:1081E000124326FA03F3D6BFC3F1200348EA030083
:1081F00006FA03F0D8F74EF90122A1F1F873013C19
:10820000149275E70123B9E71290B8E7C8F10003AB
:1082100009930023A7EB08070D93C3E701230B93F2
:108220000C9B434405930133012B0493B8BF0123F6
:1082300006E001230B930C9B002B28DDCDE90433D2
:10824000D9F81C000021042202F114059D4243D9F3
:108250004160484601F02EF8009000283FD11D4BA8
:10826000024640F2AF11D2E60023E3E70023D6E74F
:1082700001240023CDE90A344FF0FF330022CDE979
:1082800004330C921223DBE701230B93F4E7012361
:10829000CDE904330C93D3E761436F63A787D23FE3
:1082A000B3C8608B288AC63FFB799F501344D33FE5
:1082B000C9E80208E0E802080000F07FC5E802080B
:1082C000BCE80208FBE10208FAE102080000F83FFE
:1082D000E0EB02083BE9020801315200B4E7D9F8AB
:1082E0001C30009A1A60049B0E2B75D8002C73D09A
:1082F000B8F1000F40F3C4809F4B08F00F0203EB6E
:10830000C20318F4807FD3E900AB4FEA281500F0D0
:10831000A3809A4BDDE90601D3E90823D8F742FB95
:10832000CDE9020105F00F050324944E002D40F025
:10833000998052465B46DDE90201D8F733FB82465D
:108340008B46129B002B00F0C3808D4B00225046C1
:108350005946D8F76FFC002800F0BA80049B002B28
:1083600000F0B680059B002B36DD08F1FF33029349
:1083700050465946834B0022D8F7EAF9059E8246BB
:108380008B4601342046D8F795F852465B46D8F71D
:10839000DFF97D4B0022D7F741FF0446A1F150756C
:1083A000CDE91045002E40F09780784B00225046D2
:1083B0005946D7F731FF22462B4682468B46D8F7DF
:1083C00057FC002840F0BD82224605F1004350468C
:1083D0005946D8F72FFC20BB179B002BC0F28D818C
:1083E000B8F10E0F00F38981634B03EBC803D3E9A7
:1083F00000AB0C9B002B80F21B81049B002B00F335
:1084000017810ED1614B002250465946D8F7A0F98A
:1084100002460B46DDE90601D8F716FC002800F0FD
:10842000938200252C460C9B009EDB43029327463B
:1084300000242946484600F07BFF002F00F0EE8024
:108440002CB1BC4203D02146484600F071FF3946AA
:10845000484600F06DFFE1E09DED067B02248DEDC6
:10846000027B62E7E90708D550465946D6E9002362
:10847000D8F76EF9013482468B466D10083655E701
:1084800022D0C8F100053C4B3C4E05F00F0203EB37
:10849000C203D3E90023DDE90601D8F759F92D110C
:1084A00082468B460224002D3FF44BAFEA0708D5E5
:1084B00050465946D6E90023D8F74AF90134824696
:1084C0008B466D100836EEE7DDE906AB022438E78F
:1084D000049ECDF8088055E7274B03EBC60353E90C
:1084E00002010B9B002B55D002460B460020284969
:1084F000D8F758FADDE91023D7F78EFE009BCDE9B7
:1085000010019D191E4659465046D8F7D1FB00F17F
:108510003004D7F7CFFF02460B4650465946D7F7EF
:108520007BFEDDE9102306F8014B82468B46D8F727
:1085300081FB002872D152465B4611490020D7F7D3
:108540006BFEDDE91023D8F775FB002840F0B680FC
:10855000AE423FF441AFDDE910010A4B0022D8F7EB
:10856000F7F8084BCDE91001002250465946D8F7DC
:10857000EFF882468B46C6E7E0EB0208B8EB02084C
:108580000000F03F0000244000001C4000001440A8
:108590000000E03FDDE91023D8F7DAF8009B009CEB
:1085A000CDE910013344159359465046D8F780FB66
:1085B00000F13005D7F77EFF0B460246594650467C
:1085C000D7F72AFE04F8015B159B9C4282468B4636
:1085D00027D1009B0022DDE910011E44AA4BD7F7EA
:1085E0001DFE02460B4650465946D8F741FB00286F
:1085F00064D1DDE91023A4490020D7F70DFE02461F
:108600000B4650465946D8F715FB00283FF4E4AE18
:10861000334616F8012D302AFAD01E46DDF80880C0
:108620003AE09A4B0022D8F793F882468B46BBE794
:10863000009E52465B46DDE90601D8F7B3F9D8F74C
:1086400037FB0746D7F736FF52465B46D8F780F828
:1086500002460B46DDE90601D7F7DEFD07F1300CD7
:10866000009C06F801CBA6EB040C049C6445024672
:108670000B4633D1D7F7D2FD52465B4604460D4632
:10868000D8F7F6FAC0B952465B4620462946D8F7D5
:10869000C7FA08B1FB070FD40199484600F048FE1D
:1086A0000023139A337008F101031360239B002BFE
:1086B0003FF4E6AC1E60E3E4CDF8088033461E4686
:1086C00013F8012D392A06D1009A9A42F7D1029A5D
:1086D00001320292302201321A709FE76B4B002266
:1086E000D8F736F802460B46CDE9062300220023D0
:1086F000D8F796FA00289CD0CEE70B9A002A00F013
:10870000DF800A9A012A00F3C380149A002A00F03D
:10871000B78003F23343099D3E46089A01211A446B
:1087200048461F44089200F001FF044656B1089BDA
:10873000002B07DDB342089AA8BF3346FF1AF61A8A
:10874000D31A0893099B0BB30B9B002B00F0BF803F
:10875000002D00F0B98021462A46484600F0B2FFBD
:10876000019A01460446484600F0F6FE0199824609
:10877000484600F0DDFD099B5B1B099300F0AA80D1
:10878000099A5146484600F09DFF01900121484654
:1087900000F0CCFE0D9B0546002B00F0D0811A4660
:1087A0000146484600F08EFF0A9B012B054600F368
:1087B00099800E9B002B40F090800F9BC3F3130316
:1087C000002B40F08A800F9B23F000431B0D1B05FC
:1087D000002B00F08580089B0133013708934FF090
:1087E000010A0D9B002B00F0B0812B6905EB830380
:1087F000186900F04FFEC0F12000089B184410F0EB
:108800001F0076D01B2870DCC0F11C000744064412
:1088100003440893002F05DD01993A46484600F0CD
:10882000ADFF0190089B002B05DD29461A464846FE
:1088300000F0A4FF0546129B002B5FD0019829464B
:1088400001F00EF8002859DA08F1FF33029301997C
:1088500000230A22484600F08DFD0B9B0190002B5F
:1088600000F07581002321460A22484600F082FD6F
:10887000059B002B044671DC0A9B022B47DC6DE054
:10888000169BC3F1360346E70000E03F000024409A
:10889000049B5D1E099BAB4208DB5D1B049B002B08
:1088A000BFF63AAF049BFE1A002336E7099B0D9AE8
:1088B0000995EB1A1A440D92049B3E4600252CE7BD
:1088C000099D0B9C3E4631E7DDF804A058E7099A64
:1088D000019957E7CDF804A058E74FF0000A80E768
:1088E0009A467EE74FF0000A7FE71C2892D0C0F13D
:1088F00020001C30089B0744064489E7049BCDF800
:108900000880002B24DC05930A9B022B22DD059BAB
:10891000002B7FF488AD2946059B0522484600F0D0
:1089200029FD01460546019800F09AFF00287FF7CF
:108930007AAD009E312306F8013B029B013302937E
:1089400075E535462C46F4E7049DCDF80880F9E737
:10895000049B05930B9B002B00F0FD80002E05DD92
:1089600021463246484600F009FF0446BAF1000F9E
:1089700058D06168484600F09DFC064628B9814BF6
:10898000024640F2EF21FFF742BB22690232920019
:1089900004F10C010C30FFF785FA012231464846FC
:1089A00000F0ECFE0746009B009A03F10108059BCE
:1089B000134406930E9B03F0010308932946019884
:1089C000FFF786FA2146049000F1300B019800F081
:1089D00047FF3A4605902946484600F05DFFC268C9
:1089E00008F1FF3A0646FAB90146019800F038FF4F
:1089F000024631464846099200F09AFCDDE9092317
:108A000042EA0301089B194346460FD1BBF1390FD7
:108A100028D0059B002B02DD049B03F1310B8AF863
:108A200000B006E52746BEE70122E2E7059B002BE2
:108A300004DB0A990B4308990B4320D1002AEEDD91
:108A400001990122484600F099FE2946019000F064
:108A500007FF002803DCE2D11BF0010FDFD0BBF1E0
:108A6000390FD9D139238AF8003033461E46013BED
:108A700016F8012C392A52D001321A70D9E4002A92
:108A800007DDBBF1390FEDD00BF101038AF800309F
:108A9000CFE4069B08F801BC43452AD00199002386
:108AA0000A22484600F066FCBC4201904FF00003E9
:108AB0004FF00A022146484606D100F05BFC04460E
:108AC000074608F1010879E700F054FC39460446EE
:108AD00000230A22484600F04DFC0746F1E7059BBB
:108AE0005E1E002B009BD8BF00265A1C274616444A
:108AF000002401990122484600F040FE29460190D9
:108B000000F0AEFE0028B0DC02D11BF0010FACD1AA
:108B100033461E4613F8012D302AFAD089E4009A14
:108B20009A42A3D1029B013302933123137080E454
:108B3000239B002B7FF49FAA134BFFF7BEBA0A9B1F
:108B4000012B7FF736AEDDF834A0012055E6059BFA
:108B5000002B7FF7D9AE009E01982946FFF7B8F9A0
:108B600000F1300B009B06F801BBF21A059B934203
:108B7000B5DD019900230A22484600F0FBFB019075
:108B8000EAE700BF3BE90208BCE8020837B5002964
:108B900044D051F8043C0190002BA1F10404B8BF6B
:108BA000E418FCF749FC1E4A0198136833B9636066
:108BB000146003B0BDE83040FCF744BCA34208D9C0
:108BC000256861198B4201BF19685B6849192160EA
:108BD000EDE71A465B680BB1A342FAD91168551844
:108BE000A5420BD1246821445418A3421160E0D15E
:108BF0001C685B6853600C441460DAE702D90C23EC
:108C00000360D6E7256861198B4204BF19685B6869
:108C1000636004BF491921605460CAE703B030BDE6
:108C2000DC8703200369B3EB611F2DE9F0434FEAB2
:108C3000611200F1140443DD11F01F0104EB830CF9
:108C400004EB82050CD100F110062946614532D3B0
:108C50009B1A9B00033DAC4538BF0023234414E01E
:108C600054F82260C1F12008CE4005F1040EA1465F
:108C7000F44515D89A1A9200043A0135AC4538BF2C
:108C80000022A318A65006B104331A1BA3424FEAD0
:108C9000A20208BF0023026108BF4361BDE8F08360
:108CA000DEF8007007FA08F7374349F8047B5EF8EE
:108CB000046BCE40DCE751F8047B46F8047FC5E73F
:108CC0002346E2E7A0F13003092B02D82038C0B2D6
:108CD0007047A0F16103052B01D84738F7E7A0F1F1
:108CE0004103052B01D82738F1E700207047000029
:108CF0002DE9F04F85B00F4602930B680190914625
:108D00009C1C20783028A04604F10104F9D0A8EB7F
:108D10000303A3F1020BFFF7D5FF8246002838D1E9
:108D20009F4901224046FEF74DFF0546002863D1CA
:108D300098F801002646FFF7C5FF00285ED020788E
:108D40003028A04604F10104F9D0FFF7BBFFB0FAC8
:108D500080F4640935464FF0010BC24656460AF1CD
:108D6000010A3078FFF7AEFF0028F7D18C490122C5
:108D70003046FEF727FF78B945B9554656460AF101
:108D8000010A3078FFF79EFF0028F7D1AD1BAD0038
:108D900004E000242546E0E7002DF7D1337803F006
:108DA000DF03502B37D173782B2B29D02D2B2BD0D1
:108DB000711C4FF0000A0878FFF784FF431EDBB2F6
:108DC000182B28D8A0F1100211F8010FFFF77AFF35
:108DD000431EDBB2182B1AD9BAF1000F00D0524251
:108DE00015443960CCB1BBF1000F0CBF062700273A
:108DF000384605B0BDE8F08F464655460124CDE71C
:108E00004FF0000AB11CD6E74FF0010AFAE70A2337
:108E100003FB0200D6E73146E3E7A6EB0803013B7C
:108E20002146072B0ADC019800F044FA044640B9B9
:108E30005C4B0246E4215C4801F062FA01315B10B0
:108E4000EFE700F1140A002357469B46B04537D39D
:108E500047F804BBA7EB0A07BB102361584600F094
:108E600019FBD9F80060C0EBC707B74254DDBF1B40
:108E70003946204600F0C4FE804678B17B1E591169
:108E800003F01F025AF821104FF0010808FA02F20D
:108E90000A4203D0434536DC4FF0020839462046EB
:108EA000FFF7C0FE3D44D9F80830AB4242DA0198E2
:108EB000214600F03DFA0E9A00231360A32797E79E
:108EC00016F8012D2E2A12D0202B04D147F804BB0E
:108ED0004FF0000B5B4630780393FFF7F3FE039BE4
:108EE00000F00F0098404BEA000B0433AEE7B045AA
:108EF000EAD82B49039301223046FEF763FE039B19
:108F00000028E1D1A2E7B91E204600F079FE002832
:108F1000C2D04FF00308C1E709DAF71B21460198D8
:108F20003A4600F02BFCED1B044600F1140A4FF00A
:108F30000008B8E7D9F80430AB426FDD5D1BAE42E4
:108F400034DCD9F80C30022B22D0032B24D0012B97
:108F500015D1AE4213D1012E0BD1029AD9F80430AB
:108F6000136001232361CAF800300E9B62271C6046
:108F70003EE7711E204600F043FE0028EDD1019827
:108F8000214600F0D5F90E9A0023136050272FE7F1
:108F90000F9B002BF3D1E0E70F9B002BDDD1EEE719
:108FA000E8E102083BE902084CE902086F1EB8F14B
:108FB000000F30D127B13946204600F021FE80460F
:108FC0007A1101235AF8222007F01F07BB401342F1
:108FD0002946204618BF48F00208761BFFF722FEFC
:108FE000D9F804500227B8F1000F42D0D9F80C305C
:108FF000022B15D0032B17D0012B09D118F0020F2B
:1090000006D0DAF8003048EA030818F0010F0ED154
:1090100047F010072DE04FF00108D1E70127E2E704
:109020000F9BC3F101030F930F9B002BF0D0D4F8DB
:1090300010A004F1140303EB8A0100201A68B2F1B6
:10904000FF3F1BD001321A60022F04F114033CD100
:10905000D9F80020013AB24209D17111012253F826
:10906000213006F01F0602FA06F61E423AD147F0FA
:1090700020070E9B1C60029B1D60B9E643F8040BA1
:109080009942DBD8A3689A4517DB616801980131E2
:1090900000F010F9804618B91A4B02468421CAE63E
:1090A0002269023204F10C0192000C30FEF7FAFE44
:1090B0002146019800F03CF9444623695A1C04EB10
:1090C0008303226101225A61BEE7226952450BDD0A
:1090D00001212046FFF7A6FDD9F808300135AB4243
:1090E000FFF6E5AE0127C2E716F01F06FAD003EB44
:1090F0008A03C6F1200653F8040C00F0CBF9B04205
:10910000E6DBEFE73BE90208C2F10802920070B526
:10911000C2F120064368046803FA06F52C43D340E5
:10912000046040F8043F8842F4D370BD30B5036852
:109130000139013311F8014F14B90360012030BD2A
:1091400013F8012BA2F14105192D98BF2032A2423C
:10915000F0D00020F3E72DE9F04F0B6887B05E11E7
:10916000029013F01F0302EB86060193029B18BFC7
:1091700004360025371F196846F8045C9046B94646
:109180003C46AB46AA464A784B1C039332B3104682
:1091900005910492FFF796FD002851D1049A059994
:1091A000202A16D8DA4512DD4C4506D2072D04DCFC
:1091B0002A4649462046FFF7A7FF444553D90023D6
:1091C000A4F1040944F8043CD3464C461D460399D7
:1091D000D9E7292A59D1029B02311960BAF1000F4F
:1091E00053D04C4506D2072D04DC2A46494620467A
:1091F000FFF78AFF444538D9A8F10402234653F803
:10920000041B42F8041F9F42F9D23B1B23F00303C7
:109210000134033EB44288BF002308F10402134422
:1092200000211A4604339F421160FAD23B681BB9F1
:10923000474528D101233B60052007B0BDE8F08FEA
:109240000135082D0AF1010A06DD4445BFD9002386
:1092500044F8043C0125043C226800F00F0040EA79
:1092600002102060B3E70825B1E7019B002BDDD099
:10927000C3F120034FF0FF32DA4056F8043C1340AC
:1092800046F8043CD2E7043FD0E70420D5E782B09B
:1092900001B901A942B14BB113780B601278101ECD
:1092A00018BF012002B070471046FBE76FF00100C5
:1092B000F8E7000070B5C46905460E4684B9102071
:1092C000FCF714F80446E86128B90246164B174823
:1092D0006B2101F015F80023C0E901330360C3607E
:1092E000E36853B921220421284601F027F8EB69ED
:1092F000E060DB680BB9002070BD53F8260030B188
:10930000026843F826200023C0E90333F4E7012173
:1093100001FA06F4621D9200284601F00FF80028B9
:10932000E9D0C0E90164EEE7C9E80208AFE9020844
:1093300070B5C46906460D4674B91020FBF7D6FF18
:109340000246F06120B9094B09488F2100F0D8FF8F
:10935000C0E901440460C4603DB1F3696A68DB6838
:1093600053F82210296043F8225070BDC9E8020862
:10937000AFE902082DE9F0410D6907460C461E468B
:1093800001F1140C0020DCF8003099B202FB0161FD
:109390001E0C0B0C02FB063389B2013001EB0341BA
:1093A00085424CF8041B4FEA1346ECDC0EB3A3686D
:1093B000AB4219DC616838460131FFF77BFF80461C
:1093C00028B902460C4B0D48BA2100F099FF2269DA
:1093D000023204F10C0192000C30FEF763FD2146CD
:1093E0003846FFF7A5FF444604EB850301355E616F
:1093F00025612046BDE8F0813BE90208AFE902089B
:109400002DE9F843884614461F46092208330646CC
:1094100093FBF2F3002101229A4209DB3046FFF769
:1094200049FF40B90246194B1948D32100F068FFA3
:1094300052000131F0E7089B4361092C4FF0010312
:10944000036108DC08F10A050924641B2B199F42FB
:1094500012DCBDE8F88308F10905A946A04419F813
:10946000013B0146303B0A223046FFF783FFC145EE
:10947000F5D12544083DE8E715F8013B0146303BAE
:109480000A223046FFF776FFE0E700BF3BE902081B
:10949000AFE90208B0F5803F034636BF0304002061
:1094A0001020B3F1807F3CBF1B020830B3F1805F16
:1094B0003CBF1B010430B3F1804F3CBF9B00023026
:1094C000002B04DB5B0001D5013070472020704782
:1094D000036813F0070201460BD0DA0722D498077D
:1094E00049BF5B089B0801200B605CBF0B6002203A
:1094F000704798B2A0B91B0C1020DAB20AB9083034
:109500001B0A1A0704BF1B0904309A0704BF9B08F3
:109510000230DA0702D45B0806D001300B607047D6
:109520001046EAE7002070472020704710B50C462F
:109530000121FFF7BFFE024628B9054B054840F25E
:10954000451100F0DDFE01234461036110BD00BF41
:109550003BE90208AFE902082DE9F04FD1F810808D
:10956000D2F81090C84585B00E46144604DB4B4631
:109570000C46C14616469846A368616809EB080781
:10958000BB42B8BF0131FFF795FE30B902464B4BE5
:109590004B484FF4B17100F0B3FE00F1140505EB38
:1095A000870B2B4600225B4522D306F1140101EB09
:1095B000880304F1140C0CEB890C029304F11503DD
:1095C00063458CBF002301230093ACEB0403153BE0
:1095D0009B080193029B03918B420CD8002F03DD63
:1095E0005BF8043D002B67D0076105B0BDE8F08F44
:1095F00043F8042BD7E7B1F800A0BAF1000F28D048
:1096000004F11408A9464FF0000E58F8042BD9F8BD
:10961000003096B29BB20AFB0633D9F80060120CF8
:10962000360C73440AFB026606EB13469BB243EA10
:109630000643C44549F8043B4FEA164EE5D8009A64
:10964000019B002A4FEA830308BF00232B44C3F881
:1096500004E0039BB3F802E00431BEF1000F29D00F
:109660002B6804F114069846A9464FF0000A328888
:109670000EFB02A202EB18429BB243EA024349F8F6
:10968000043B56F8043BD9F800804FEA134A1FFA0E
:1096900088F30EFB0A3303EB1243B4454FEA134A37
:1096A000E5D8009E019A002E4FEA820208BF0022F0
:1096B0002A44536004358DE7013F8FE73BE90208F8
:1096C000AFE902082DE9F843174612F0030280467D
:1096D0000D4607D0264C013A002354F82220FFF70C
:1096E00049FE0546BF103FD0D8F81C4094B9102061
:1096F000FBF7FCFD0446C8F81C0030B902461D4BC0
:109700001D4840F2B31100F0FBFD0023C0E9013316
:109710000360C360A66846B940F271214046FFF776
:1097200005FF0023A060064603602C464FF00009A9
:1097300007F001037F1053B1294632464046FFF738
:109740000BFF214605464046FFF7F2FD67B1306842
:1097500038B9324631464046FFF7FEFE3060C0F869
:10976000009006462C46E3E72846BDE8F88300BF94
:10977000ACEB0208C9E80208AFE902082DE9F84F8E
:109780000C4649682669A36806EB621607469146AF
:109790004FEA621A06F1010843450BDB3846FFF732
:1097A00089FD054648B902462B4B2C484FF4EF7112
:1097B00000F0A6FD01315B00EEE700F1140100238B
:1097C0000A461846534539DB20692AEAEA7A01EB52
:1097D0008A0104F1140319F01F098C4603EB800081
:1097E00030D0C9F1200A4FF0000E1A68E34602FAA1
:1097F00009F242EA0E02CBF8002053F8042B9842FB
:109800000CF1040C22FA0AFEEFD8031B153B23F0DF
:10981000030304F11502904238BF00231944C1F834
:1098200004E0BEF1000F00D1B0463846C5F8108004
:109830002146FFF77DFD2846BDE8F88F42F8040B6E
:109840000133BFE753F8041BCCF8001098420CF129
:10985000040CF7D8E8E700BF3BE90208AFE90208CB
:1098600003690A699B1A30B50ED11430143100EB2C
:10987000820401EB820154F8045D51F8042D9542F5
:1098800004D006D24FF0FF33184630BDA042F2D3C9
:10989000FAE70123F8E700002DE9F74F8A4606466C
:1098A000114650461446FFF7DBFF051E12D129462C
:1098B0003046FFF7FFFC024628B9414B40F2372102
:1098C000404800F01DFD0123C0E90435104603B0F7
:1098D000BDE8F08FBCBF5346A2463046DAF804100C
:1098E000BABF1C4601250025FFF7E4FC024618B963
:1098F000334B40F24521E3E7DAF810702669C56082
:109900000AF1140904F1140E00F114050AF1100310
:1099100009EB87080EEB86060193AB464FF0000C6F
:10992000019B5EF8040B53F804AF01931FFA8AF110
:1099300083B2CB1A000C6344C0EB1A4000EB234007
:109940009BB243EA004376454BF8043B4FEA204C78
:10995000E6D8331B153B153423F00303A64238BF6A
:109960000023E8184B441C1D04302646A5EB0905CE
:1099700046450ED308F10301091B21F00301013311
:10998000984538BF0021014451F8043DABB117613F
:109990009CE706EB050E56F8041BE2464FEA114918
:1099A0001CFA81FC514409EB2C4989B241EA094176
:1099B0004FEA294CCEF80010DAE7013FE4E700BF98
:1099C0003BE90208AFE9020882B08DED000B019A75
:1099D0000F4B1340A3F15073002B08DC5B42B3F133
:1099E000A07F4FEA235204DA4FF4002313410022F0
:1099F00008E0A2F114031E2BDABF4FF00042DA4058
:109A0000012200231946104641EC100B02B07047AA
:109A10000000F07FF8B5056900F1140606EB850536
:109A20002F1F55F8044C2046FFF734FDC0F12003EA
:109A30000A280B6016DCC0F10B0C24FA0CF1BE42B4
:109A400041F07F5334BF55F8081C0021153004FA4B
:109A500000F021FA0CF143F4401301430A4643ECB1
:109A6000102BF8BDBE423ABF55F8081CA5F10807F7
:109A700000210B3812D0C0F1200521FA05F38440F3
:109A80001C43B74244F07F538CBF57F8044C00246A
:109A90008140EC4043F440132143DFE744F07F531F
:109AA00043F44013DAE700002DE9F7430F460121A4
:109AB00059EC108B1646FFF7FDFB054630B9024600
:109AC000234B244840F20F3100F01AFCC9F30A542A
:109AD000C9F313030CB143F480130193B8F10003ED
:109AE00023D068460093FFF7F3FC0099D8B1019AA0
:109AF000C0F1200302FA03F30B43C2406B610192F1
:109B0000019BAB61002B0CBF012202222A61A4B190
:109B1000A4F2334404443C60C0F135003060284670
:109B200003B0BDE8F0836961EAE701A8FFF7D0FC64
:109B3000019B6B6120300122E8E705EB8203A0F274
:109B4000324038601869FFF7A5FCC0EB4210E5E72A
:109B50003BE90208AFE90208F7B50E466946074639
:109B6000FFF758FF01A9304655EC104BB0EE407A94
:109B7000F0EE607AFFF74EFF33693A69D21ADDE9F9
:109B800000369B1B03EB4213002BD4BF10EE902A30
:109B900017EE902A51EC100BD6BFC3EB033302EB48
:109BA000035502EB03510B46024629462046D6F7E1
:109BB000F9FE41EC100B03B0F0BD013970B549114D
:109BC0001469013102F1140300EB810103EB8404F9
:109BD000051FA3420CD3A31A113B23F00303113238
:109BE000944238BF002318440023884205D370BD37
:109BF00053F8046B45F8046FEBE740F8043BF4E7D7
:109C000000F1140200694B11984210B511DB0ADD16
:109C100011F01F0107D052F8234024FA01F000FA96
:109C200001F18C420BD102EB8303934203D8002055
:109C300010BD0346F7E753F8041D0029F5D00120B5
:109C4000F6E751F8043C181F002BBCBF0B58C01896
:109C5000704749B1FF2A85BF8A2303600A704FF01D
:109C6000FF3098BF01207047084670472DE9F04744
:109C70008E681F46BE4282460C469046334653D8F5
:109C8000B1F90C0010F4906F2BD065692368096955
:109C900005EB4505A3EB010905EBD5757B1C6D10A4
:109CA0004B44AB422A4684BF1D462A46430527D56E
:109CB00011465046FBF744FB064658B321694A4615
:109CC000FEF7F0F8A38923F4906343F08003A381A7
:109CD000266165614E44A5EB09052660A5603E46F8
:109CE0003B461F4620683A464146FDF74AFDA368B9
:109CF0009B1BA36023683B4423600020BDE8F087E2
:109D00005046FBF7A5FB06460028E1D121695046E5
:109D1000FEF73CFF0C23CAF80030A38943F0400350
:109D2000A3814FF0FF30E9E73E46DBE72DE9F0473E
:109D30001F468B891B069CB006460D46144610D55F
:109D40000B6973B94021FBF7FBFA2860286130B931
:109D50000C2333604FF0FF301CB0BDE8F087402388
:109D60006B610023099320238DF82930039730235A
:109D7000654F8DF82A304FF0010823461A7899462E
:109D80001AB1252A03F10103F8D1B9EB040A0BD06B
:109D90005346224629463046FFF768FF013000F05F
:109DA000A380099A5244099299F80030002B00F0E0
:109DB0009B8000224FF0FF33CDE9053209F1010904
:109DC000049207928DF853201A924C46052214F8FB
:109DD000011B4D48D6F764FC049AD0B9D00644BFA5
:109DE00020238DF85330110744BF2B238DF85330B7
:109DF00099F800302A2B13D007994B4600204FF0DA
:109E00000A0C1A78303A092A1C464AD9A8B1079197
:109E100013E0C01B08FA00F010430490A146D4E7F9
:109E2000039B191D1B680391002BBBBF5B4242F0D3
:109E3000020207930793B8BF049223782E2B0AD10E
:109E400063782A2B32D1039B1A1D1B68039243EAC5
:109E5000E37302340593DFF8C0902178032248466B
:109E6000D6F71EFC38B1049BA0EB090040228240CB
:109E7000134301340493217824488DF828100622D6
:109E8000D6F70EFC002835D0214818BB039B0733BA
:109E900023F0070308330393099B03440134099318
:109EA0006BE701330CFB01210120AAE70023059396
:109EB000611C18464FF00A0C0A78303A092A0C4601
:109EC00003D9002BC7D00590C5E701310CFB00205A
:109ED0000123F1E703AB00932A460E4B04A9304659
:109EE000FCF7F0F9421CD7D1AB895B063FF532AFE6
:109EF000099831E703AB00932A46064B04A9304684
:109F0000FCF77AFCEEE700BF0BEA020815EA02084C
:109F1000C56202086D9C020811EA02089368013BC1
:109F2000002B10B4936007DA9469A34201DB0A297D
:109F300002D110BCFDF7ECBA1368581C1060197000
:109F4000084610BC7047F8B506460F461446D518AB
:109F5000AC4201D1002007E014F8011B3A4630461C
:109F6000FFF7DCFF431CF3D1F8BD00002DE9F047FB
:109F700006469CB00D4614461F4618B1036A0BB93D
:109F8000FCF760FF6B6ED90705D4AB899A0502D444
:109F9000A86DFDF785FFAB891B0701D52B699BB920
:109FA00029463046FDF7F2FA70B16B6EDE0704D534
:109FB0004FF0FF301CB0BDE8F087AB899C05F7D4AB
:109FC000A86DFDF76EFFF3E70023099320238DF8BA
:109FD0002930039730236A4F8DF82A304FF001085B
:109FE00023461A7899461AB1252A03F10103F8D1BC
:109FF000B9EB040A0BD05346224629463046FFF7F8
:10A00000A2FF013000F0A380099A5244099299F806
:10A010000030002B00F09B8000224FF0FF33CDE991
:10A02000053209F10109049207928DF853201A9222
:10A030004C46052214F8011B5148D6F731FB049A0F
:10A04000D0B9D00644BF20238DF85330110744BF48
:10A050002B238DF8533099F800302A2B13D0079911
:10A060004B4600204FF00A0C1A78303A092A1C4659
:10A070004AD9A8B1079113E0C01B08FA00F01043B9
:10A080000490A146D4E7039B191D1B680391002B84
:10A09000BBBF5B4242F0020207930793B8BF049232
:10A0A00023782E2B0AD163782A2B32D1039B1A1DD9
:10A0B0001B68039243EAE37302340593DFF8D09000
:10A0C000217803224846D6F7EBFA38B1049BA0EB7F
:10A0D0000900402282401343013404932178294827
:10A0E0008DF828100622D6F7DBFA00283ED0264845
:10A0F00018BB039B073323F0070308330393099B23
:10A100000344013409936BE701330CFB0121012067
:10A11000AAE700230593611C18464FF00A0C0A7841
:10A12000303A092A0C4603D9002BC7D00590C5E761
:10A1300001310CFB00200123F1E703AB00932A4619
:10A14000124B04A93046FCF7BDF8431CD7D16B6E07
:10A15000D90705D4AB899A0502D4A86DFDF7A1FEF5
:10A16000AB895B063FF524AF099823E703AB009367
:10A170002A46064B04A93046FCF73EFBE5E700BF44
:10A180000BEA020815EA0208C5620208479F0208A6
:10A1900011EA02080B78722B30B522D0772B24D02D
:10A1A000612B27D016230360002030BD622D12D012
:10A1B000782D13D02B2D07D120F01C0023F00303A2
:10A1C00040F0100043F0020311F8015F002DEDD1C3
:10A1D00023431360E9E743F48033F5E743F4006376
:10A1E000F2E7002423460420EEE74FF4C064012385
:10A1F0000820E9E74FF4027401234FF48470E3E789
:10A2000070B50E46B1F90E10002996B014461D46E1
:10A210000ADAB28912F0800213D14FF48061002073
:10A220002A60216016B070BD6A4600F047F8002829
:10A23000EFDB019A02F47042A2F500535A425A41F0
:10A24000EBE700224021EAE78B8973B59E070546BC
:10A250000C4607D504F147032360236101236361A2
:10A2600002B070BD01AB6A46FFF7CAFF009E2846E8
:10A270003146FBF765F8B4F90C3038B99A05EFD4DC
:10A2800023F0030343F00203A381E3E743F08003D9
:10A29000A381019B2060C4E90406002BE0D0B4F93F
:10A2A0000E10284600F01CF80028D9D0A38923F00E
:10A2B000030343F00103A381D2E7000038B5074C44
:10A2C0000023054608461146236000F059FF431C51
:10A2D00002D1236803B12B6038BD00BF1C89032065
:10A2E00038B5064C002305460846236000F060FFA1
:10A2F000431C02D1236803B12B6038BD1C890320A5
:10A300001FB51D46094B1B680646D86852B1084C5C
:10A310000091CDE90142074933462A46FCF704FE85
:10A32000FAF7DCFF044C2246F2E700BFA803002046
:10A330001CEA020829EA020857EA020870B5A1FBE4
:10A34000026535B93146FAF7FBFF044628B92046C5
:10A3500070BD0C2303600024F9E732462946FDF75F
:10A3600029FAF4E738B50022002304460D46D6F753
:10A3700061FC28B920462946BDE8384000F00AB8FB
:10A38000204605F1004100F005F8404261EB410133
:10A3900038BD00BF70B50C4B002204460D46D6F701
:10A3A000D7F9D6F7ADFC0646D6F774F8074B00226E
:10A3B000D6F7CEF902460B4620462946D5F72CFFA4
:10A3C000D6F79EFC314670BD0000F03D0000F04124
:10A3D00003685A004CBF43F0004323F00043184485
:10A3E000704700BF2DE9F04751B301F1FF38174620
:10A3F000054646464FF0000A0AEB060101EBD17113
:10A40000491005EBC1094846FFF7E2FF88454FEACE
:10A41000C10410D0B84204F10800284407D8FFF75F
:10A42000D7FF0138B84208D201F1010AE4E78A45B2
:10A4300006D04E1EE0E7B842F9D84846BDE8F0879E
:10A440004FF000094846BDE8F08700BF012806D05C
:10A45000022802D028B904487047044870470448CD
:10A4600070470020704700BF1DAB02082DAB0208EB
:10A4700025AB020810B5234B84B004468A1E4BB3AB
:10A4800003A910460192AFF30080F0B10399019A3D
:10A49000FFF7A8FF0146C0B1FFF79AFFA0644B6821
:10A4A000012B2BD0002B01F1040025DBFFF790FFDF
:10A4B000002323650368E064002B12DBFFF788FFAD
:10A4C00003460020236104B010BD0023092023614E
:10A4D00004B010BD0C4B0D49C91AC91018460391A0
:10A4E000D6E7C3F30360FFF7B1FF031E0CBF0920DB
:10A4F0000020236104B010BD0123DAE7002305200A
:10A50000E0E700BF00000000A8EC020838ED0208F8
:10A510000368DA0710B5044606D49B0700F1500023
:10A5200009D5D6F721FC2368590709D51A070ED596
:10A53000DB0613D510BDD6F70FFC23685907F5D4F9
:10A5400004F1D800D6F718FC23681A07F0D404F5F4
:10A55000AC70D6F719FC2368DB06EBD404F5EC707D
:10A56000BDE81040D6F754BC036803B10344184655
:10A57000704700BF704700BF70B504460D46296C98
:10A580002046FFF777FF064688B92A6C6261236987
:10A590002A462146012098470828F0D0072806D1EE
:10A5A0003046296CFFF7E6FF281DD6F7C9FBFAF7FE
:10A5B00095FE00BF2DE9F04F0C1DD0F80C90D0F89F
:10A5C00018A0074615460FCCADF5777D0DF10C0CA4
:10A5D000ACE80F000FCCACE80F000FCCACE80F00DC
:10A5E00094E80F0002AE4FF0000E8CE80F00C6F8A2
:10A5F00000E020E0336C7B614FF4F47231467CA8BC
:10A60000FDF750FC3B697CAA3946584698478A9B1F
:10A61000B3642946CDE9006A04463B4601203A4628
:10A62000C847054618BB4FF4F4727CA93046FDF7C5
:10A6300039FC082C19D1316C3846FFF71BFF09355E
:10A6400004465FFA85FB0028D4D0B36BB3643A4666
:10A65000CDE9006A3B464BF010010120C84730B9F4
:10A6600020460DF5777DBDE8F08F072C05D0092435
:10A6700020460DF5777DBDE8F08F2846316CFFF759
:10A6800079FF03A8D6F75CFBF0B5CB6BFBB001F10B
:10A69000040E0B640E460446BEE80F000DF1040CD8
:10A6A000ACE80F00BEE80F00ACE80F00BEE80F00FA
:10A6B000ACE80F009EE80F004FF0FF378CE80F006A
:10A6C000009706E023696A4621469847082807460E
:10A6D00008D110992046FFF7CDFE0028F2D00920BE
:10A6E0007BB0F0BD6846FFF713FF062FF7D1314668
:10A6F0002046FFF741FF00BFC1608261DA6B1A6438
:10A7000019460022FFF756BF436970B50B64C6684F
:10A71000AEB903690A4604460D4601460220984731
:10A72000072805D008280FD129462046FFF724FF27
:10A730003046296CFFF71EFF281DD6F701FB0122CA
:10A74000FFF738FFFAF7CAFDFAF7C8FDC26822B171
:10A75000CA6B0A640022FFF72DBFFFF795BF00BF49
:10A76000052915D8DFE801F00A03140303050120C9
:10A770007047009A436C13600020704743B90F2A5A
:10A7800006D800EB8200009A4368136000207047EF
:10A790000220704700B585B00A46002303A9009146
:10A7A0001946FFF7DDFF039805B000BD052915D850
:10A7B000DFE801F00A031403030501207047009B42
:10A7C0001B6843640020704743B90F2A06D8009BDA
:10A7D00000EB82001B684360002070470220704736
:10A7E00000B585B00DF10C0C00230392CDF800C02C
:10A7F0000A461946FFF7DAFF05B000BD2DE9F04122
:10A80000D36BADF5107D02F1040C136406460F46C0
:10A81000BCE80F000DF15C0EAEE80F00BCE80F00C5
:10A82000AEE80F00BCE80F00AEE80F009CE80F0098
:10A830004FF0FF388EE80F00CDF8588010E0FFF79A
:10A84000CFFF394616A8B047034616AA0820694626
:10A8500083B9049B9847052880460DD0092809D064
:10A8600026996846FFF706FE03460C216A4616A89D
:10A87000002BE4D04FF0090816A8FFF749FE404628
:10A880000DF5107DBDE8F0812DE9F04F1646CA6C3C
:10A8900089B00C4652F8041B069200F0030CE3B199
:10A8A0000D0C8DF81D500904EDB2059102EB8502E7
:10A8B00002218DF81C10216DBCF1020F08BFA26BA4
:10A8C00011F001010FD005A9304600F0CDFA0028A3
:10A8D0003AD1082009B0BDE8F08F090205918DF842
:10A8E0001D300321E5E7D2F80080B8F1000FEAD06F
:10A8F00000F00800CDE90101C2469946E046B9F1F1
:10A90000020F25D0B2F800A05788151DA36C27F0C0
:10A91000010B0F2130469B44FFF73CFF834515D8C0
:10A920002AF001035B44834294BF002001207B0096
:10A9300003F002030AF0010A43EA0A03012B0BD0D9
:10A94000022B4BD0002B41D00920C3E70020EEE7BB
:10A95000576802F10805D9E7B8F1000F6CD1A8B12A
:10A960006B689A1CF0D004F1580701332A680497E9
:10A9700000F0C780281DFFF7F7FDD20F014604AB9A
:10A980002046AFF30080002840F0938005F10802D4
:10A99000D2F800A0BAF1000FB1D105A9304600F0FD
:10A9A00063FA0028D0D1029B002B92D00F213046B1
:10A9B000FFF7F0FE0E2102463046FFF711FF564A20
:10A9C0000F213046FFF70CFF072083E7B8F1000F97
:10A9D00002D0002840F083802A1DD9E72F6827F095
:10A9E000004BB8F1000F0ED128B1019B002B3BD0DA
:10A9F000BBF1000F38D0002F00DA04350BF1010352
:10AA000005EB8302C4E70D213046FFF7C3FED4F8FF
:10AA100020A08245EFD1A26A9542ECD10027042202
:10AA2000C4E90B72AA18C4F828B062632A68BA4253
:10AA30006DDB01230293E1E70D213046FFF7AAFE0B
:10AA4000276A8742A2D1A36A9D429FD12846FFF779
:10AA5000BFFC0F2102463046FFF7C2FE224600210E
:10AA60003046FFF7BDFEAFE7CDF80C8005F1040AD4
:10AA7000A046002758340CE050460494FFF774FDBC
:10AA80000022014604AB4046AFF300800AF1040AFD
:10AA900000BB5F4507F10107EED10D213046FFF7FE
:10AAA00079FE049BC8F828500246C8E9082306200E
:10AAB00010E701900D213046FFF76CFE019A049FCC
:10AAC0002062022A04BFE76204F12C07C4E9097579
:10AAD0000620FFE644462F68DDF80C808BE7284609
:10AAE000FFF776FC04350746A5632046AFF30080E8
:10AAF00000283FF429AF3A460F213046FFF770FE99
:10AB000062E70D213046FFF745FE2062DEE70BF1DC
:10AB1000010205EB82009AE7000000000023FFF726
:10AB2000B3BE00BF0123FFF7AFBE00BF0223FFF794
:10AB3000ABBE00BF2DE9F0410446C4B0052908D8DA
:10AB4000DFE801F016310779A00B1144102940F21B
:10AB5000C080022044B0BDE8F081002AF9D1A36B87
:10AB600053F8042B6264A363002044B0BDE8F08175
:10AB7000002BEED1D4F838C095B24FF0010E0EFA8A
:10AB800003F12942604606D050F8041B04F1040C7E
:10AB90004CF8231084460133102BF0D19104E3D4F8
:10ABA000C4F838C0E0E7110C012B0E4692B2CCD0AD
:10ABB000052BCED111442029CBD80F2E40F2CA80CC
:10ABC000002AD1D0216817464A0740F1218120464A
:10ABD00021F0040140F8D81B0093D6F7D1F802A861
:10ABE0008046D6F7CDF8D4F838E0009B4FF002024B
:10ABF0004FF0FF31102E17FB021C314638BF1021D9
:10AC000008EBC10184396246704650F8045B41F894
:10AC1000045F013A551CF8D10EF1040E012B0EEB26
:10AC20008C0200F0EC800F2EA26340F2F3804046CD
:10AC3000D6F7A2F898E7032B8BD193B21E4603EB0D
:10AC40001243102B4FEA124783D823681A0700F1EA
:10AC5000AC8022AD2846D6F7B9F8A16B730066B177
:10AC600005EBC702013B881A013B52F800C042F8CD
:10AC700004CB5F1CF8D101EBC601A1632846D6F7CF
:10AC800083F871E7002B7FF464AF102A3FF661AFC1
:10AC90002368DD067FD422A80092D6F7C3F8D4F843
:10ACA00038E0009A22A80023012199401142F4467D
:10ACB00003F1010303D05CF8041B0160E646042B9A
:10ACC00000F10400F0D1C4F838E022A8D6F7A0F8CB
:10ACD0004AE7102E3FF43DAF2168C8070AD5204649
:10ACE00021F0030140F8501BCDE90023D6F738F8D6
:10ACF000DDE9002322AD2846CDE90023D6F730F860
:10AD0000009AD4F838E0002A7BD0019B00274FF04E
:10AD1000FF3112B201EB420205EBC6019046043945
:10AD20007046013A50F804CB41F804CFB2F1FF3F2E
:10AD3000F7D10EF1040E0EEB880E002F3DD1012B42
:10AD40005FD00F2EC4F838E03FF60EAF2846D6F796
:10AD50000BF809E72068102900F0010530D865B12B
:10AD600020F00101204641F0020140F8501BCDE9DE
:10AD70000023D5F7FDFFDDE9002322AD2846CDE90C
:10AD80000023D5F7F5FFDDE90023002ADED0D4F853
:10AD900038E00027BBE723F01003236004F5EC70D4
:10ADA0000092D6F73FF8009A75E723F00803236076
:10ADB00004F5AC70D6F70AF84BE70DF1080815E773
:10ADC000A1F110075DB120F00102204642F002021D
:10ADD00040F8502B0093D5F7CBFF2068009B42072B
:10ADE0001CD4009322AD2846D5F7C2FF02A8D5F7A0
:10ADF000C7FFA26B009B9646C6F1100287E79646F6
:10AE000022AD0EF10403A3632846D5F7A5FFABE6F8
:10AE10000093E4E622A8D5F7A7FF08E720F0040294
:10AE20002046009340F8D82BD5F7AAFFDAE700BFF9
:10AE3000027A03467AB9427AA2B14168013A427273
:10AE40000868032201F1040C1A720202C3F804C05C
:10AE5000000E1A6070470068013A1A7202021A6006
:10AE6000000E7047B02070472DE9F041064686B0CD
:10AE70000D464FF000082846FFF7DAFFB0280446D9
:10AE800000F0228107065CD500F0F003A02B1AD059
:10AE900031D8802B00F08280902B28D100F00D0358
:10AEA0000D2B24D004AF002300F00F0219460097A9
:10AEB0003046FFF755FC002300970D221946304617
:10AEC000FFF774FCD7E7C34303F007034FF47F6237
:10AED0001A41010702F47F624FF0000348BF42F4B9
:10AEE000804219463046FFF725FE0028C3D00920CE
:10AEF00006B0BDE8F081B02B66D0C02B3CD1C6288F
:10AF000000F0CF80C72800F0E48000F0F803C02BE9
:10AF100000F0F180C82800F0FC80C928E7D128465D
:10AF2000FFF786FF020300F00F0002F470220130E9
:10AF30000243012105233046FFF7FCFD00289AD08B
:10AF4000D5E78300DBB20433039304AF0023194633
:10AF500000970D223046FFF703FCDDE9033260065F
:10AF60004CBFD21A9A180023049200970D2219465A
:10AF70003046FFF71BFC7EE700F0F803D02BB6D17C
:10AF800000F007020132052342F40022012130467D
:10AF9000FFF7D0FD00283FF46EAFA8E72846FFF783
:10AFA00047FF40EA0420B0F5004FA0D00401002381
:10AFB000A2B219463046FFF7BDFD002897D1C4F371
:10AFC000C03048EA000856E7A0F1B103042B00F2B4
:10AFD000BC80DFE803F05429160C030005AA002307
:10AFE000009219460D223046FFF7BAFB43E70023D3
:10AFF0001A4605213046FFF79DFD00283FF43BAF80
:10B0000075E72846FFF714FF020300F00F00013038
:10B0100002F470220123024319463046FFF78AFDED
:10B0200000283FF428AF62E7002304AF0D22194641
:10B0300000973046FFF794FB2846FFF7F9FE02061B
:10B04000049C4FF002030DD500F07F0098400444AB
:10B050000733284603930494FFF7EAFE10F0800FAD
:10B06000039BF1D1984004F501742044002304901F
:10B0700000970D2219463046FFF798FBFBE628465D
:10B08000FFF7D6FE431EDBB20E2B3FF630AF002398
:10B09000024619463046FFF74DFD00283FF4EBAE5F
:10B0A00025E72846FFF7C4FE020300F00F00013039
:10B0B00002F470220323024319463046FFF73AFD9B
:10B0C00000283FF4D8AE12E7B8F1000F2DD00020D1
:10B0D0000EE72846FFF7ACFE431EDBB20E2B3FF611
:10B0E00006AF0246002304213046FFF723FD002867
:10B0F0003FF4C1AEFBE600F00F020132032342F43D
:10B10000202219463046FFF715FD00283FF4B3AE64
:10B11000EDE62846FFF78CFE00F0F00200F00F038A
:10B120001032013343EA023203E704AC434641469E
:10B1300000940E223046FFF713FB0F220094434683
:10B1400041463046FFF732FBC1E700F0FC03B42B69
:10B150003FF4CDAE00F007020132012342F4002299
:10B1600019463046FFF7E6FC00283FF484AEBEE601
:10B17000024B58221A604FF0FF3070471C890320A1
:10B18000024B58221A604FF0FF3070471C89032091
:10B19000024B58221A604FF0FF3070471C89032081
:10B1A000024B58221A604FF0FF3070471C89032071
:10B1B000024B58221A600020704700BF1C890320F0
:10B1C000024B58221A604FF0FF3070471C89032051
:10B1D000024B58221A604FF0FF3070471C89032041
:10B1E000024B58221A604FF0FF3070471C89032031
:10B1F000024B58221A604FF0FF3070471C89032021
:10B20000044A05491368002B08BF0B461844106018
:10B21000184670472489032028890320024B5822AE
:10B220001A604FF0FF3070471C890320024B5822F0
:10B230001A604FF0FF3070471C890320FEE700BF03
:10B24000F8B500BFF8BC08BC9E467047F8B500BF13
:10B25000F8BC08BC9E46704700AED580A81FD3003E
:10B26000408D142000A0C0DA02818FD9F1DB40A408
:10B27000A62EAF000022000321007F000000000086
:10B280000000000001020304060708090102040887
:10B290001020000000000000010203040000000074
:10B2A0000000000001020304060708090102040867
:10B2B0001020000003000000000000000200000059
:10B2C000000000000000000000000000010000007D
:10B2D0002A2B2C3A3B3C3D3E5B5D7C223F7F0000AD
:10B2E00046415433322020200000000078206D7544
:10B2F000737420626520302E2E313237000000003A
:10B3000079206D75737420626520302E2E333100E4
:10B31000756E737570706F7274656420636F6E7490
:10B32000726F6C6C657220696400000074657874DB
:10B3300020697320746F6F206C6F6E6700000000CF
:10B34000746578742063616E6E6F7420636F6E74C1
:10B3500061696E204E554C2062797465730000005F
:10B36000756E737570706F7274656420646576694C
:10B37000636520627574746F6E206964000000005C
:10B380006D6163726F206D75737420636F6E74618D
:10B39000696E20312E2E3332207374657073000075
:10B3A00062746E006D6163726F20636F6E746169A9
:10B3B0006E7320756E737570706F72746564206340
:10B3C0006F6E74726F6C6C657220696400000000AF
:10B3D000776169740000000073746570207761699B
:10B3E00074206D75737420626520312E2E363030D6
:10B3F000303000006475726174696F6E5F6D730048
:10B4000073746570206475726174696F6E5F6D73BB
:10B41000206D75737420626520312E2E36303030E9
:10B42000300000006D6163726F2073746570206876
:10B430006173206D6F7265207468616E20313220F7
:10B4400076616C75657300006D6163726F20717554
:10B450006575652066756C6C00000000696E73741C
:10B4600072756374696F6E206275646765742065B8
:10B470007863656564656400657865637574696F94
:10B480006E20646561646C696E65206578636565CE
:10B49000646564006D6163726F206E616D65206D1F
:10B4A00075737420636F6E7461696E20312E2E3156
:10B4B00035206279746573006D6163726F206E610F
:10B4C0006D652063616E6E6F7420636F6E74616969
:10B4D0006E204E554C206279746573006E616D6507
:10B4E00064206D6163726F206368616E6E656C735A
:10B4F0002066756C6C0000005F4700006D61746829
:10B5000000000000646F66696C6500006C6F616428
:10B51000000000006C6F616466696C6500000000EB
:10B52000636F6C6C6563746761726261676500006C
:10B53000636F6E74726F6C6C65720000646576691F
:10B5400063650000646973706C6179006C65640008
:10B5500073746F7261676500756E6B6E6F776E20C6
:10B560004C7561206572726F7200000075736572B0
:10B570002D7363726970740042544E5F5550000021
:10B5800042544E5F444F574E0000000042544E5FFD
:10B5900053454C454354000042544E5F4241434B97
:10B5A00000000000445041445F5550004450414465
:10B5B0005F444F574E000000445041445F4C4546A5
:10B5C00054000000445041445F5249474854000031
:10B5D0004100000042000000580000005900000037
:10B5E0004C420000524200005649455700000000FE
:10B5F0004D454E55000000004C53000052530000D2
:10B600004C5800004C59000052580000525900009C
:10B610004C5400005254000073657400636C656103
:10B6200072000000647261775F74657874000000D6
:10B63000647261775F706978656C00006765745F3C
:10B6400076616C00636F6E6669675F7265717565C0
:10B6500073740000636F6E6669675F7374617475FD
:10B6600073000000636F6E6669675F6572726F7268
:10B6700000000000636F6E6669675F7265736574D2
:10B68000000000007365745F76616C00626C6F632C
:10B690006B5F696E707574730000000063616E63A8
:10B6A000656C5F6D6163726F730000007375626D2E
:10B6B00069745F6D6163726F000000007374617282
:10B6C000745F6D6163726F0073746F705F6D61633F
:10B6D000726F00006D6163726F5F72756E6E696E7E
:10B6E000670000006765745F6D696C6C69730000CA
:10B6F0006765745F7074696D6500000073696465E7
:10B70000206D7573742062652031206F72203200C5
:10B710006F70657261746F72206D757374206265ED
:10B7200020312E2E33360000776561706F6E206DEC
:10B730007573742062652031206F72203200000022
:10B74000766572746963616C206D757374206265CF
:10B7500020302E2E39390000686F72697A6F6E744E
:10B76000616C206D757374206265202D33302E2E30
:10B77000333000006D6F76656D656E74206D757386
:10B780007420626520302E2E3939000064656164B2
:10B790007A6F6E65206D75737420626520312E2E70
:10B7A0003330000066697273742062756C6C657466
:10B7B0002070657263656E74206D757374206265A8
:10B7C00020302E2E323030006B6579206D75737409
:10B7D00020636F6E7461696E20312E2E33312062CA
:10B7E00079746573000000006B65792063616E6E8B
:10B7F0006F7420636F6E7461696E204E554C2062C9
:10B80000797465730000000076616C7565206D7554
:10B810007374206265206E696C2C20626F6F6C659A
:10B82000616E2C206E756D6265722C206F722073B4
:10B830007472696E67000000737472696E67206DC0
:10B8400075737420636F6E7461696E206174206D0E
:10B850006F737420363320627974657300000000C2
:10B8600073746F726167652069732066756C6C0014
:10B870007265616400000000777269746500000001
:10B88000726561645F6C6F61646F757400000000C5
:10B8900077726974655F6C6F61646F757400000026
:10B8A000636F6D6D6974000058626F7820436F6E2E
:10B8B00074726F6C6C6572004D6963726F736F6642
:10B8C00074000000436F6E74726F6C6C65720000E0
:10B8D000534C45455055532E4E455700534C454506
:10B8E0005055532E42414B00534C45455055532E15
:10B8F000434647004354524C3A4F4E004354524C37
:10B900003A4F4646000000004D4F44533A4F4E0018
:10B910004D4F44533A4F4646000000006F6E5F693A
:10B920006E707574000000006F6E5F636F6E736FF2
:10B930006C655F636F6E6E65637465640000000024
:10B940003F000000286E6F206E616D6529000000C9
:10B950006C696E65730000006F70636F64657300DF
:10B96000636F6E7374616E7473000000636F6E7446
:10B97000726F6C2073747275637475726520746F66
:10B980006F206C6F6E67000066756E6374696F6E12
:10B99000206F722065787072657373696F6E206EA8
:10B9A0006565647320746F6F206D616E79207265B8
:10B9B0006769737465727300636F6E7374616E741C
:10B9C00000000000676C6F62616C00006669656C66
:10B9D000640000005F454E5600000000696E74650B
:10B9E00067657220696E646578000000686F6F6B30
:10B9F000000000006D6574616D6574686F6400001F
:10BA0000666F72206974657261746F720000000065
:10BA10005F5F6763000000002028257320272573DF
:10BA20002729000028432074656D706F7261727958
:10BA3000290000002874656D706F726172792900A9
:10BA40002876617261726729000000003D3F0000A6
:10BA50006D61696E000000004C75610043000000DC
:10BA60003D5B435D0000000025733A25643A2025C4
:10BA700073000000617474656D707420746F20250C
:10BA80007320612025732076616C75652573000035
:10BA9000636F6E636174656E6174650062616420DA
:10BAA00027666F722720257320286E756D62657278
:10BAB0002065787065637465642C20676F74202539
:10BAC000732900006E756D6265722573206861735D
:10BAD000206E6F20696E7465676572207265707282
:10BAE0006573656E746174696F6E0000617474656E
:10BAF0006D707420746F20636F6D70617265207457
:10BB0000776F2025732076616C75657300000000E7
:10BB1000617474656D707420746F20636F6D7061F3
:10BB200072652025732077697468202573000000F2
:10BB300063616C6C0000000062696E6172790000E4
:10BB4000617474656D707420746F206C6F61642013
:10BB500061202573206368756E6B20286D6F6465A6
:10BB600020697320272573272900000074657874E5
:10BB7000000000006572726F7220696E206572723B
:10BB80006F722068616E646C696E670073746163C4
:10BB90006B206F766572666C6F7700001B4C756169
:10BBA0000000000019930D0A1A0A000076617269FC
:10BBB00061626C65202725732720676F74206120E0
:10BBC0006E6F6E2D636C6F7361626C652076616C55
:10BBD000756500002725632700000000273C5C25D1
:10BBE000643E27002573206E656172202573000076
:10BBF0006C65786963616C20656C656D656E742039
:10BC0000746F6F206C6F6E67000000006368756E64
:10BC10006B2068617320746F6F206D616E79206C8A
:10BC2000696E65730000000068657861646563692A
:10BC30006D616C20646967697420657870656374F0
:10BC400065640000456500005070000078580000F1
:10BC50002D2B00006D616C666F726D6564206E75D2
:10BC60006D62657200000000636F6D6D656E74003B
:10BC7000756E66696E6973686564206C6F6E6720A7
:10BC8000257320287374617274696E672061742053
:10BC90006C696E652025642900000000696E76617C
:10BCA0006C6964206C6F6E6720737472696E6720B4
:10BCB00064656C696D69746572000000756E666913
:10BCC0006E697368656420737472696E6700000042
:10BCD0006D697373696E6720277B27005554462D65
:10BCE000382076616C756520746F6F206C617267A7
:10BCF000650000006D697373696E6720277D2700FA
:10BD0000696E76616C696420657363617065207328
:10BD1000657175656E636500646563696D616C204E
:10BD200065736361706520746F6F206C6172676505
:10BD300000000000616E6400627265616B000000CB
:10BD4000646F0000656C736500000000656C7365CE
:10BD500069660000656E640066616C7365000000D2
:10BD6000666F720066756E6374696F6E0000000026
:10BD7000676F746F000000006C6F63616C000000FF
:10BD80006E696C006E6F740072657065617400009E
:10BD900072657475726E00007468656E0000000054
:10BDA0007472756500000000756E74696C000000A7
:10BDB0007768696C650000002F2F00002E2E0000B0
:10BDC0002E2E2E003D3D00003E3D00003C3D00007B
:10BDD0007E3D00003C3C00003E3E00003A3A000040
:10BDE0003C656F663E0000003C6E756D6265723E9C
:10BDF000000000003C696E74656765723E000000DB
:10BE00003C6E616D653E00003C737472696E673E06
:10BE1000000000006D656D6F727920616C6C6F635E
:10BE20006174696F6E206572726F723A20626C6F16
:10BE3000636B20746F6F206269670000746F6F20FE
:10BE40006D616E7920257320286C696D6974206995
:10BE50007320256429000000252E376700000000AC
:10BE60002D30313233343536373839002E78586E2C
:10BE70004E000000286E756C6C290000696E7661BA
:10BE80006C6964206F7074696F6E202725252563A7
:10BE90002720746F20276C75615F707573686673F7
:10BEA0007472696E672700005B737472696E672035
:10BEB00022000000225D00006C6162656C732F67D8
:10BEC0006F746F73000000006D61696E2066756E9F
:10BED0006374696F6E00000066756E6374696F6EDF
:10BEE000206174206C696E6520256400746F6F207A
:10BEF0006D616E7920257320286C696D69742069E5
:10BF0000732025642920696E202573007570766181
:10BF10006C756573000000006C6F63616C20766166
:10BF2000726961626C657300617474656D70742010
:10BF3000746F2061737369676E20746F20636F6E16
:10BF40007374207661726961626C6520272573279E
:10BF500000000000257320657870656374656400D7
:10BF600025732065787065637465642028746F207C
:10BF7000636C6F7365202573206174206C696E6536
:10BF800020256429000000003C676F746F20257332
:10BF90003E206174206C696E65202564206A756D91
:10BFA000707320696E746F207468652073636F709E
:10BFB00065206F66206C6F63616C202725732700F6
:10BFC000627265616B206F757473696465206C6F54
:10BFD0006F70206174206C696E652025640000001C
:10BFE0006E6F2076697369626C65206C6162656C46
:10BFF000202725732720666F72203C676F746F3E81
:10C00000206174206C696E652025640028666F725B
:10C010002073746174652900273D27206F722027E3
:10C02000696E2720657870656374656400000000A0
:10C03000636F6E7374000000636C6F7365000000C3
:10C04000756E6B6E6F776E20617474726962757451
:10C0500065202725732700006D756C7469706C6509
:10C0600020746F2D62652D636C6F7365642076613B
:10C07000726961626C657320696E206C6F63616CBC
:10C08000206C69737400000073796E7461782065A8
:10C0900072726F72000000006C6162656C2027256F
:10C0A000732720616C726561647920646566696ECE
:10C0B0006564206F6E206C696E6520256400000049
:10C0C00073656C66000000003C6E616D653E206F1C
:10C0D0007220272E2E2E2720657870656374656484
:10C0E0000000000063616E6E6F7420757365202719
:10C0F0002E2E2E27206F757473696465206120765B
:10C1000061726172672066756E6374696F6E00009C
:10C1100066756E6374696F6E20617267756D656EAA
:10C12000747320657870656374656400756E6578F6
:10C130007065637465642073796D626F6C000000D4
:10C140004320737461636B206F766572666C6F77E2
:10C15000000000006572726F72206F626A6563741E
:10C16000206973206E6F74206120737472696E672A
:10C17000000000006572726F7220696E200000007E
:10C18000202800006E6F7420656E6F756768206DE3
:10C19000656D6F7279000000696E76616C6964206C
:10C1A0006B657920746F20276E6578742700000016
:10C1B0007461626C6520696E646578206973206EB5
:10C1C000696C00007461626C6520696E646578203A
:10C1D0006973204E614E00007461626C65206F7659
:10C1E0006572666C6F7700005F5F6E616D65000061
:10C1F000706572666F726D2062697477697365200D
:10C200006F7065726174696F6E206F6E0000000060
:10C21000706572666F726D2061726974686D6574A5
:10C220006963206F6E0000005F5F696E646578006F
:10C230005F5F6E6577696E64657800005F5F6D6F44
:10C24000646500005F5F6C656E0000005F5F657194
:10C25000000000005F5F6164640000005F5F737551
:10C26000620000005F5F6D756C0000005F5F6D6FC6
:10C27000640000005F5F706F770000005F5F6469BB
:10C28000760000005F5F6964697600005F5F62614D
:10C290006E6400005F5F626F720000005F5F627833
:10C2A0006F7200005F5F73686C0000005F5F73680F
:10C2B000720000005F5F756E6D0000005F5F626E70
:10C2C0006F7400005F5F6C74000000005F5F6C655E
:10C2D000000000005F5F636F6E6361740000000028
:10C2E0005F5F63616C6C00005F5F636C6F73650020
:10C2F0006E6F2076616C756500000000626F6F6C78
:10C3000065616E006E756D626572000074687265BD
:10C3100061640000757076616C75650070726F7491
:10C320006F00000025733A206261642062696E61CB
:10C33000727920666F726D61742028257329000060
:10C340007472756E6361746564206368756E6B00EA
:10C3500025732073697A65206D69736D61746368F4
:10C3600000000000696E7465676572206F76657203
:10C37000666C6F770000000062616420666F726D0A
:10C38000617420666F7220636F6E7374616E7420C7
:10C39000737472696E67000062696E6172792073EE
:10C3A0007472696E670000006E6F742061206269AC
:10C3B0006E617279206368756E6B000076657273CA
:10C3C000696F6E206D69736D6174636800000000B1
:10C3D000636F72727570746564206368756E6B004C
:10C3E000496E737472756374696F6E006C75615F0A
:10C3F000496E7465676572006C75615F4E756D623C
:10C4000065720000696E746567657220666F726D93
:10C410006174206D69736D6174636800666C6F612F
:10C420007420666F726D6174206D69736D617463E1
:10C4300068000000737472696E67206C656E6774C3
:10C4400068206F766572666C6F77000027666F7282
:10C45000272073746570206973207A65726F0000FD
:10C460006C696D69740000007374657000000000F1
:10C47000696E697469616C2076616C756500000095
:10C48000275F5F696E6465782720636861696E2045
:10C49000746F6F206C6F6E673B20706F737369628F
:10C4A0006C65206C6F6F7000275F5F6E6577696EDB
:10C4B0006465782720636861696E20746F6F206CF3
:10C4C0006F6E673B20706F737369626C65206C6F71
:10C4D0006F700000676574206C656E677468206F0C
:10C4E00066000000617474656D707420746F206460
:10C4F0006976696465206279207A65726F00000050
:10C50000617474656D707420746F20706572666FED
:10C51000726D20276E252530270000002E000000B8
:10C5200063616E6E6F742025732025733A20257326
:10C530000000000063616E6E6F7420257320257308
:10C5400000000000536C000025733A25643A200077
:10C550005F4C4F41444544006E6F7420656E6F75AB
:10C56000676820737461636B00000000737461631B
:10C570006B206F766572666C6F77202825732900B3
:10C5800062616420617267756D656E742023256435
:10C59000202825732900000063616C6C696E672098
:10C5A00027257327206F6E206261642073656C6697
:10C5B000202825732900000062616420617267757C
:10C5C0006D656E742023256420746F2027257327E2
:10C5D00020282573290000006C6967687420757332
:10C5E000657264617461000025732065787065630D
:10C5F0007465642C20676F7420257300696E766102
:10C600006C6964206F7074696F6E20272573270032
:10C6100076616C756520657870656374656400008B
:10C620006E756D62657220686173206E6F20696E31
:10C63000746567657220726570726573656E74618A
:10C6400074696F6E000000003D737464696E0000D1
:10C65000402573006F70656E00000000726200007C
:10C6600072656F70656E00006F626A656374206C3E
:10C67000656E677468206973206E6F7420616E2028
:10C68000696E7465676572005F5F746F7374726959
:10C690006E670000275F5F746F737472696E67273F
:10C6A000206D7573742072657475726E20612073CD
:10C6B0007472696E6700000025490000256600005D
:10C6C00025733A2025700000746F6F206D616E79BC
:10C6D00020757076616C7565730000006275666622
:10C6E000657220746F6F206C6172676500000000D6
:10C6F0005F55424F582A0000636F726520616E6477
:10C70000206C696272617279206861766520696E59
:10C71000636F6D70617469626C65206E756D6572B2
:10C720006963207479706573000000007665727328
:10C73000696F6E206D69736D617463683A20617012
:10C74000702E206E656564732025662C204C756103
:10C7500020636F72652070726F766964657320253F
:10C7600066000000696E646578206F7574206F66DE
:10C770002072616E676500006E696C206F722074B4
:10C7800061626C65000000005F5F6D6574617461DB
:10C79000626C650063616E6E6F74206368616E67C2
:10C7A0006520612070726F746563746564206D65C7
:10C7B00074617461626C65007461626C65206F7293
:10C7C00020737472696E67000A000000090000009F
:10C7D000746F6F206D616E79206E6573746564206F
:10C7E00066756E6374696F6E7300000072656164D4
:10C7F00065722066756E6374696F6E206D757374F3
:10C800002072657475726E206120737472696E6730
:10C81000000000005F5F7061697273006274000065
:10C820003D286C6F61642900617373657274696F70
:10C830006E206661696C6564210000006261736549
:10C84000206F7574206F662072616E67650000004E
:10C85000200C0A0D090B0000696E6372656D656E30
:10C8600074616C0067656E65726174696F6E616C8E
:10C8700000000000636F6C6C656374004C75612090
:10C88000352E34005F56455253494F4E000000008C
:10C8900073746F70000000007265737461727400CD
:10C8A000636F756E740000007365747061757365F5
:10C8B00000000000736574737465706D756C000022
:10C8C000697372756E6E696E6700000061737365DF
:10C8D000727400006765746D6574617461626C6583
:10C8E0000000000069706169727300006E65787401
:10C8F0000000000070616972730000007063616C79
:10C900006C0000007072696E740000007761726ED6
:10C9100000000000726177657175616C00000000B5
:10C920007261776C656E00007261776765740000F4
:10C93000726177736574000073656C6563740000E1
:10C940007365746D6574617461626C6500000000EC
:10C95000746F6E756D62657200000000746F7374A1
:10C9600072696E6700000000747970650000000055
:10C97000787063616C6C00007A65726F0000000073
:10C98000666C6F617400000077726F6E67206E7561
:10C990006D626572206F6620617267756D656E7479
:10C9A00073000000696E74657276616C2069732093
:10C9B000656D7074790000007069000068756765C6
:10C9C000000000006D6178696E7465676572000033
:10C9D0006D696E696E7465676572000061627300EF
:10C9E00061636F73000000006173696E00000000F6
:10C9F0006174616E000000006365696C00000000F6
:10CA0000636F73006465670065787000746F696EAA
:10CA10007465676572000000666C6F6F72000000DD
:10CA2000666D6F6400000000756C74006C6F6700C9
:10CA30006D6178006D696E006D6F646600000000C6
:10CA40007261640073696E0073717274000000009B
:10CA500074616E0072616E646F6D000072616E646D
:10CA60006F6D73656564000025642D6279746520BF
:10CA7000696E746567657220646F6573206E6F748C
:10CA80002066697420696E746F204C756120496E50
:10CA900074656765720000006D616C666F726D652C
:10CAA00064207061747465726E2028656E647320F2
:10CAB0007769746820272525272900006D616C6639
:10CAC0006F726D6564207061747465726E20286D7C
:10CAD000697373696E6720275D2729007265737516
:10CAE0006C74696E6720737472696E6720746F6FFF
:10CAF000206C61726765000076616C7565206F75EA
:10CB000074206F662072616E67650000756E6162E9
:10CB10006C6520746F2064756D7020676976656E32
:10CB20002066756E6374696F6E00000061747465D1
:10CB30006D707420746F2025732061202725732762
:10CB40002077697468206120272573270000000082
:10CB5000696E74656772616C2073697A6520282537
:10CB60006429206F7574206F66206C696D69747319
:10CB7000205B312C25645D006D697373696E6720DD
:10CB800073697A6520666F7220666F726D617420BA
:10CB90006F7074696F6E202763270000696E76617D
:10CBA0006C696420666F726D6174206F7074696F58
:10CBB0006E20272563270000696E76616C6964200A
:10CBC0006E657874206F7074696F6E20666F722066
:10CBD0006F7074696F6E202758270000666F726D42
:10CBE00061742061736B7320666F7220616C69677A
:10CBF0006E6D656E74206E6F7420706F7765722035
:10CC00006F662032000000007661726961626C65B7
:10CC10002D6C656E67746820666F726D61740000BC
:10CC2000666F726D617420726573756C7420746FB9
:10CC30006F206C6172676500696E76616C69642053
:10CC40006361707475726520696E6465782025254E
:10CC500025640000756E66696E697368656420639B
:10CC60006170747572650000696E76616C6964202C
:10CC7000636F6E76657273696F6E2073706563693A
:10CC80006669636174696F6E3A2027257327000017
:10CC90002D2B3020000000002D3000002D2330000F
:10CCA00031653939393900002D3165393939390063
:10CCB00028302F302900000030782578000000004F
:10CCC0002D2B2330203132333435363738392E008E
:10CCD000696E76616C696420666F726D617420287C
:10CCE000746F6F206C6F6E67290000002D000000CC
:10CCF0002D2B233020000000737065636966696521
:10CD0000722027252571272063616E6E6F7420685D
:10CD1000617665206D6F64696669657273000000F5
:10CD20005C2564005C253033640000002561000050
:10CD300076616C756520686173206E6F206C697414
:10CD40006572616C20666F726D00000073747269A9
:10CD50006E6720636F6E7461696E73207A65726F9F
:10CD600073000000696E76616C696420636F6E7693
:10CD7000657273696F6E202725732720746F2027D3
:10CD8000666F726D61742700737472696E672073C9
:10CD90006C69636520746F6F206C6F6E67000000B4
:10CDA000696E697469616C20706F736974696F6E04
:10CDB000206F7574206F6620737472696E6700004F
:10CDC0006461746120737472696E6720746F6F2080
:10CDD00073686F7274000000746F6F206D616E79FC
:10CDE00020726573756C747300000000756E66695F
:10CDF0006E697368656420737472696E6720666F0C
:10CE00007220666F726D617420277A27000000001F
:10CE10007061747465726E20746F6F20636F6D70D3
:10CE20006C657800746F6F206D616E79206361703E
:10CE30007475726573000000696E76616C696420B8
:10CE40007061747465726E206361707475726500D0
:10CE50006D616C666F726D6564207061747465726B
:10CE60006E20286D697373696E6720617267756DD6
:10CE7000656E747320746F202725256227290000B2
:10CE80006D697373696E6720275B2720616674651F
:10CE90007220272525662720696E207061747465CD
:10CEA000726E0000737472696E672F66756E6374BC
:10CEB000696F6E2F7461626C65000000696E766147
:10CEC0006C696420757365206F66202725632720B1
:10CED000696E207265706C6163656D656E74207338
:10CEE0007472696E67000000696E76616C69642017
:10CEF0007265706C6163656D656E742076616C75CA
:10CF0000652028612025732900000000756E736973
:10CF1000676E6564206F766572666C6F77000000DF
:10CF2000737472696E67206C6F6E676572207468C7
:10CF3000616E20676976656E2073697A650000000E
:10CF4000737472696E67206C656E67746820646FB5
:10CF50006573206E6F742066697420696E2067693E
:10CF600076656E2073697A65000000005E242A2BC6
:10CF70003F2E285B252D00006279746500000000BB
:10CF8000636861720000000064756D70000000004D
:10CF900066696E6400000000676D6174636800007C
:10CFA00067737562000000006C656E006C6F7765DA
:10CFB00072000000726570007265766572736500BC
:10CFC0007375620075707065720000007061636B4C
:10CFD000000000007061636B73697A6500000000F7
:10CFE000746F6F206D616E7920726573756C7473E8
:10CFF00020746F20756E7061636B0000696E7661DE
:10D000006C69642076616C75652028257329206120
:10D010007420696E64657820254920696E207461EA
:10D02000626C6520666F722027636F6E6361742780
:10D0300000000000696E76616C6964206F7264653F
:10D04000722066756E6374696F6E20666F722073EE
:10D050006F7274696E670000617272617920746F1B
:10D060006F20626967000000706F736974696F6E8A
:10D07000206F7574206F6620626F756E6473000098
:10D0800077726F6E67206E756D626572206F6620B5
:10D09000617267756D656E747320746F2027696E99
:10D0A0007365727427000000746F6F206D616E7974
:10D0B00020656C656D656E747320746F206D6F767E
:10D0C0006500000064657374696E6174696F6E2039
:10D0D000777261702061726F756E6400636F6E634A
:10D0E00061740000696E73657274000072656D6F23
:10D0F000766500006D6F766500000000736F7274D6
:10D1000000000000809A45418E418F804545454989
:10D1100049498E8F9092924F994F555559999A9BA4
:10D120009C9D9E9F41494F55A5A5A6A7A8A9AAAB1E
:10D13000ACADAEAFB0B1B2B3B4B5B6B7B8B9BABBB7
:10D14000BCBDBEBFC0C1C2C3C4C5C6C7C8C9CACBA7
:10D15000CCCDCECFD0D1D2D3D4D5D6D7D8D9DADB97
:10D16000DCDDDEDFE0E1E2E3E4E5E6E7E8E9EAEB87
:10D17000ECEDEEEFF0F1F2F3F4F5F6F7F8F9FAFB77
:10D18000FCFDFEFF78B5020880B502088CB50208E8
:10D1900098B50208A4B50208ACB50208B8B50208F3
:10D1A000C4B50208D0B50208D4B50208D8B5020843
:10D1B000DCB50208E0B50208E4B50208E8B50208EB
:10D1C000F0B50208F8B50208FCB50208000000003E
:10D1D0000000000000B6020804B6020808B6020803
:10D1E0000CB6020810B6020814B6020818B60208F7
:10D1F0005D70000800000000000000001CB602087E
:10D200009570000824B602080572000830B60208BE
:10D210001D71000800000000000000003CB602087C
:10D220000573000844B602080174000854B60208E9
:10D23000DD73000864B60208E172000874B60208E3
:10D24000B972000800000000000000003CB60208AF
:10D250006578000884B602088D7100088CB6020853
:10D26000057100089CB60208AD700008ACB6020853
:10D27000D1760008BCB60208F1790008C8B60208E9
:10D28000997B0008D4B60208217B0008E4B60208A6
:10D29000BD730008F0B602085973000800000000D2
:10D2A000000000000001000200040008100020003F
:10D2B00040008000001000200800040000400080B2
:10D2C0000000000070B802080989000878B8020858
:10D2D0003586000880B80208B985000890B80208B1
:10D2E000ED830008A0B802084D830008000000008C
:10D2F00000000000A1C20008058F000885B80008E2
:10D30000A5B80008C9B800081DBB0008299000088E
:10D31000D98F0008398F0008018F0008E8B802088B
:10D32000D0B80208DCB802080FF9F01FFCFFE7FFD5
:10D330009F0F0FF8000FF9F01FFCFFE7FF9F0F0F83
:10D34000F8003FF1E01FFCFFE3FFCF0F1FF800786C
:10D3500001E01E00F803C7CF0F3800007C01E01E7B
:10D3600000F007C79F0F3E00007F01E01E00F0079E
:10D37000879E1F3F80007F01E01E00F007879E1FF1
:10D380003F80003FC1E01FE0FF87879E1E3FE00017
:10D390001FF3C03FE0FF07FF1E1E0FF00007F3C0A2
:10D3A0003C01F007FE1E1E03F80001FBC03C01E03B
:10D3B00007801E1E00F80001FBC03C01E007801E34
:10D3C0001E00F8000073C03C01E00F003E3E0078F4
:10D3D000007FE3FFBFF9FFCF001FFC7FF000FFC716
:10D3E000FF3FF1FF8F000FFC7FE000000000000016
:10D3F0000000005F00000007000700147F147F1486
:10D40000242A7F2A122313086462364956205000CA
:10D4100008070300001C2241000041221C002A1CB6
:10D420007F1C2A08083E08080080703000080808A1
:10D430000808000060600020100804023E514945C1
:10D440003E00427F400072494949462141494D33DF
:10D450001814127F1027454545393C4A4949314146
:10D46000211109073649494936464949291E000014
:10D470001400000040340000000814224114141469
:10D480001414004122140802015909063E415D5955
:10D490004E7C1211127C7F494949363E414141225E
:10D4A0007F4141413E7F494949417F090909013E88
:10D4B000414151737F0808087F00417F41002040AF
:10D4C000413F017F081422417F404040407F021CC1
:10D4D000027F7F0408107F3E4141413E7F090909D8
:10D4E000063E4151215E7F091929462649494932A4
:10D4F00003017F01033F4040403F1F2040201F3F6A
:10D500004038403F631408146303047804036159EE
:10D51000494D4300A00F000002000000640000001D
:10D520000600000000000000FFFFFFFFFFFFFFFFFD
:10D5300000000000000000000000080808080800C3
:10D5400000000000000000000000000000000000DB
:10D55000000C040404040404040404040404040487
:10D5600004161616161616161616160404040404C7
:10D5700004041515151515150505050505050505FD
:10D58000050505050505050505050505040404044F
:10D5900005041515151515150505050505050505DC
:10D5A000050505050505050505050505040404042F
:10D5B000000000000000000000000000000000006B
:10D5C000000000000000000000000000000000005B
:10D5D000000000000000000000000000000000004B
:10D5E000000000000000000000000000000000003B
:10D5F000000000000000000000000000000000002B
:10D60000000000000000000000000000000000001A
:10D61000000000000000000000000000000000000A
:10D6200000000000000000000000000000000000FA
:10D6300000000000757076616C7565006C6F636149
:10D640006C000000010303040405060034BD020859
:10D6500038BD020840BD020844BD02084CBD0208A6
:10D6600054BD020858BD020860BD020864BD02082E
:10D6700070BD020850BD02084CC6020878BD020801
:10D6800080BD020884BD0208A0C2020888BD02084D
:10D6900090BD020898BD0208A0BD0208A8BD0208FE
:10D6A000B0BD0208B8BD0208BCBD0208C0BD02087A
:10D6B000C4BD0208C8BD0208CCBD0208D0BD020826
:10D6C000D4BD0208D8BD0208DCBD0208E0BD0208D6
:10D6D000E8BD0208F4BD020800BE020808BE020848
:10D6E0000001020203030303040404040404040409
:10D6F00005050505050505050505050505050505DA
:10D7000006060606060606060606060606060606B9
:10D7100006060606060606060606060606060606A9
:10D720000707070707070707070707070707070789
:10D730000707070707070707070707070707070779
:10D740000707070707070707070707070707070769
:10D750000707070707070707070707070707070759
:10D760000808080808080808080808080808080839
:10D770000808080808080808080808080808080829
:10D780000808080808080808080808080808080819
:10D790000808080808080808080808080808080809
:10D7A00008080808080808080808080808080808F9
:10D7B00008080808080808080808080808080808E9
:10D7C00008080808080808080808080808080808D9
:10D7D00008080808080808080808080808080808C9
:10D7E000080A0A09090808080808000808080800C3
:10D7F00000000008080808080808080808080808C1
:10D8000008080808080808080808080808088080A8
:10D8100080080808080800000410101010101010EC
:10D82000101010186868200000090901000920097B
:10D8300048280300494D00004A4B00000A0A0A0A22
:10D840000B0B0B0B0E0D0B0B0B0B06060404050547
:10D85000070707070908030303030303030303037D
:10D86000030302020101000000000000200000008C
:10D870000000000010000000000000000000000098
:10D8800028C2020830C2020810BA02083CC20208CC
:10D8900044C202084CC2020854C202085CC2020818
:10D8A00064C202086CC2020874C202087CC2020888
:10D8B00084C202088CC2020894C202089CC20208F8
:10D8C000A4C20208ACC20208B4C20208BCC2020868
:10D8D000C4C20208CCC20208D4C20208E0C20208D4
:10D8E000E8C20208F0C2020880BD0208FCC20208B9
:10D8F00014D9020804C30208B8CD0208B4CE020845
:10D9000064BD020814D902080CC3020814C302083B
:10D910001CC30208757365726461746100000000C5
:10D92000D4AD010862C4010858B101083CC4010823
:10D9300050AE01086CBE010852BE010886C3010842
:10D9400060C3010834B80108CABC0108E4B7010883
:10D950009ABC010846BC0108FCBB010896C101083D
:10D960000AB5010806B4010874C2010886B40108AA
:10D970002AC201089ABD010844BD010814B7010874
:10D98000A6B601085CB6010898BA0108F4B501080A
:10D99000E4C3010860BA0108FEC001089CB3010895
:10D9A000B4C0010854B301089CC3010816BB0108A8
:10D9B000E0C10108EAC20108DEBD010836C1010864
:10D9C0007EC20108A0B7010870C001085CB7010859
:10D9D000A8BB01081CC0010868BB010862BF0108A0
:10D9E000D4BF0108D2B30108F2BE0108A6BF0108E6
:10D9F000C2BE010822BF010818BD010884BE01088B
:10DA0000A8BE01085CB5010896B5010810B9010867
:10DA1000E2B80108ACB801085EB80108BEB9010857
:10DA200070B901080CBA010828B301080CB101084B
:10DA300004AE0108AAB0010882B101083EB0010895
:10DA400072B0010804B00108D6AF010886AE010823
:10DA5000ACAE0108F2AE010864B2010824AF0108BF
:10DA600038B201080AB201083AAE010810BA020839
:10DA7000ADD70108E8C20208ADD7010800000000D8
:10DA80000000000000000000010000000200000093
:10DA90000300000005000000060000000700000071
:10DAA000090000000A0000000B00000090C80208F6
:10DAB00098C8020874C80208A0C8020868C402080E
:10DAC000A8C80208B4C80208C0C8020864C802088E
:10DAD00058C8020800000000CCC8020891EC0108F8
:10DAE00020B5020815EE010804B502084DEA010848
:10DAF00064B50208F9E90108D4C8020861EC01081C
:10DB0000E4C80208E5E8010814B5020815EC0108AC
:10DB10000CB5020875EB0108ECC8020811E9010810
:10DB2000F4C80208D1EA0108FCC8020869EF01083C
:10DB300004C9020859E801080CC90208F9E70108FC
:10DB400014C90208D1E7010820C902089DE70108AD
:10DB500028C9020875E7010830C9020845E701082D
:10DB600038C9020879E6010840C90208E5E601085B
:10DB700050C90208E5EC01085CC902085DE601082D
:10DB800068C9020821E6010870C90208CDEF010842
:10DB9000F8B402080000000084C802080000000079
:10DBA0000000000000000000DCC9020859F501086F
:10DBB000E0C90208CDF30108E8C90208B1F3010881
:10DBC000F0C9020879F30108F8C90208D1F6010882
:10DBD00000CA02085DF3010804CA0208BDF001088A
:10DBE00008CA020841F301080CCA020825F5010819
:10DBF00018CA020835F7010820CA0208A9F201086C
:10DC000028CA020881F201082CCA0208F1F10108B1
:10DC100030CA02089DF1010834CA020849F101081E
:10DC200038CA020829F4010840CA020899F001081C
:10DC300044CA02082DF1010848CA0208FDF0010893
:10DC400050CA0208E1F0010868C90208E9F30108B6
:10DC500054CA0208000000005CCA0208000000006C
:10DC6000B8C9020800000000BCC90208000000009A
:10DC7000C4C9020800000000D0C90208000000006A
:10DC8000000000000000000054CA020899F70108D3
:10DC90005CCA020899F501080000000000000000BD
:10DCA00078CF0208A50C020880CF0208D5FF010832
:10DCB00088CF02082D00020890CF02087D1E0208BE
:10DCC00018CC02080906020898CF0208FD0B0208CA
:10DCD000A0CF0208FD120208A8CF020805FC010827
:10DCE000ACCF0208A9FE01082CC40208751E020868
:10DCF000B4CF020809FF0108B8CF020865FE010889
:10DD0000C0CF02087D0B0208C4CF020805FE01083F
:10DD1000CCCF020811170208D4CF0208A5040208CC
:10DD2000F4CF0208610D02080000000000000000AE
:10DD300054C202089D0102085CC20208B101020837
:10DD400064C20208C50102086CC20208D9010208B7
:10DD500074C20208ED0102087CC202080102020836
:10DD600084C2020815020208B4C20208290202088D
:10DD700028C20208000000000000000000000000AF
:10DD8000DCD002089D240208E4D0020831250208F4
:10DD9000CCCF02089D1F0208F4CF0208191F020809
:10DDA000ECD0020809240208F4D00208C1250208B8
:10DDB000FCD00208992302080000000000000000C7
:10DDC00000000080DB0F4940DB0F49C0DB0F49BF7B
:10DDD000E4CB1640E4CB16C0D1F71737D1F717B70D
:10DDE0008071313F807131BF0000003F000000BFF3
:10DDF0000000000000000080000FC93F000F4940F4
:10DE000000CB9640000FC9400053FB4000CB1641A9
:10DE100000ED2F41000F49410031624100537B4129
:10DE2000003A8A4100CB9641005CA34100EDAF412E
:10DE3000007EBC41000FC94100A0D5410031E24144
:10DE400000C2EE410053FB4100F20342003A0A4295
:10DE50000083104200CB164200141D42005C234296
:10DE600000A5294200ED2F4200363642007E3C429A
:10DE700000C74242000F4942A2000000F900000022
:10DE8000830000006E0000004E000000440000000F
:10DE90001500000029000000FC0000002700000021
:10DEA00057000000D1000000F50000003400000021
:10DEB000DD000000C0000000DB0000006200000088
:10DEC00095000000990000003C00000043000000A5
:10DED0009000000041000000FE0000005100000022
:10DEE00063000000AB000000DE000000BB0000008B
:10DEF000C500000061000000B70000002400000021
:10DF00006E0000003A000000420000004D000000DA
:10DF1000D2000000E0000000060000004900000000
:10DF20002E000000EA00000009000000D1000000FF
:10DF3000920000001C000000FE0000001D00000018
:10DF4000EB0000001C000000B100000029000000F0
:10DF5000A70000003E000000E80000008200000072
:10DF600035000000F50000002E000000BB0000009E
:10DF70004400000084000000E90000009C00000054
:10DF80007000000026000000B40000005F000000E8
:10DF90007E000000410000003900000091000000F8
:10DFA000D60000003900000083000000530000008C
:10DFB00039000000F40000009C0000008400000014
:10DFC0005F0000008B000000BD000000F9000000B1
:10DFD000280000003B0000001F000000F8000000C7
:10DFE00097000000FF000000DE00000005000000B8
:10DFF000980000000F000000EF0000002F0000005C
:10E00000110000008B0000005A0000000A00000010
:10E010006D0000001F0000006D00000036000000D1
:10E020007E000000CF00000027000000CB000000B1
:10E0300009000000B70000004F000000460000008B
:10E040003F000000660000009E0000005F0000002E
:10E05000EA0000002D00000075000000270000000D
:10E06000BA000000C7000000EB000000E50000005F
:10E07000F10000007B0000003D00000007000000F0
:10E0800039000000F70000008A0000005200000084
:10E0900092000000EA0000006B000000FB0000009E
:10E0A0005F000000B10000001F0000008D000000B4
:10E0B0005D000000080000005600000003000000A2
:10E0C0003000000046000000FC0000007B00000063
:10E0D0006B000000AB000000F0000000CF0000006B
:10E0E000BC000000200000009A000000F4000000C6
:10E0F000360000001D000000A9000000E300000041
:10E1000091000000610000005E000000E6000000D9
:10E110001B000000080000006500000099000000DE
:10E12000850000005F00000014000000A000000057
:10E1300068000000400000008D000000FF000000AB
:10E14000D8000000800000004D00000073000000B7
:10E15000270000003100000006000000060000005B
:10E160001500000056000000CA0000007300000007
:10E17000A8000000C900000060000000E2000000EC
:10E180007B000000C00000008C0000006B0000005D
:10E190006937AC3168212233B40F14336821A233BC
:10E1A0003863ED3EDA0F493F5E987B3FDA0FC93F97
:10E1B0000000C93F0000F0390000DA370000A23348
:10E1C0000000842E0000502B0000C2270000D02247
:10E1D0000000C41F0000C61B00004417040000001C
:10E1E00007000000090000002E00494E4600696E3D
:10E1F00066004E414E006E616E00300030313233A9
:10E20000343536373839414243444546003031329F
:10E210003334353637383961626364656600537567
:10E220006363657373004E6F74206F776E65720061
:10E230004E6F20737563682066696C65206F72206D
:10E240006469726563746F7279004E6F20737563D1
:10E25000682070726F6365737300496E74657272C3
:10E2600075707465642073797374656D2063616C77
:10E270006C00492F4F206572726F72004E6F2073D1
:10E2800075636820646576696365206F72206164D8
:10E29000647265737300417267206C6973742074D3
:10E2A0006F6F206C6F6E67004578656320666F72D4
:10E2B0006D6174206572726F7200536F636B657469
:10E2C00020616C726561647920636F6E6E65637442
:10E2D0006564004261642066696C65206E756D62DC
:10E2E0006572004E6F206368696C6472656E0044ED
:10E2F000657374696E6174696F6E206164647265C0
:10E300007373207265717569726564004E6F206D5C
:10E310006F72652070726F636573736573004E6F03
:10E320007420656E6F756768207370616365005057
:10E3300065726D697373696F6E2064656E6965647B
:10E3400000426164206164647265737300446576A1
:10E35000696365206F72207265736F7572636520E3
:10E36000627573790046696C6520657869737473AA
:10E370000043726F73732D646576696365206C6901
:10E380006E6B004E6F2073756368206465766963F9
:10E3900065004E6F742061206469726563746F72EA
:10E3A0007900486F737420697320646F776E00433F
:10E3B0006F6E6E656374696F6E20616C7265616407
:10E3C0007920696E2070726F67726573730049738C
:10E3D0002061206469726563746F727900496E769A
:10E3E000616C696420617267756D656E74004E655D
:10E3F00074776F726B20696E7465726661636520F5
:10E400006973206E6F7420636F6E666967757265DD
:10E410006400436F6E6E656374696F6E2061626F36
:10E4200072746564206279206E6574776F726B0018
:10E43000546F6F206D616E79206F70656E20666914
:10E440006C657320696E2073797374656D0046691D
:10E450006C652064657363726970746F7220766195
:10E460006C756520746F6F206C61726765004E6F0C
:10E4700074206120636861726163746572206465F1
:10E480007669636500546578742066696C652062FE
:10E490007573790046696C6520746F6F206C6172CA
:10E4A000676500486F737420697320756E726561CB
:10E4B000636861626C65004E6F20737061636520F4
:10E4C0006C656674206F6E20646576696365004EC6
:10E4D0006F7420737570706F7274656400496C6C32
:10E4E0006567616C207365656B00526561642D6FB3
:10E4F0006E6C792066696C652073797374656D0044
:10E50000546F6F206D616E79206C696E6B73004281
:10E51000726F6B656E2070697065004D617468651F
:10E520006D617469637320617267756D656E7420C7
:10E530006F7574206F6620646F6D61696E206F6601
:10E540002066756E6374696F6E00526573756C74C6
:10E5500020746F6F206C61726765004E6F206D656F
:10E560007373616765206F662064657369726564A3
:10E570002074797065004964656E746966696572B6
:10E580002072656D6F76656400496C6C6567616CBF
:10E5900020627974652073657175656E63650044EA
:10E5A0006561646C6F636B004E6574776F726B208E
:10E5B000697320756E726561636861626C65004E97
:10E5C0006F206C6F636B004E6F74206120737472E8
:10E5D00065616D0053747265616D20696F63746C61
:10E5E0002074696D656F7574004E6F207374726569
:10E5F000616D207265736F75726365730056697221
:10E600007475616C20636972637569742069732025
:10E61000676F6E650050726F746F636F6C20657208
:10E62000726F7200556E6B6E6F776E2070726F74C2
:10E630006F636F6C004D756C7469686F70206174E6
:10E6400074656D7074656400426164206D657373F8
:10E650006167650046756E6374696F6E206E6F74D6
:10E6600020696D706C656D656E74656400446972D7
:10E670006563746F7279206E6F7420656D70747944
:10E680000046696C65206F722070617468206E614D
:10E690006D6520746F6F206C6F6E6700546F6F2014
:10E6A0006D616E792073796D626F6C6963206C693E
:10E6B0006E6B73004E6F20627566666572207370B4
:10E6C00061636520617661696C61626C65004E6FA3
:10E6D00020646174610041646472657373206661D3
:10E6E0006D696C79206E6F7420737570706F7274C1
:10E6F00065642062792070726F746F636F6C20663E
:10E70000616D696C790050726F746F636F6C207704
:10E71000726F6E67207479706520666F7220736FF8
:10E72000636B657400536F636B6574206F70657203
:10E730006174696F6E206F6E206E6F6E2D736F63E4
:10E740006B65740050726F746F636F6C206E6F74C2
:10E7500020617661696C61626C6500436F6E6E6505
:10E760006374696F6E207265667573656400436FCC
:10E770006E6E656374696F6E207265736574206276
:10E7800079207065657200416464726573732061FD
:10E790006C726561647920696E20757365004164EF
:10E7A0006472657373206E6F7420617661696C6149
:10E7B000626C6500536F6674776172652063617582
:10E7C00073656420636F6E6E656374696F6E20613C
:10E7D000626F727400536F636B6574206973206E8F
:10E7E0006F7420636F6E6E656374656400536F634E
:10E7F0006B657420697320616C7265616479206354
:10E800006F6E6E6563746564004F706572617469E4
:10E810006F6E2063616E63656C6564005374617430
:10E8200065206E6F74207265636F76657261626CCD
:10E83000650050726576696F7573206F776E6572CB
:10E840002064696564004F7065726174696F6E2041
:10E850006E6F7420737570706F72746564206F6E64
:10E8600020736F636B65740056616C756520746FFF
:10E870006F206C6172676520666F722064656669DF
:10E880006E656420646174612074797065004D6503
:10E89000737361676520746F6F206C6F6E670043E0
:10E8A0006F6E6E656374696F6E2074696D65642048
:10E8B0006F7574004300504F53495800496E6669A4
:10E8C0006E697479004E614E005245454E54206D7C
:10E8D000616C6C6F63207375636365656465640068
:10E8E0002F646174612F6A656E6B696E732F776F29
:10E8F000726B73706163652F474E552D746F6F6C2B
:10E90000636861696E2F61726D2D31352D352F73FE
:10E9100072632F6E65776C69622D63796777696EB4
:10E920002F6E65776C69622F6C6962632F737464F4
:10E930006C69622F64746F612E630042616C6C6F4E
:10E940006320737563636565646564002F64617437
:10E95000612F6A656E6B696E732F776F726B737060
:10E960006163652F474E552D746F6F6C63686169E5
:10E970006E2F61726D2D31352D352F7372632F6EB1
:10E9800065776C69622D63796777696E2F6E65773D
:10E990006C69622F6C6962632F7374646C69622F97
:10E9A0006764746F612D6765746865782E63002FE6
:10E9B000646174612F6A656E6B696E732F776F7215
:10E9C0006B73706163652F474E552D746F6F6C6369
:10E9D0006861696E2F61726D2D31352D352F73721F
:10E9E000632F6E65776C69622D63796777696E2F27
:10E9F0006E65776C69622F6C6962632F7374646CE7
:10EA000069622F6D707265632E6300232D302B2099
:10EA100000686C4C00656667454647002C206675AB
:10EA20006E6374696F6E3A20006173736572746906
:10EA30006F6E2022257322206661696C65643A201E
:10EA400066696C6520222573222C206C696E652016
:10EA50002564257325730A0034000000CEFBFFFFF8
:10EA6000CB030000010000000000000035000000A2
:10EA7000CEFBFFFFCB030000010000000000000000
:10EA8000BC89D897B2D29C3C33A7A8D523F6493984
:10EA90003DA7F444FD0FA5329D978CCF08BA5B25A6
:10EAA000436FAC642806681100202020202020201D
:10EAB000202028282828282020202020202020202E
:10EAC000202020202020202020881010101010103E
:10EAD000101010101010101010040404040404048A
:10EAE0000404041010101010101041414141414124
:10EAF0000101010101010101010101010101010106
:10EB00000101010110101010101042424242424215
:10EB100002020202020202020202020202020202D5
:10EB2000020202021010101020000000000000007D
:10EB300000000000000000000000000000000000D5
:10EB400000000000000000000000000000000000C5
:10EB500000000000000000000000000000000000B5
:10EB600000000000000000000000000000000000A5
:10EB70000000000000000000000000000000000095
:10EB80000000000000000000000000000000000085
:10EB90000000000000000000000000000000000075
:10EBA0000000000000000000000000000500000060
:10EBB000190000007D0000000080E03779C3414368
:10EBC000176E05B5B5B89346F5F93FE9034F384DD3
:10EBD000321D30F94877825A3CBF737FDD4F15757F
:10EBE000000000000000F03F000000000000244092
:10EBF00000000000000059400000000000408F406D
:10EC0000000000000088C34000000000006AF840D7
:10EC10000000000080842E4100000000D0126341FB
:10EC20000000000084D797410000000065CDCD4171
:10EC3000000000205FA00242000000E87648374252
:10EC4000000000A2941A6D42000040E59C30A242F0
:10EC50000000901EC4BCD64200003426F56B0C4365
:10EC60000080E03779C3414300A0D885573476430C
:10EC700000C84E676DC1AB43003D9160E458E1436D
:10EC8000408CB5781DAF154450EFE2D6E41A4B44E2
:10EC900092D54D06CFF08044F64AE1C7022DB54427
:10ECA000B49DD9794378EA44B419FD7FB0B0B080FF
:10ECB000D019FD7F01000000BCB7FF7FB0A8038022
:10ECC00050B8FF7FB0B0A880A0B8FF7F010000005F
:10ECD000A8B8FF7FB0B0AA80DCB8FF7FAF76B28063
:10ECE000A8B9FF7FAB3F3A8010BAFF7F0100000058
:10ECF00018BAFF7FB0B0AA8054BAFF7F01000000AD
:10ED0000FCBAFF7FAC0FB28080BBFF7FB0AF088042
:10ED10000CBEFF7F010000001CBEFF7FAC3F0380E4
:10ED200010C1FF7F0100000040C1FF7FB0AC058033
:10ED300040C4FF7F01000000410F0008190F0008C8
:10ED400000127A0001000000E14F00086D4F00083A
:10ED5000C95000084D4E00081C04002055950008BD
:10ED60001D950008C9950008C99200083D9C00083F
:10ED7000CD92000855940008D9930008F992000834
:10ED8000EC1101203A0000006400002004000000A3
:10ED9000A0000020770000003001002012000000D9
:10EDA000A801002002030000000000000000000095
:10EDB0000000000000000000000000000000000053
:10EDC0000000000000000000000000000000000043
:10EDD0000000000000000000000000000000000033
:10EDE00004030904092110010001227E0000000033
:10EDF00006FF000901A10185020902150025017520
:10EE000008953FB1828502090291828503090315A5
:10EE10000025017508953FB182850309039182851C
:10EE2000040904150025017508953FB18285040980
:10EE30000491828505090515002501750181820966
:10EE4000057501B1827507818385057507B18385D5
:10EE5000F00906150026FF007508953F910285F020
:10EE60000907150026FF007508953F8182C0000044
:10EE700009027700030100A0FA0904000002FF471D
:10EE8000D000070502034000040705820340000488
:10EE90000904000102FF47D00007050203400004F7
:10EEA000070582034000020904010000FF47D0006B
:10EEB0000904010102FF47D00007050301E4000136
:10EEC000070583014000010904020000FF47D0004C
:10EED0000904020102FF47D00007050402400000B8
:10EEE000070584024000000012010002FF47D040E5
:10EEF0005E04120B0905010203010000AD9C00082D
:10EF0000B59C0008B99C0008D19C0008C19C000871
:10EF1000199D00085D9D0008C99C0008A19D00087E
:10EF2000D59C0008F1AA0008EDA9000849A900082D
:10EF300041AE0008EC82012051B3000871B3000813
:10EF400075B3000879B3000855B3000859B3000839
:10EF50006DB3000861B300087DB3000881B30008F9
:10EF60005DB3000885B3000880004000FFFF01008A
:10EF70000000000003000000E087032043000000C1
:10EF80000000000000000000000000000000000081
:10EF9000000000000000000000000000430000002E
:10EFA0000000000000000000000000000000000061
:10EFB000000000000000000000000000430000000E
:10EFC0000000000000000000000000000000000041
:10EFD00000000000000000000000000043000000EE
:10EFE0000000000000000000000000000000000021
:10EFF00000000000000000000000000043000000CE
:10F000000000000000000000000000000000000000
:10F0100000000000000000000000000043000000AD
:10F0200000000000000000000000000000000000E0
:10F03000000000000000000000000000430000008D
:10F0400000000000000000000000000000000000C0
:10F05000000000000000000000000000539C0208B7
:10F060008F92020800000000A8EA0208E8E1020806
:10F0700057EA020857EA020857EA020857EA020864
:10F0800057EA020857EA020857EA020857EA020854
:10F0900057EA0208FFFFFFFFFFFFFFFFFFFFFFFF31
:10F0A000FFFF0000010041534349490000000000F8
:10F0B0000000000000000000000000000000000050
:10F0C00000000000000041534349490000000000D7
:10F0D0000000000000000000000000000000000030
:10F0E0000000000000000000AC0300200000000051
:10F0F000E087032048880320B08803200000000038
:10F1000000000000000000000000000000000000FF
:10F1100000000000000000000000000000000000EF
:10F1200000000000000000000000000000000000DF
:08F130000000000000000000D7
:02000004080CE6
:10000000534C55410100200012760000F2750000AB
:10001000B9A4989489A5E3D5000000000000000071
:100020006C6F63616C2061747461636B65727320C3
:100030003D207B0D0A0922534C45444745222C2084
:10004000225448415443484552222C2022415348CF
:10005000222C2022544845524D495445222C20221E
:10006000545749544348222C20224D4F4E54414767
:100070004E45222C0D0A0922474C415A222C20229F
:1000800046555A45222C2022424C49545A222C20B3
:10009000224951222C20224255434B222C2022421D
:1000A0004C41434B4245415244222C202243415073
:1000B0004954414F222C0D0A0922484942414E41E0
:1000C000222C20224A41434B414C222C20225949C8
:1000D0004E47222C20225A4F464941222C202244AE
:1000E0004F4B4B41454249222C20224C494F4E2236
:1000F0002C202246494E4B41222C0D0A09224D410B
:1001000056455249434B222C20224E4F4D4144220A
:100110002C2022475249444C4F434B222C20224E44
:100120004F4B4B222C2022414D415255222C202254
:100130004B414C49222C202249414E41222C0D0A90
:100140000922414345222C20225A45524F222C207D
:1001500022464C4F524553222C20224F5341222CF1
:10016000202253454E53222C20224752494D220D26
:100170000A7D0D0A0D0A6C6F63616C20646566650B
:100180006E64657273203D207B0D0A0922534D4F2A
:100190004B45222C20224D555445222C20224341F0
:1001A00053544C45222C202250554C5345222C2090
:1001B00022444F43222C2022524F4F4B222C2022EC
:1001C0004B41504B414E222C0D0A092254414348C9
:1001D000414E4B41222C20224A41474552222C209D
:1001E0002242414E444954222C202246524F53541D
:1001F000222C202256414C4B59524945222C202278
:1002000043415645495241222C0D0A092245434893
:100210004F222C20224D495241222C20224C455362
:10022000494F4E222C2022454C41222C2022564957
:1002300047494C222C20224D41455354524F222CE9
:100240002022414C494249222C0D0A0922434C41AB
:100250005348222C20224B414944222C20224D4F2E
:100260005A5A4945222C202257415244454E222CAD
:100270002022474F594F222C202257414D414922DD
:100280002C20224F525958222C0D0A09224D454C40
:10029000555349222C20224152554E49222C2022CE
:1002A0005448554E44455242495244222C2022542F
:1002B000484F524E222C2022415A414D49222C2097
:1002C00022534F4C4953222C0D0A092246454E52C7
:1002D0004952222C20225455424152414F222C2077
:1002E0002253454E545259220D0A7D0D0A0D0A6CB7
:1002F0006F63616C206669656C6473203D207B0DC3
:100300000A092253494445222C20224F504552418C
:10031000544F52222C2022574541504F4E222C2020
:1003200022564552544943414C222C2022484F52D8
:10033000495A4F4E54414C222C20224D4F56454D88
:10034000454E54222C0D0A092244454144205A4F5F
:100350004E45222C202252415049442046495245C4
:10036000222C202246495253542042554C4C45548D
:10037000222C202246495253542042554C4C45547D
:100380002025222C0D0A09225445412042414722B2
:100390002C2022544541204D53222C2022534841E9
:1003A000494B4F204C45414E222C2022524541447E
:1003B00059220D0A7D0D0A0D0A6C6F63616C207164
:1003C0007569636B5F73656C6563745F6275747484
:1003D0006F6E73203D207B0D0A097B636F6E747214
:1003E0006F6C6C65722E412C202271735F61222C20
:1003F000202241227D2C207B636F6E74726F6C6CA7
:1004000065722E422C202271735F62222C202242C0
:10041000227D2C0D0A097B636F6E74726F6C6C65A4
:10042000722E582C202271735F78222C20225822A1
:100430007D2C207B636F6E74726F6C6C65722E59AD
:100440002C202271735F79222C202259227D2C0DC1
:100450000A097B636F6E74726F6C6C65722E4C420E
:100460002C202271735F6C62222C20224C42227D50
:100470002C207B636F6E74726F6C6C65722E5242AF
:100480002C202271735F7262222C20225242227D24
:100490002C0D0A097B636F6E74726F6C6C65722E23
:1004A000445041445F55502C202271735F64752283
:1004B0002C202244504144205550227D2C0D0A0905
:1004C0007B636F6E74726F6C6C65722E4450414426
:1004D0005F444F574E2C202271735F6464222C209E
:1004E000224450414420444F574E227D2C0D0A098E
:1004F0007B636F6E74726F6C6C65722E44504144F6
:100500005F4C4546542C202271735F646C222C2072
:100510002244504144204C454654227D2C0D0A096A
:100520007B636F6E74726F6C6C65722E44504144C5
:100530005F52494748542C202271735F6472222C09
:10054000202244504144205249474854227D2C0DDA
:100550000A097B636F6E74726F6C6C65722E4C53FC
:100560002C202271735F6C73222C20224C53227D2D
:100570002C207B636F6E74726F6C6C65722E52539D
:100580002C202271735F7273222C20225253227D01
:100590002C0D0A097B636F6E74726F6C6C65722E22
:1005A0004C542C202271735F6C74222C20224C54EA
:1005B000227D2C207B636F6E74726F6C6C65722E63
:1005C00052542C202271735F7274222C20225254B8
:1005D000227D0D0A7D0D0A0D0A6C6F63616C206629
:1005E000756E6374696F6E20717569636B5F6269A4
:1005F0006E64696E675F6B657928736964652C202A
:10060000627574746F6E290D0A0972657475726E65
:100610002022717322202E2E2073696465202E2ED5
:1006200020225F22202E2E20627574746F6E5B3242
:100630005D3A7375622834290D0A656E640D0A0DE2
:100640000A6C6F63616C20717569636B5F73746FA3
:10065000726167655F6D69677261746564203D20D2
:1006600066616C73650D0A666F72205F2C2062757F
:1006700074746F6E20696E2069706169727328717D
:100680007569636B5F73656C6563745F62757474C1
:100690006F6E732920646F0D0A096C6F63616C20A3
:1006A00062696E64696E67203D2073746F72616762
:1006B000652E7265616428627574746F6E5B325D5D
:1006C000290D0A09696620747970652862696E646B
:1006D000696E6729203D3D20226E756D626572222C
:1006E000207468656E0D0A09096C6F63616C207374
:1006F000696465203D206D6174682E666C6F6F7251
:100700002862696E64696E67202F20313030290DB0
:100710000A09096C6F63616C206F70657261746F98
:1007200072203D2062696E64696E67202520313039
:10073000300D0A09096966202873696465203D3D0A
:100740002031206F722073696465203D3D2032297D
:1007500020616E64206F70657261746F72203E3D1F
:10076000203120616E64206F70657261746F722039
:100770003C3D203336207468656E0D0A0909097303
:10078000746F726167652E77726974652871756917
:10079000636B5F62696E64696E675F6B657928730E
:1007A0006964652C20627574746F6E292C206F70DB
:1007B000657261746F72290D0A0909656E640D0A0C
:1007C000090973746F726167652E777269746528A1
:1007D000627574746F6E5B325D2C206E696C290DCE
:1007E0000A0909717569636B5F73746F726167657C
:1007F0005F6D69677261746564203D207472756510
:100800000D0A09656E640D0A656E640D0A6966203D
:10081000717569636B5F73746F726167655F6D6932
:10082000677261746564207468656E2073746F729A
:100830006167652E636F6D6D6974282920656E642C
:100840000D0A0D0A6C6F63616C2066756E637469C6
:100850006F6E20717569636B5F62696E64696E6744
:100860005F6E616D6528736964652C206F706572B9
:1008700061746F72290D0A09666F72205F2C206205
:100880007574746F6E20696E206970616972732867
:10089000717569636B5F73656C6563745F627574B2
:1008A000746F6E732920646F0D0A090969662073DD
:1008B000746F726167652E72656164287175696312
:1008C0006B5F62696E64696E675F6B6579287369D7
:1008D00064652C20627574746F6E2929203D3D205B
:1008E0006F70657261746F72207468656E0D0A09AD
:1008F000090972657475726E20627574746F6E5B2F
:10090000335D0D0A0909656E640D0A09656E640D93
:100910000A0972657475726E20224E4F4E45220D83
:100920000A656E640D0A0D0A6C6F63616C20737446
:10093000617465203D207B0D0A09636F6E666967EF
:100940007572696E67203D20747275652C0D0A09F9
:100950006D656E755F6C6576656C203D20302C0D85
:100960000A0967616D65203D20312C0D0A09636F0E
:100970006E6669675F616374696F6E203D20312C1C
:100980000D0A09636F6E6669675F737461747573CE
:10099000203D20302C0D0A09717569636B5F73650A
:1009A0006C6563745F656E61626C6564203D207385
:1009B000746F726167652E72656164282271756952
:1009C000636B5F73656C6563742229203D3D207401
:1009D0007275652C0D0A097361625F656E61626CE8
:1009E0006564203D2073746F726167652E72656166
:1009F0006428227361625F656E61626C656422299E
:100A0000207E3D2066616C73652C0D0A0971756945
:100A1000636B5F70726576696F7573203D207B7DB7
:100A20002C0D0A09717569636B5F766965775F7074
:100A3000726576696F7573203D2066616C73652CF5
:100A40000D0A09717569636B5F6E61766967617420
:100A5000696F6E203D2066616C73652C0D0A09710B
:100A60007569636B5F63686F72645F6163746976F5
:100A700065203D2066616C73652C0D0A09717569EE
:100A8000636B5F636F6E73756D6564203D20666197
:100A90006C73652C0D0A09717569636B5F6F706506
:100AA0006E5F73696465203D20302C0D0A097175F5
:100AB00069636B5F6F70656E5F6F70657261746F95
:100AC00072203D20302C0D0A096C6173745F6F70C9
:100AD000657261746F72203D207B312C20317D2C3A
:100AE0000D0A096669656C64203D20312C0D0A09E8
:100AF0006669656C645F65646974696E67203D2032
:100B000066616C73652C0D0A0973696465203D206C
:100B1000312C0D0A096F70657261746F72203D206F
:100B2000312C0D0A09776561706F6E203D20312CE4
:100B30000D0A09766572746963616C203D20302C62
:100B40000D0A09686F72697A6F6E74616C203D20BE
:100B5000302C0D0A096D6F76656D656E74203D2031
:100B600038302C0D0A09646561647A6F6E65203D2A
:100B70002031322C0D0A0972617069645F666972F6
:100B800065203D2066616C73652C0D0A09666972EB
:100B900073745F62756C6C6574203D2066616C7364
:100BA000652C0D0A0966697273745F62756C6C65F9
:100BB000745F70657263656E74203D203130302C37
:100BC0000D0A097465615F626167203D2066616C92
:100BD00073652C0D0A097465615F6261675F6D73EF
:100BE000203D2033302C0D0A09736861696B6F5FFB
:100BF0006C65616E203D2066616C73652C0D0A0981
:100C0000736861696B6F5F646972203D20302C0DE1
:100C10000A0970726576696F75735F6465766963DA
:100C200065203D207B66616C73652C2066616C736A
:100C3000652C2066616C73652C2066616C73657D24
:100C40002C0D0A096465766963655F72657065617C
:100C5000745F6174203D207B302C20302C20302CA0
:100C600020307D2C0D0A0970726576696F75735F8F
:100C700079203D2066616C73652C0D0A09795F70DF
:100C80007265737365645F6174203D20302C0D0ABA
:100C90000970726576696F75735F646F776E203D5A
:100CA0002066616C73652C0D0A09646F776E5F7046
:100CB0007265737365645F6174203D20302C0D0A8A
:100CC00009646F776E5F7461705F72656C656173E4
:100CD00065203D2066616C73652C0D0A0970726594
:100CE00076696F75735F7274203D2066616C736501
:100CF0002C0D0A0966697273745F62756C6C657499
:100D00005F756E74696C203D20302C0D0A09646992
:100D100073706C61795F7265616479203D206661F2
:100D20006C73650D0A7D0D0A0D0A6C6F63616C2092
:100D30006C6F61646F75745F70726F66696C6573F8
:100D4000203D207B7B7D2C207B7D7D0D0A0D0A6C58
:100D50006F63616C2066756E6374696F6E206C6F73
:100D600061646F75745F70726F66696C6528290DB8
:100D70000A096C6F63616C20736964655F70726FE0
:100D800066696C6573203D206C6F61646F75745F7C
:100D900070726F66696C65735B73746174652E73D2
:100DA0006964655D0D0A096C6F63616C206F706525
:100DB0007261746F725F70726F66696C6573203DEB
:100DC00020736964655F70726F66696C65735B73CD
:100DD000746174652E6F70657261746F725D0D0A57
:100DE000096966206E6F74206F70657261746F722E
:100DF0005F70726F66696C6573207468656E0D0A4A
:100E000009096F70657261746F725F70726F6669E5
:100E10006C6573203D207B7D0D0A0909736964654B
:100E20005F70726F66696C65735B73746174652E55
:100E30006F70657261746F725D203D206F706572B6
:100E400061746F725F70726F66696C65730D0A0909
:100E5000656E640D0A096C6F63616C2070726F6659
:100E6000696C65203D206F70657261746F725F7090
:100E7000726F66696C65735B73746174652E7765F8
:100E800061706F6E5D0D0A096966206E6F74207067
:100E9000726F66696C65207468656E0D0A09096C6D
:100EA0006F63616C20766572746963616C2C206875
:100EB0006F72697A6F6E74616C2C206D6F76656DE0
:100EC000656E742C20646561647A6F6E652C207287
:100ED000617069645F666972652C0D0A09090966AB
:100EE000697273745F62756C6C65742C20666972CC
:100EF00073745F62756C6C65745F70657263656E48
:100F000074203D0D0A09090973746F726167652EBB
:100F1000726561645F6C6F61646F7574287374616E
:100F200074652E736964652C2073746174652E6F0B
:100F300070657261746F722C2073746174652E77A2
:100F40006561706F6E290D0A090970726F66696CB0
:100F500065203D20766572746963616C20616E6402
:100F6000207B0D0A090909766572746963616C203A
:100F70003D20766572746963616C2C20686F7269BC
:100F80007A6F6E74616C203D20686F72697A6F6E43
:100F900074616C2C0D0A0909096D6F76656D656EBB
:100FA00074203D206D6F76656D656E742C206465D0
:100FB00061647A6F6E65203D20646561647A6F6E4E
:100FC000652C0D0A09090972617069645F666972AE
:100FD00065203D2072617069645F666972652C20CE
:100FE00066697273745F62756C6C6574203D20660F
:100FF000697273745F62756C6C65742C0D0A0909F3
:101000000966697273745F62756C6C65745F706594
:101010007263656E74203D2066697273745F6275D9
:101020006C6C65745F70657263656E740D0A090996
:101030007D206F72207B0D0A09090976657274693B
:1010400063616C203D20302C20686F72697A6F6E6E
:1010500074616C203D20302C206D6F76656D656E5F
:1010600074203D2038302C20646561647A6F6E6591
:10107000203D2031322C0D0A090909726170696422
:101080005F66697265203D2066616C73652C206621
:10109000697273745F62756C6C6574203D20666163
:1010A0006C73652C0D0A09090966697273745F62B5
:1010B000756C6C65745F70657263656E74203D203D
:1010C0003130300D0A09097D0D0A09096F7065720A
:1010D00061746F725F70726F66696C65735B737455
:1010E0006174652E776561706F6E5D203D20707252
:1010F0006F66696C650D0A09656E640D0A09726593
:101100007475726E2070726F66696C650D0A656E1B
:10111000640D0A0D0A6C6F63616C2066756E6374F2
:10112000696F6E20736176655F6C6F61646F757453
:101130005F70726F66696C6528290D0A096C6F63B0
:10114000616C2070726F66696C65203D206C6F6108
:10115000646F75745F70726F66696C6528290D0A1B
:101160000970726F66696C652E7665727469636169
:101170006C203D2073746174652E766572746963AA
:10118000616C0D0A0970726F66696C652E686F720A
:10119000697A6F6E74616C203D2073746174652E82
:1011A000686F72697A6F6E74616C0D0A0970726F84
:1011B00066696C652E6D6F76656D656E74203D2079
:1011C00073746174652E6D6F76656D656E740D0A4E
:1011D0000970726F66696C652E646561647A6F6E02
:1011E00065203D2073746174652E646561647A6F57
:1011F0006E650D0A0970726F66696C652E7261709A
:1012000069645F66697265203D2073746174652E40
:1012100072617069645F666972650D0A0970726F48
:1012200066696C652E66697273745F62756C6C6555
:1012300074203D2073746174652E66697273745FE7
:1012400062756C6C65740D0A0970726F66696C6505
:101250002E66697273745F62756C6C65745F70651D
:101260007263656E74203D2073746174652E6669C7
:101270007273745F62756C6C65745F7065726365C0
:101280006E740D0A0973746F726167652E777269E7
:1012900074655F6C6F61646F7574287374617465D5
:1012A0002E736964652C2073746174652E6F70658C
:1012B0007261746F722C2073746174652E7765612E
:1012C000706F6E2C0D0A090973746174652E766552
:1012D00072746963616C2C2073746174652E686F1D
:1012E00072697A6F6E74616C2C2073746174652EF0
:1012F0006D6F76656D656E742C2073746174652EE8
:10130000646561647A6F6E652C0D0A0909737461F6
:1013100074652E72617069645F666972652C2073F2
:10132000746174652E66697273745F62756C6C6546
:10133000742C2073746174652E66697273745F62B5
:10134000756C6C65745F70657263656E74290D0AE7
:10135000656E640D0A0D0A6C6F63616C2066756EB4
:101360006374696F6E206C6F61645F6C6F61646F32
:1013700075745F70726F66696C6528290D0A096C57
:101380006F63616C2070726F66696C65203D206CC4
:101390006F61646F75745F70726F66696C65282920
:1013A0000D0A0973746174652E76657274696361E0
:1013B0006C203D2070726F66696C652E7665727464
:1013C0006963616C0D0A0973746174652E686F72CC
:1013D000697A6F6E74616C203D2070726F66696C03
:1013E000652E686F72697A6F6E74616C0D0A09738D
:1013F000746174652E6D6F76656D656E74203D2029
:1014000070726F66696C652E6D6F76656D656E7452
:101410000D0A0973746174652E646561647A6F6E78
:1014200065203D2070726F66696C652E646561642D
:101430007A6F6E650D0A0973746174652E7261703E
:1014400069645F66697265203D2070726F66696CC1
:10145000652E72617069645F666972650D0A097351
:10146000746174652E66697273745F62756C6C6505
:1014700074203D2070726F66696C652E66697273A8
:10148000745F62756C6C65740D0A097374617465C0
:101490002E66697273745F62756C6C65745F7065DB
:1014A0007263656E74203D2070726F66696C652E84
:1014B00066697273745F62756C6C65745F70657277
:1014C00063656E740D0A656E640D0A0D0A6C6F63B8
:1014D000616C2072617069645F666972655F6D61DD
:1014E00063726F203D207B0D0A097B62746E203D84
:1014F00020636F6E74726F6C6C65722E52542C2068
:1015000076616C203D203130302C20776169742069
:101510003D2032307D2C0D0A097B62746E203D2007
:10152000636F6E74726F6C6C65722E52542C2076E1
:10153000616C203D20302C20202077616974203D93
:101540002032307D0D0A7D0D0A0D0A2D2D205465A7
:1015500061206261673A20422070726573732F7256
:10156000656C65617365207768696C6520642D70B2
:10157000616420444F574E2068656C64203E3D32C4
:1015800035306D732028566572697461732051542B
:101590005F5445415F4241475F4C4F4C290D0A2D36
:1015A0002D205B315D2E7761697420616E64205B54
:1015B000325D2E7761697420757064617465642092
:1015C00066726F6D2073746174652E7465615F62FD
:1015D00061675F6D73206265666F72652065616328
:1015E000682073746172740D0A6C6F63616C20748F
:1015F00065615F6261675F7374657073203D207B16
:101600000D0A097B62746E203D20636F6E74726FE9
:101610006C6C65722E422C2076616C203D2031303E
:10162000302C2077616974203D2033307D2C0D0AE9
:10163000097B62746E203D20636F6E74726F6C6CF8
:1016400065722E422C2076616C203D20302C2020AB
:101650002077616974203D2033307D2C0D0A7D0D8B
:101660000A0D0A2D2D20536861696B6F206C65612E
:101670006E206C6566742028642D706164204C4572
:101680004654202B20414453293A20525320666966
:101690007273742C207468656E2052532B4C532047
:1016A00073696D756C74616E656F75736C790D0A15
:1016B0002D2D202856657269746173205368616905
:1016C0006B6F4C65616E4C65667420636F6D626F05
:1016D0003A2039306D73205253206F6E6C792C2074
:1016E0003130306D732052532B4C532C203330301B
:1016F0006D732052532B4C53290D0A6C6F63616C30
:1017000020736861696B6F5F6C65616E5F6C6566A5
:10171000745F7374657073203D207B0D0A097B64D0
:1017200075726174696F6E5F6D73203D2039302C66
:10173000202076616C756573203D207B5B636F6E46
:1017400074726F6C6C65722E52535D203D20313087
:10175000307D7D2C0D0A097B6475726174696F6E32
:101760005F6D73203D203130302C2076616C7565C3
:1017700073203D207B5B636F6E74726F6C6C65725F
:101780002E52535D203D203130302C205B636F6E34
:1017900074726F6C6C65722E4C535D203D2031303D
:1017A000307D7D2C0D0A097B6475726174696F6EE2
:1017B0005F6D73203D203330302C2076616C756571
:1017C00073203D207B5B636F6E74726F6C6C65720F
:1017D0002E52535D203D203130302C205B636F6EE4
:1017E00074726F6C6C65722E4C535D203D203130ED
:1017F000307D7D2C0D0A7D0D0A0D0A2D2D2053689C
:1018000061696B6F206C65616E2072696768742016
:1018100028642D706164205249474854202B204190
:101820004453293A204C532066697273742C2074F7
:1018300068656E204C532B52532073696D756C7420
:10184000616E656F75736C790D0A2D2D20285665B4
:10185000726974617320536861696B6F4C65616E66
:10186000526967687420636F6D626F3A2039306D1A
:1018700073204C53206F6E6C792C203130306D7397
:10188000204C532B52532C203330306D73204C534B
:101890002B5253290D0A6C6F63616C207368616968
:1018A0006B6F5F6C65616E5F72696768745F73749C
:1018B000657073203D207B0D0A097B64757261742D
:1018C000696F6E5F6D73203D2039302C202076616A
:1018D0006C756573203D207B5B636F6E74726F6CFB
:1018E0006C65722E4C535D203D203130307D7D2C57
:1018F0000D0A097B6475726174696F6E5F6D732088
:101900003D203130302C2076616C756573203D2090
:101910007B5B636F6E74726F6C6C65722E4C535D83
:10192000203D203130302C205B636F6E74726F6C01
:101930006C65722E52535D203D203130307D7D2C00
:101940000D0A097B6475726174696F6E5F6D732037
:101950003D203330302C2076616C756573203D203E
:101960007B5B636F6E74726F6C6C65722E4C535D33
:10197000203D203130302C205B636F6E74726F6CB1
:101980006C65722E52535D203D203130307D7D2CB0
:101990000D0A7D0D0A0D0A6C6F63616C2066756E11
:1019A0006374696F6E20636C616D702876616C750D
:1019B000652C206D696E696D756D2C206D6178697F
:1019C0006D756D290D0A0969662076616C75652053
:1019D0003C206D696E696D756D207468656E20724E
:1019E000657475726E206D696E696D756D20656EBA
:1019F000640D0A0969662076616C7565203E206D6C
:101A00006178696D756D207468656E207265747596
:101A1000726E206D6178696D756D20656E640D0A5A
:101A20000972657475726E2076616C75650D0A6554
:101A30006E640D0A0D0A6C6F63616C2066756E63CF
:101A400074696F6E20726F756E642876616C75654F
:101A5000290D0A0969662076616C7565203C203085
:101A6000207468656E2072657475726E206D617485
:101A7000682E6365696C2876616C7565202D203051
:101A80002E352920656E640D0A0972657475726EB3
:101A9000206D6174682E666C6F6F722876616C754C
:101AA00065202B20302E35290D0A656E640D0A0D38
:101AB0000A6C6F63616C2066756E6374696F6E206B
:101AC0006F70657261746F725F6C69737428290D31
:101AD0000A0969662073746174652E7369646520F0
:101AE0003D3D2031207468656E2072657475726E9C
:101AF0002061747461636B65727320656E640D0A96
:101B00000972657475726E20646566656E646572CF
:101B1000730D0A656E640D0A0D0A6C6F63616C20AB
:101B200066756E6374696F6E206F6E5F6F66662890
:101B300076616C7565290D0A0969662076616C7598
:101B400065207468656E2072657475726E20224F10
:101B50004E2220656E640D0A0972657475726E20DE
:101B6000224F4646220D0A656E640D0A0D0A6C6FFF
:101B700063616C2066756E6374696F6E2064657650
:101B80006963655F616374696F6E2869642C20699D
:101B90006E6465782C206E6F77290D0A096C6F636F
:101BA000616C20646F776E203D20646576696365A3
:101BB0002E6765745F76616C28696429203D3D203D
:101BC0003130300D0A096C6F63616C20707265767C
:101BD000696F7573203D2073746174652E70726532
:101BE00076696F75735F6465766963655B696E645A
:101BF00065785D0D0A0973746174652E707265767F
:101C0000696F75735F6465766963655B696E64654A
:101C1000785D203D20646F776E0D0A096966206E3D
:101C20006F7420646F776E207468656E0D0A090901
:101C300073746174652E6465766963655F7265703F
:101C40006561745F61745B696E6465785D203D20D9
:101C5000300D0A090972657475726E2066616C73C5
:101C6000652C2066616C73650D0A09656E640D0A4A
:101C7000096966206E6F742070726576696F75737E
:101C8000207468656E0D0A090973746174652E64A9
:101C900065766963655F7265706561745F61745BC9
:101CA000696E6465785D203D206E6F77202B203350
:101CB00035300D0A090972657475726E207472757B
:101CC000652C2066616C73650D0A09656E640D0AEA
:101CD000096966206E6F77203E3D207374617465DC
:101CE0002E6465766963655F7265706561745F61B6
:101CF000745B696E6465785D207468656E0D0A09B1
:101D00000973746174652E6465766963655F7265D5
:101D1000706561745F61745B696E6465785D203DB8
:101D2000206E6F77202B2038300D0A0909726574F8
:101D300075726E20747275652C20747275650D0A4B
:101D400009656E640D0A0972657475726E206661AC
:101D50006C73652C2066616C73650D0A656E640D8D
:101D60000A0D0A6C6F63616C2066756E6374696F2F
:101D70006E20795F74617070656428290D0A096CA2
:101D80006F63616C20646F776E203D20636F6E74AB
:101D9000726F6C6C65722E6765745F76616C286318
:101DA0006F6E74726F6C6C65722E5929203E2030F4
:101DB0000D0A096C6F63616C206E6F77203D2063A4
:101DC0006F6E74726F6C6C65722E6765745F6D698F
:101DD0006C6C697328290D0A09696620646F776E37
:101DE00020616E64206E6F742073746174652E7050
:101DF000726576696F75735F79207468656E0D0A18
:101E0000090973746174652E795F70726573736507
:101E1000645F6174203D206E6F770D0A09656E6402
:101E20000D0A096C6F63616C2074617070656420C9
:101E30003D206E6F7420646F776E20616E64207336
:101E4000746174652E70726576696F75735F792041
:101E5000616E640D0A0909286E6F77202D20737456
:101E60006174652E795F707265737365645F617408
:101E700029203C203530300D0A0973746174652EB9
:101E800070726576696F75735F79203D20646F7736
:101E90006E0D0A0972657475726E207461707065DA
:101EA000640D0A656E640D0A0D0A6C6F63616C2027
:101EB00066756E6374696F6E2072756E5F746561AE
:101EC0005F62616728290D0A096C6F63616C206489
:101ED0006F776E203D20636F6E74726F6C6C6572ED
:101EE0002E6765745F76616C28636F6E74726F6CB9
:101EF0006C65722E445041445F444F574E29203E3A
:101F000020300D0A096C6F63616C206E6F77203D85
:101F100020636F6E74726F6C6C65722E6765745F90
:101F20006D696C6C697328290D0A096966207374E0
:101F30006174652E646F776E5F7461705F72656C3B
:101F400065617365207468656E0D0A0909636F6EBB
:101F500074726F6C6C65722E7365745F76616C2839
:101F6000636F6E74726F6C6C65722E445041445F87
:101F7000444F574E2C2030290D0A0909737461749F
:101F8000652E646F776E5F7461705F72656C6561FA
:101F90007365203D2066616C73650D0A09656E648A
:101FA0000D0A09696620646F776E207468656E0D8E
:101FB0000A09096966206E6F742073746174652E56
:101FC00070726576696F75735F646F776E20746881
:101FD000656E0D0A09090973746174652E646F7763
:101FE0006E5F707265737365645F6174203D206E0F
:101FF0006F770D0A0909656E640D0A0909636F6E32
:1020000074726F6C6C65722E7365745F76616C2888
:10201000636F6E74726F6C6C65722E445041445FD6
:10202000444F574E2C2030290D0A09096966206E4D
:102030006F77202D2073746174652E646F776E5FE7
:10204000707265737365645F6174203E3D20323544
:102050003020616E640D0A0909096E6F7420636F88
:102060006E74726F6C6C65722E6D6163726F5F72ED
:10207000756E6E696E6728227465615F62616722A2
:1020800029207468656E0D0A0909097465615F622B
:1020900061675F73746570735B315D2E776169741E
:1020A000203D2073746174652E7465615F626167A1
:1020B0005F6D730D0A0909097465615F6261675F8D
:1020C00073746570735B325D2E77616974203D2097
:1020D00073746174652E7465615F6261675F6D73AF
:1020E0000D0A090909636F6E74726F6C6C65722E4C
:1020F00073746172745F6D6163726F2822746561BD
:102100005F626167222C207465615F6261675F7343
:1021100074657073290D0A0909656E640D0A0965F5
:102120006C736569662073746174652E7072657670
:10213000696F75735F646F776E207468656E0D0AE2
:1021400009096966206E6F77202D207374617465AC
:102150002E646F776E5F707265737365645F617410
:10216000203C20323530207468656E0D0A0909095B
:10217000636F6E74726F6C6C65722E7365745F76CC
:10218000616C28636F6E74726F6C6C65722E445054
:1021900041445F444F574E2C20313030290D0A09FD
:1021A000090973746174652E646F776E5F74617072
:1021B0005F72656C65617365203D20747275650D95
:1021C0000A0909656E640D0A0909696620636F6E64
:1021D00074726F6C6C65722E6D6163726F5F727575
:1021E0006E6E696E6728227465615F62616722297D
:1021F000207468656E0D0A090909636F6E74726F49
:102200006C6C65722E73746F705F6D6163726F2892
:10221000227465615F62616722290D0A0909656E92
:10222000640D0A09656E640D0A0973746174652E84
:1022300070726576696F75735F646F776E203D208D
:10224000646F776E0D0A656E640D0A0D0A6C6F631C
:10225000616C2066756E6374696F6E206669656C6B
:10226000645F76616C7565286669656C64290D0A22
:10227000096669656C64203D206669656C64206F41
:10228000722073746174652E6669656C640D0A0949
:102290006966206669656C64203D3D2031202074AC
:1022A00068656E2072657475726E207374617465F2
:1022B0002E73696465203D3D203120616E642022CB
:1022C00041545441434B45525322206F72202244C3
:1022D0004546454E444552532220656E640D0A0919
:1022E0006966206669656C64203D3D20322020745B
:1022F00068656E2072657475726E206F70657261AC
:10230000746F725F6C69737428295B737461746590
:102310002E6F70657261746F725D20656E640D0A58
:10232000096966206669656C64203D3D2033202084
:102330007468656E2072657475726E207374617452
:10234000652E776561706F6E203D3D203120616E96
:102350006420225052494D41525922206F7220224E
:102360005345434F4E444152592220656E640D0A35
:10237000096966206669656C64203D3D2034202033
:102380007468656E2072657475726E20746F7374F4
:1023900072696E672873746174652E7665727469EC
:1023A00063616C2920656E640D0A0969662066699F
:1023B000656C64203D3D203520207468656E207278
:1023C000657475726E20746F737472696E672873AA
:1023D000746174652E686F72697A6F6E74616C29AE
:1023E00020656E640D0A096966206669656C642063
:1023F0003D3D203620207468656E207265747572CC
:102400006E20746F737472696E672873746174657B
:102410002E6D6F76656D656E7429202E2E20222517
:102420002220656E640D0A096966206669656C6420
:10243000203D3D203720207468656E2072657475DC
:10244000726E20746F737472696E6728737461742E
:10245000652E646561647A6F6E652920656E640D12
:102460000A096966206669656C64203D3D20382054
:10247000207468656E2072657475726E206F6E5F71
:102480006F66662873746174652E72617069645F2B
:10249000666972652920656E640D0A0969662066A1
:1024A00069656C64203D3D203920207468656E208C
:1024B00072657475726E206F6E5F6F6666287374D6
:1024C0006174652E66697273745F62756C6C657495
:1024D0002920656E640D0A096966206669656C6469
:1024E000203D3D203130207468656E207265747522
:1024F000726E20746F737472696E6728737461747E
:10250000652E66697273745F62756C6C65745F705A
:10251000657263656E7429202E2E20222522206587
:102520006E640D0A096966206669656C64203D3D2C
:10253000203131207468656E2072657475726E206A
:102540006F6E5F6F66662873746174652E74656163
:102550005F6261672920656E640D0A0969662066FD
:1025600069656C64203D3D203132207468656E20C1
:1025700072657475726E20746F737472696E6728F9
:1025800073746174652E7465615F6261675F6D73FA
:1025900029202E2E20224D532220656E640D0A091B
:1025A0006966206669656C64203D3D203133207486
:1025B00068656E2072657475726E206F6E5F6F66EF
:1025C000662873746174652E736861696B6F5F6CE4
:1025D00065616E2920656E640D0A097265747572F5
:1025E0006E20225341564520414E442053544152BF
:1025F00054220D0A656E640D0A0D0A6C6F63616CDE
:102600002066756E6374696F6E20647261775F6FA8
:1026100070657261746F725F73656C6563746F72FD
:1026200028290D0A096C6F63616C206F70657261F7
:10263000746F7273203D206F70657261746F725F8A
:102640006C69737428290D0A096C6F63616C2066CC
:1026500069727374203D206D6174682E666C6F6FB3
:1026600072282873746174652E6F70657261746F5F
:1026700072202D203129202F203429202A20342097
:102680002B20310D0A09666F7220696E646578200F
:102690003D2066697273742C206D6174682E6D69BB
:1026A0006E286669727374202B20332C20236F7080
:1026B000657261746F72732920646F0D0A09096C69
:1026C0006F63616C2074657874203D20696E646569
:1026D00078203D3D2073746174652E6F7065726162
:1026E000746F7220616E640D0A090909223E22206E
:1026F0002E2E206F70657261746F72735B696E64E9
:1027000065785D202E2E20223C22206F72206F7073
:10271000657261746F72735B696E6465785D0D0AD2
:1027200009096C6F63616C2078203D206D617468CD
:102730002E666C6F6F722828313238202D2023745A
:10274000657874202A203629202F2032290D0A0985
:1027500009646973706C61792E647261775F746566
:102760007874286D6174682E6D617828302C20781B
:10277000292C2028696E646578202D206669727383
:102780007429202A20382C2074657874290D0A09B0
:10279000656E640D0A656E640D0A0D0A6C6F6361E7
:1027A0006C2066756E6374696F6E20647261775F0A
:1027B00073696D706C655F6C697374287469746C8F
:1027C000652C206C6162656C732C2073656C65638D
:1027D0007465642C20726573657276655F6D6172D5
:1027E0006B6572290D0A09646973706C61792E64D6
:1027F0007261775F7465787428302C20302C2074D7
:1028000069746C65290D0A09666F7220696E6465CA
:10281000782C206C6162656C20696E20697061693A
:102820007273286C6162656C732920646F0D0A09EC
:10283000096C6F63616C2073656C65637465645FBC
:102840006C6162656C203D20696E646578203D3D59
:102850002073656C65637465640D0A0909696620F7
:10286000726573657276655F6D61726B657220610A
:102870006E642073656C65637465645F6C6162652A
:102880006C207468656E0D0A090909646973706CBF
:1028900061792E647261775F7465787428302C20BA
:1028A000696E646578202A20382C20223E22290D6A
:1028B0000A0909656E640D0A09096C6F63616C2071
:1028C00074657874203D2073656C65637465645F1E
:1028D0006C6162656C20616E640D0A0909092872D9
:1028E0006573657276655F6D61726B657220616E8E
:1028F00064206C6162656C202E2E20223C22206FA9
:102900007220223E22202E2E206C6162656C202EC9
:102910002E20223C2229206F72206C6162656C0D92
:102920000A0909646973706C61792E647261775F5A
:102930007465787428726573657276655F6D61720F
:102940006B657220616E642036206F7220302C20FF
:10295000696E646578202A20382C20746578742983
:102960000D0A09656E640D0A656E640D0A0D0A6C28
:102970006F63616C2066756E6374696F6E2064723C
:1029800061775F636F6E6669675F6D656E75282935
:102990000D0A096C6F63616C206C6162656C732059
:1029A0003D207B0D0A0909224558504F5254222CD4
:1029B0002022494D504F5254222C20225155494338
:1029C0004B2053454C4543542022202E2E206F6E21
:1029D0005F6F66662873746174652E717569636BC9
:1029E0005F73656C6563745F656E61626C656429B5
:1029F0002C0D0A0909225341422022202E2E206F3D
:102A00006E5F6F66662873746174652E7361625FB2
:102A1000656E61626C6564290D0A097D0D0A096C99
:102A20006F63616C206669727374203D206D617400
:102A3000682E666C6F6F72282873746174652E63DC
:102A40006F6E6669675F616374696F6E202D2031F8
:102A500029202F203329202A2033202B20310D0A32
:102A600009646973706C61792E647261775F746553
:102A7000787428302C20302C2022434F4E46494772
:102A800022290D0A09666F7220726F77203D20306F
:102A90002C203220646F0D0A09096C6F63616C2071
:102AA000696E646578203D206669727374202B20FE
:102AB000726F770D0A09096C6F63616C206C61623B
:102AC000656C203D206C6162656C735B696E64654A
:102AD000785D0D0A09096966206C6162656C207475
:102AE00068656E0D0A0909096C6F63616C20736576
:102AF0006C6563746564203D20696E646578203D73
:102B00003D2073746174652E636F6E6669675F61E3
:102B10006374696F6E0D0A09090969662073656C33
:102B20006563746564207468656E20646973706C95
:102B300061792E647261775F7465787428302C2017
:102B400028726F77202B203129202A20382C202230
:102B50003E222920656E640D0A09090964697370B3
:102B60006C61792E647261775F7465787428362C95
:102B70002028726F77202B203129202A20382C0D15
:102B80000A0909090973656C656374656420616EDF
:102B900064206C6162656C202E2E20223C22206F06
:102BA00072206C6162656C290D0A0909656E640DFD
:102BB0000A09656E640D0A656E640D0A0D0A6C6F74
:102BC00063616C2066756E6374696F6E20666965FB
:102BD0006C645F76697369626C65286669656C64AC
:102BE000290D0A096966206669656C64203D3D20EF
:102BF0003130207468656E2072657475726E207352
:102C0000746174652E66697273745F62756C6C654D
:102C10007420656E640D0A096966206669656C64D6
:102C2000203D3D203132207468656E2072657475D8
:102C3000726E2073746174652E7465615F62616782
:102C400020656E640D0A0972657475726E20747267
:102C500075650D0A656E640D0A0D0A6C6F63616C13
:102C60002066756E6374696F6E2076697369626C35
:102C7000655F636F6E6669675F6669656C6473281C
:102C8000290D0A096C6F63616C2076697369626C47
:102C900065203D207B7D0D0A09666F72206669659F
:102CA0006C64203D20332C20236669656C6473209E
:102CB000646F0D0A09096966206669656C645F7650
:102CC000697369626C65286669656C64292074683B
:102CD000656E2076697369626C655B2376697369DA
:102CE000626C65202B20315D203D206669656C6437
:102CF00020656E640D0A09656E640D0A09726574BB
:102D000075726E2076697369626C650D0A656E6412
:102D10000D0A0D0A6C6F63616C2066756E637469D1
:102D20006F6E20647261775F6F70657261746F722D
:102D30005F636F6E66696728290D0A096C6F6361AE
:102D40006C2076697369626C65203D2076697369D1
:102D5000626C655F636F6E6669675F6669656C6408
:102D60007328290D0A096C6F63616C2073656C65AB
:102D700063746564203D20310D0A09666F72206915
:102D80006E6465782C206669656C6420696E2069C4
:102D900070616972732876697369626C6529206451
:102DA0006F0D0A09096966206669656C64203D3DFE
:102DB0002073746174652E6669656C64207468653F
:102DC0006E2073656C6563746564203D20696E6474
:102DD000657820627265616B20656E640D0A096515
:102DE0006E640D0A096C6F63616C2066697273749E
:102DF000203D206D6174682E666C6F6F7228287399
:102E0000656C6563746564202D203129202F203383
:102E100029202A2033202B20310D0A096C6F636191
:102E20006C20686561646572203D2028737461744C
:102E3000652E73696465203D3D203120616E6420FC
:102E400022415454203E2022206F722022444546C5
:102E5000203E202229202E2E0D0A09096F7065724E
:102E600061746F725F6C69737428295B7374617429
:102E7000652E6F70657261746F725D0D0A096C6FFB
:102E800063616C2062696E64696E67203D207175B4
:102E900069636B5F62696E64696E675F6E616D65C1
:102EA0002873746174652E736964652C2073746172
:102EB00074652E6F70657261746F72290D0A0969ED
:102EC000662062696E64696E67207E3D20224E4FE7
:102ED0004E4522207468656E0D0A09096C6F6361A6
:102EE0006C2062696E64696E675F78203D206D6159
:102EF00074682E6D617828302C20313238202D20D6
:102F00002362696E64696E67202A2036290D0A09DA
:102F1000096C6F63616C206D61785F6865616465E1
:102F2000725F6C656E677468203D206D6174682EF9
:102F3000666C6F6F72282862696E64696E675F786D
:102F4000202D203629202F2036290D0A09096966EF
:102F50002023686561646572203E206D61785F683A
:102F600065616465725F6C656E677468207468651E
:102F70006E0D0A090909686561646572203D206863
:102F800065616465723A73756228312C206D6174D5
:102F9000682E6D617828312C206D61785F686561DD
:102FA0006465725F6C656E677468202D2031292915
:102FB000202E2E20222E220D0A0909656E640D0A8C
:102FC0000909646973706C61792E647261775F744A
:102FD0006578742862696E64696E675F782C20304A
:102FE0002C2062696E64696E67290D0A09656E643A
:102FF0000D0A0D0A09646973706C61792E6472613F
:10300000775F7465787428302C20302C20686561D7
:10301000646572290D0A09666F7220726F77203D10
:1030200020302C203220646F0D0A09096C6F636117
:103030006C206669656C64203D2076697369626CFA
:10304000655B6669727374202B20726F775D0D0A61
:1030500009096966206669656C64207468656E0D8F
:103060000A0909096C6F63616C2073656C65637490
:1030700065645F6669656C64203D206669656C64A3
:10308000203D3D2073746174652E6669656C640D26
:103090000A0909096C6F63616C2076616C756520A3
:1030A0003D206669656C645F76616C75652866694C
:1030B000656C64290D0A0909096C6F63616C206CE9
:1030C0006162656C203D206669656C64735B66694E
:1030D000656C645D0D0A0909096C6F63616C206C95
:1030E0006162656C5F74657874203D2073656C6502
:1030F000637465645F6669656C6420616E64206EEC
:103100006F742073746174652E6669656C645F65A5
:10311000646974696E6720616E640D0A09090909A2
:103120006C6162656C202E2E20223C22206F722062
:103130006C6162656C0D0A0909096C6F63616C2032
:1031400076616C75655F74657874203D2076616C7E
:1031500075650D0A09090969662073656C656374F4
:1031600065645F6669656C64207468656E0D0A0944
:1031700009090969662073746174652E6669656C56
:10318000645F65646974696E67207468656E0D0AB2
:10319000090909090976616C75655F7465787420A1
:1031A0003D20223E22202E2E2076616C7565202E39
:1031B0002E20223C220D0A09090909656E640D0AB8
:1031C000090909656E640D0A0909096966207365B4
:1031D0006C65637465645F6669656C6420616E64C8
:1031E000206E6F742073746174652E6669656C64FB
:1031F0005F65646974696E67207468656E0D0A099D
:10320000090909646973706C61792E647261775F72
:103210007465787428302C2028726F77202B203129
:1032200029202A20382C20223E22290D0A090909AA
:10323000656E640D0A090909646973706C61792E01
:10324000647261775F7465787428362C2028726FF9
:1032500077202B203129202A20382C206C616265B0
:103260006C5F74657874290D0A09090964697370C3
:103270006C61792E647261775F74657874286D6112
:1032800074682E6D617828302C20313238202D2042
:103290002376616C75655F74657874202A20362901
:1032A0002C0D0A0909090928726F77202B20312972
:1032B000202A20382C2076616C75655F74657874DF
:1032C000290D0A0909656E640D0A09656E640D0A07
:1032D000656E640D0A0D0A6C6F63616C2066756E15
:1032E0006374696F6E20647261775F756928290D58
:1032F0000A096C65642E7365742873746174652E95
:103300006D656E755F6C6576656C203D3D20312086
:10331000616E642073746174652E776561706F6E81
:10332000203D3D2031290D0A09646973706C617973
:103330002E636C65617228290D0A09696620737411
:103340006174652E6D656E755F6C6576656C203D8C
:103350003D2030207468656E0D0A0909647261773A
:103360005F73696D706C655F6C6973742822534577
:103370004C4543542047414D45222C207B22523658
:10338000222C202252555354222C2022434F4E46A9
:103390004947227D2C2073746174652E67616D65C9
:1033A0002C2074727565290D0A09656C7365696650
:1033B0002073746174652E6D656E755F6C657665DE
:1033C0006C203D3D2032207468656E0D0A09096449
:1033D0006973706C61792E647261775F746578745B
:1033E00028302C20302C20225255535422290D0AEB
:1033F0000909646973706C61792E647261775F7416
:1034000065787428302C20382C2022434F4D494EAB
:103410004720534F4F4E22290D0A090964697370E2
:103420006C61792E647261775F7465787428302CD2
:103430002031362C20224C4546543A204241434B01
:1034400022290D0A09656C736569662073746174BD
:10345000652E6D656E755F6C6576656C203D3D20F3
:1034600033207468656E0D0A0909696620737461FA
:1034700074652E636F6E6669675F737461747573CC
:10348000203D3D2030207468656E0D0A09090964ED
:103490007261775F636F6E6669675F6D656E7528D1
:1034A000290D0A0909656C73656966207374617476
:1034B000652E636F6E6669675F73746174757320E0
:1034C0003D3D2031207468656E0D0A090909646963
:1034D00073706C61792E647261775F74657874289B
:1034E000302C20302C202252454D4F564520434F42
:1034F0004E54524F4C4C455222290D0A0909096479
:103500006973706C61792E647261775F7465787429
:1035100028302C20382C2022494E53455254205517
:10352000534220535449434B22290D0A0909096487
:103530006973706C61792E647261775F74657874F9
:1035400028302C2031362C0D0A09090909737461C1
:1035500074652E636F6E6669675F616374696F6E11
:10356000203D3D203120616E6420224558504F524D
:10357000542057414954494E4722206F7220224916
:103580004D504F52542057414954494E4722290D1E
:103590000A0909656C736569662073746174652E28
:1035A000636F6E6669675F737461747573203D3D08
:1035B0002032207468656E0D0A0909096469737008
:1035C0006C61792E647261775F7465787428302C31
:1035D00020302C202255534220434F4E464947224B
:1035E000290D0A090909646973706C61792E647286
:1035F00061775F7465787428302C20382C2022572E
:103600004F524B494E4722290D0A09090964697333
:10361000706C61792E647261775F7465787428309C
:103620002C2031362C2022444F204E4F542052451E
:103630004D4F564522290D0A0909656C7365696667
:103640002073746174652E636F6E6669675F73744F
:1036500061747573203D3D2033207468656E0D0ADA
:10366000090909646973706C61792E647261775F0E
:103670007465787428302C20302C2022434F4E461D
:10368000494720434F4D504C45544522290D0A09C6
:103690000909646973706C61792E647261775F7473
:1036A00065787428302C20382C202252454D4F56F6
:1036B000452055534220535449434B22290D0A09B2
:1036C0000909646973706C61792E647261775F7443
:1036D00065787428302C2031362C2022434F4E4EF2
:1036E00045435420434F4E54524F4C4C455222298F
:1036F0000D0A090909646973706C61792E6472613D
:10370000775F7465787428302C2032342C20224C5A
:103710004546543A204241434B22290D0A09096586
:103720006C73650D0A0909096C6F63616C20636F26
:103730006E6669675F6572726F7273203D207B0DE4
:103740000A0909090922554E4B4E4F574E20455242
:10375000524F52222C2022434F4E464947204E4F73
:1037600054205245414459222C2022555342204E88
:103770004F54205245414459222C0D0A0909090988
:10378000225553422052454144204552524F522225
:103790002C2022464F524D41542046415433322270
:1037A0002C20224D4F554E54204552524F52222C20
:1037B0000D0A090909092246494C45204F50454E3A
:1037C000204552524F52222C202246494C45205728
:1037D00052495445204552524F52222C20224649EC
:1037E0004C452053594E43204552524F52222C0DE6
:1037F0000A090909092246494C4520434C4F5345C3
:10380000204552524F52222C202246494C452052EC
:10381000454E414D45204552524F52222C202246C2
:10382000494C452052454144204552524F52222C8A
:103830000D0A0909090922494E56414C49442043C1
:103840004F4E464947220D0A0909097D0D0A09090B
:1038500009646973706C61792E647261775F746555
:10386000787428302C20302C2022434F4E46494774
:10387000204641494C454422290D0A090909646939
:1038800073706C61792E647261775F7465787428E7
:10389000302C20382C0D0A09090909636F6E6669FE
:1038A000675F6572726F72735B6465766963652EBC
:1038B000636F6E6669675F6572726F722829202B6D
:1038C00020315D206F722022554E4B4E4F574E20B7
:1038D0004552524F5222290D0A0909096469737031
:1038E0006C61792E647261775F7465787428302C0E
:1038F0002031362C2022434F4E4E45435420434F17
:103900004E54524F4C4C455222290D0A0909096464
:103910006973706C61792E647261775F7465787415
:1039200028302C2032342C20224C4546543A204258
:1039300041434B22290D0A0909656E640D0A096588
:103940006C736569662073746174652E636F6E664F
:1039500069677572696E67207468656E0D0A09097A
:1039600069662073746174652E6669656C64203DB8
:103970003D2031207468656E0D0A09090964726181
:10398000775F73696D706C655F6C69737428225220
:1039900036203E2053494445222C207B224154545A
:1039A00041434B455253222C2022444546454E4428
:1039B000455253227D2C2073746174652E736964A3
:1039C000652C2074727565290D0A0909656C73658B
:1039D00069662073746174652E6669656C64203D48
:1039E0003D2032207468656E0D0A09090964726110
:1039F000775F6F70657261746F725F73656C65631A
:103A0000746F7228290D0A09090972657475726E3E
:103A10000D0A0909656C73650D0A0909096472616B
:103A2000775F6F70657261746F725F636F6E6669E6
:103A30006728290D0A09090972657475726E0D0AE5
:103A40000909656E640D0A09656C73650D0A09093B
:103A50006C6F63616C206F70657261746F7273203C
:103A60003D206F70657261746F725F6C697374284A
:103A7000290D0A0909646973706C61792E64726199
:103A8000775F7465787428302C20302C206F706537
:103A90007261746F72735B73746174652E6F70659D
:103AA0007261746F725D202E2E20222022202E2E15
:103AB0000D0A0909092873746174652E77656170B0
:103AC0006F6E203D3D203120616E642022505249AE
:103AD0004D41525922206F7220225345434F4E448C
:103AE0004152592229290D0A0909646973706C61D0
:103AF000792E647261775F7465787428302C203871
:103B00002C20225622202E2E2073746174652E766E
:103B10006572746963616C202E2E0D0A09090922F1
:103B2000204822202E2E2073746174652E686F72D7
:103B3000697A6F6E74616C202E2E2022204D222017
:103B40002E2E2073746174652E6D6F76656D656EB3
:103B500074202E2E0D0A0909092220445A22202EF3
:103B60002E2073746174652E646561647A6F6E656E
:103B7000290D0A0909646973706C61792E64726198
:103B8000775F7465787428302C2031362C0D0A0943
:103B900009092252415049442D22202E2E206F6EB9
:103BA0005F6F66662873746174652E7261706964F4
:103BB0005F6669726529290D0A0909646973706C69
:103BC00061792E647261775F7465787428302C2077
:103BD00032342C0D0A09090922424F554E443A202D
:103BE00022202E2E20717569636B5F62696E646995
:103BF0006E675F6E616D652873746174652E73699D
:103C000064652C2073746174652E6F7065726174C5
:103C10006F7229290D0A09656E640D0A656E640DBF
:103C20000A0D0A6C6F63616C2066756E6374696F50
:103C30006E206669656C645F726570656174732877
:103C4000290D0A096C6F63616C206669656C6420DC
:103C50003D2073746174652E6669656C640D0A0994
:103C600072657475726E206669656C64203D3D20D6
:103C700032206F7220286669656C64203E3D2034D6
:103C800020616E64206669656C64203C3D203729A4
:103C9000206F720D0A09096669656C64203D3D203C
:103CA0003130206F72206669656C64203D3D2031A3
:103CB000320D0A656E640D0A0D0A6C6F63616C202B
:103CC00066756E6374696F6E206669656C645F69A2
:103CD000735F746F67676C65286669656C64290D2E
:103CE0000A0972657475726E206669656C64203DA0
:103CF0003D2038206F72206669656C64203D3D2050
:103D000039206F72206669656C64203D3D20313139
:103D1000206F72206669656C64203D3D2031330D53
:103D20000A656E640D0A0D0A6C6F63616C2066751E
:103D30006E6374696F6E206D6F76655F6669656C22
:103D40006428646972656374696F6E290D0A096C71
:103D50006F63616C206669656C64203D20737461DB
:103D600074652E6669656C640D0A0972657065611B
:103D7000740D0A09096669656C64203D20666965F1
:103D80006C64202B20646972656374696F6E0D0A20
:103D900009756E74696C206669656C64203C20311D
:103DA000206F72206669656C64203E202366696519
:103DB0006C6473206F72206669656C645F766973EA
:103DC00069626C65286669656C64290D0A097374FB
:103DD0006174652E6669656C64203D20636C616D5D
:103DE00070286669656C642C20312C202366696517
:103DF0006C6473290D0A656E640D0A0D0A6C6F639D
:103E0000616C2066756E6374696F6E206564697499
:103E10005F6669656C6428646972656374696F6E56
:103E2000290D0A096C6F63616C206669656C6420FA
:103E30003D2073746174652E6669656C640D0A09B2
:103E40006966206669656C64203D3D203120746898
:103E5000656E0D0A0909736176655F6C6F61646F49
:103E600075745F70726F66696C6528290D0A09099F
:103E700073746174652E6C6173745F6F70657261C9
:103E8000746F725B73746174652E736964655D2011
:103E90003D2073746174652E6F70657261746F720A
:103EA0000D0A090973746174652E73696465203D98
:103EB0002073746174652E73696465203D3D203103
:103EC00020616E642032206F7220310D0A0909735F
:103ED000746174652E6F70657261746F72203D201D
:103EE00073746174652E6C6173745F6F7065726159
:103EF000746F725B73746174652E736964655D0DB4
:103F00000A090973746174652E776561706F6E209C
:103F10003D20310D0A09096C6F61645F6C6F61644B
:103F20006F75745F70726F66696C6528290D0A0978
:103F3000656C73656966206669656C64203D3D202B
:103F400032207468656E0D0A0909736176655F6CCD
:103F50006F61646F75745F70726F66696C65282934
:103F60000D0A090973746174652E6F70657261744E
:103F70006F72203D20636C616D702873746174658D
:103F80002E6F70657261746F72202B206469726588
:103F90006374696F6E2C20312C20236F7065726101
:103FA000746F725F6C6973742829290D0A0909738B
:103FB000746174652E6C6173745F6F706572617487
:103FC0006F725B73746174652E736964655D203D07
:103FD0002073746174652E6F70657261746F720DF9
:103FE0000A09096C6F61645F6C6F61646F75745F5F
:103FF00070726F66696C6528290D0A09656C7365B6
:104000006966206669656C64203D3D2033207468D4
:10401000656E0D0A0909736176655F6C6F61646F87
:1040200075745F70726F66696C6528290D0A0909DD
:1040300073746174652E776561706F6E203D2073B7
:10404000746174652E776561706F6E203D3D20311F
:1040500020616E642032206F7220310D0A09096CD4
:104060006F61645F6C6F61646F75745F70726F66AF
:10407000696C6528290D0A09656C73656966206697
:1040800069656C64203D3D2034207468656E0D0ABE
:10409000090973746174652E766572746963616C65
:1040A000203D20636C616D702873746174652E7699
:1040B0006572746963616C202B2064697265637436
:1040C000696F6E2C20302C203939290D0A090973AB
:1040D0006176655F6C6F61646F75745F70726F6637
:1040E000696C6528290D0A09656C73656966206627
:1040F00069656C64203D3D2035207468656E0D0A4D
:10410000090973746174652E686F72697A6F6E74D1
:10411000616C203D20636C616D70287374617465FF
:104120002E686F72697A6F6E74616C202B206469DF
:1041300072656374696F6E2C202D33302C20333000
:10414000290D0A0909736176655F6C6F61646F758B
:10415000745F70726F66696C6528290D0A09656C59
:1041600073656966206669656C64203D3D20362074
:104170007468656E0D0A090973746174652E6D6F3C
:1041800076656D656E74203D20636C616D7028737B
:10419000746174652E6D6F76656D656E74202B206D
:1041A000646972656374696F6E2C20302C20393914
:1041B000290D0A0909736176655F6C6F61646F751B
:1041C000745F70726F66696C6528290D0A09656CE9
:1041D00073656966206669656C64203D3D20372003
:1041E0007468656E0D0A090973746174652E6465DF
:1041F00061647A6F6E65203D20636C616D70287319
:10420000746174652E646561647A6F6E65202B201D
:10421000646972656374696F6E2C20312C203330B1
:10422000290D0A0909736176655F6C6F61646F75AA
:10423000745F70726F66696C6528290D0A09656C78
:1042400073656966206669656C64203D3D20382091
:104250007468656E0D0A090973746174652E726164
:104260007069645F66697265203D206E6F742073AB
:10427000746174652E72617069645F666972650D40
:104280000A0909736176655F6C6F61646F75745FAD
:1042900070726F66696C6528290D0A09656C736513
:1042A0006966206669656C64203D3D20392074682C
:1042B000656E0D0A090973746174652E66697273FF
:1042C000745F62756C6C6574203D206E6F74207332
:1042D000746174652E66697273745F62756C6C6567
:1042E000740D0A0909736176655F6C6F61646F759F
:1042F000745F70726F66696C6528290D0A09656CB8
:1043000073656966206669656C64203D3D203130C7
:10431000207468656E0D0A090973746174652E66F0
:10432000697273745F62756C6C65745F70657263DB
:10433000656E74203D20636C616D702873746174C8
:10434000652E66697273745F62756C6C65745F70FC
:10435000657263656E74202B20646972656374698D
:104360006F6E2C20302C20323030290D0A09656CFC
:1043700073656966206669656C64203D3D20313156
:10438000207468656E0D0A090973746174652E7472
:1043900065615F626167203D206E6F742073746198
:1043A00074652E7465615F6261670D0A09656C73DF
:1043B000656966206669656C64203D3D2031322068
:1043C0007468656E0D0A090973746174652E7465ED
:1043D000615F6261675F6D73203D20636C616D702A
:1043E0002873746174652E7465615F6261675F6DC7
:1043F00073202B20646972656374696F6E2C2031A1
:104400002C203530290D0A09656C736569662066B4
:1044100069656C64203D3D203133207468656E0D04
:104420000A090973746174652E736861696B6F5F43
:104430006C65616E203D206E6F74207374617465CD
:104440002E736861696B6F5F6C65616E0D0A09653B
:104450006E640D0A656E640D0A0D0A6C6F63616C03
:104460002066756E6374696F6E20736176655F6137
:104470006E645F737461727428290D0A0973617622
:10448000655F6C6F61646F75745F70726F66696C85
:104490006528290D0A0973746F726167652E636F51
:1044A0006D6D697428290D0A0973746174652E6332
:1044B0006F6E6669677572696E67203D2066616C14
:1044C00073650D0A0973746174652E6669656C64A1
:1044D0005F65646974696E67203D2066616C736511
:1044E0000D0A09636F6E74726F6C6C65722E636176
:1044F0006E63656C5F6D6163726F7328290D0A09C5
:10450000647261775F756928290D0A656E640D0A0A
:104510000D0A6C6F63616C2066756E6374696F6EF3
:1045200020717569636B5F627574746F6E5F65642B
:104530006765286964290D0A096C6F63616C2064E2
:104540006F776E203D20636F6E74726F6C6C657256
:104550002E6765745F76616C28696429203E20307F
:104560000D0A096C6F63616C20707265737365640A
:10457000203D20646F776E20616E64206E6F742022
:1045800073746174652E717569636B5F70726576A3
:10459000696F75735B69645D0D0A09737461746595
:1045A0002E717569636B5F70726576696F75735B89
:1045B00069645D203D20646F776E0D0A0972657431
:1045C00075726E20707265737365640D0A656E6432
:1045D0000D0A0D0A6C6F63616C2066756E637469F9
:1045E0006F6E20717569636B5F6F70656E5F736965
:1045F00064652873696465290D0A09696620737406
:104600006174652E6D656E755F6C6576656C203DB9
:104610003D2031207468656E0D0A09097361766565
:104620005F6C6F61646F75745F70726F66696C65E3
:1046300028290D0A090973746174652E6C617374FD
:104640005F6F70657261746F725B73746174652EF5
:10465000736964655D203D2073746174652E6F70AD
:10466000657261746F720D0A09656E640D0A0973D3
:10467000746174652E6D656E755F6C6576656C2012
:104680003D20310D0A0973746174652E636F6E6687
:1046900069677572696E67203D20747275650D0AD1
:1046A0000973746174652E6669656C64203D2032FF
:1046B0000D0A0973746174652E6669656C645F65C3
:1046C000646974696E67203D2066616C73650D0ACC
:1046D0000973746174652E73696465203D20736984
:1046E00064650D0A0973746174652E6F706572617B
:1046F000746F72203D20310D0A0973746174652E48
:10470000776561706F6E203D20310D0A096C6F6115
:10471000645F6C6F61646F75745F70726F66696CF3
:104720006528290D0A09647261775F756928290D6A
:104730000A656E640D0A0D0A6C6F63616C20667504
:104740006E6374696F6E20717569636B5F6F7065FE
:104750006E5F62696E64696E6728736964652C2098
:104760006F70657261746F72290D0A096C6F6361F5
:104770006C206F70657261746F7273203D20736975
:104780006465203D3D203120616E64206174746158
:10479000636B657273206F7220646566656E646515
:1047A00072730D0A096966202873696465207E3D6D
:1047B000203120616E642073696465207E3D203263
:1047C00029206F72206F70657261746F72203C20B7
:1047D00031206F72206F70657261746F72203E209D
:1047E000236F70657261746F7273207468656E0DEB
:1047F0000A090972657475726E2066616C73650DC5
:104800000A09656E640D0A0973746174652E717509
:1048100069636B5F6F70656E5F73696465203D20CF
:10482000736964650D0A0973746174652E71756925
:10483000636B5F6F70656E5F6F70657261746F72CE
:10484000203D206F70657261746F720D0A09726588
:104850007475726E20747275650D0A656E640D0A4A
:104860000D0A6C6F63616C2066756E6374696F6EA0
:10487000206170706C795F717569636B5F6F7065D3
:104880006E5F62696E64696E6728290D0A096C6F34
:1048900063616C2073696465203D20737461746585
:1048A0002E717569636B5F6F70656E5F73696465A8
:1048B0000D0A096C6F63616C206F70657261746FB3
:1048C00072203D2073746174652E717569636B5F2E
:1048D0006F70656E5F6F70657261746F720D0A093B
:1048E00069662073696465203D3D2030206F722029
:1048F0006F70657261746F72203D3D203020746866
:10490000656E2072657475726E20656E640D0A099D
:1049100073746174652E717569636B5F6F70656E1A
:104920005F73696465203D20300D0A0973746174FA
:10493000652E717569636B5F6F70656E5F6F706513
:104940007261746F72203D20300D0A096966207310
:10495000746174652E6D656E755F6C6576656C202F
:104960003D3D2031207468656E20736176655F6C13
:104970006F61646F75745F70726F66696C6528290A
:1049800020656E640D0A0973746174652E6D656E21
:10499000755F6C6576656C203D20310D0A09737476
:1049A0006174652E636F6E6669677572696E6720E4
:1049B0003D2066616C73650D0A0973746174652E20
:1049C0006669656C645F65646974696E67203D2023
:1049D00066616C73650D0A0973746174652E66698E
:1049E000656C64203D20330D0A0973746174652E73
:1049F00073696465203D20736964650D0A097374E9
:104A00006174652E6F70657261746F72203D206FE6
:104A100070657261746F720D0A0973746174652E2A
:104A20006C6173745F6F70657261746F725B7369D0
:104A300064655D203D206F70657261746F720D0A50
:104A40000973746174652E776561706F6E203D2007
:104A5000310D0A096C6F61645F6C6F61646F75740E
:104A60005F70726F66696C6528290D0A09636F6E45
:104A700074726F6C6C65722E63616E63656C5F6DD2
:104A80006163726F7328290D0A09647261775F751B
:104A90006928290D0A656E640D0A0D0A6C6F636141
:104AA0006C2066756E6374696F6E207570646174D6
:104AB000655F717569636B5F73656C6563742829E5
:104AC0000D0A096C6F63616C20766965775F646FAE
:104AD000776E203D20636F6E74726F6C6C65722E02
:104AE0006765745F76616C28636F6E74726F6C6C4F
:104AF00065722E5649455729203E20300D0A096C13
:104B00006F63616C20766965775F7072657373653A
:104B100064203D20766965775F646F776E20616EF3
:104B200064206E6F742073746174652E717569638F
:104B30006B5F766965775F70726576696F75730D07
:104B40000A096C6F63616C20707265737365645FD2
:104B5000627574746F6E0D0A0973746174652E71D9
:104B60007569636B5F636F6E73756D6564203D205F
:104B700066616C73650D0A0D0A09666F72205F2C01
:104B800020627574746F6E20696E2069706169723D
:104B90007328717569636B5F73656C6563745F62BD
:104BA0007574746F6E732920646F0D0A0909696644
:104BB00020717569636B5F627574746F6E5F656495
:104BC000676528627574746F6E5B315D2920616E54
:104BD00064206E6F7420707265737365645F6275B4
:104BE00074746F6E207468656E0D0A09090970721D
:104BF00065737365645F627574746F6E203D2062C7
:104C00007574746F6E0D0A0909656E640D0A096585
:104C10006E640D0A0973746174652E717569636B36
:104C20005F766965775F70726576696F7573203D31
:104C300020766965775F646F776E0D0A0D0A0969E2
:104C400066206E6F742073746174652E717569636C
:104C50006B5F73656C6563745F656E61626C6564E0
:104C6000206F720D0A09092873746174652E6D65D1
:104C70006E755F6C6576656C207E3D203020616EC0
:104C8000642073746174652E6D656E755F6C6576F6
:104C9000656C207E3D203129207468656E0D0A09FF
:104CA0000973746174652E717569636B5F6E6176EB
:104CB00069676174696F6E203D2066616C73650D74
:104CC0000A090973746174652E717569636B5F639A
:104CD000686F72645F616374697665203D20666108
:104CE0006C73650D0A090972657475726E0D0A0997
:104CF000656E640D0A09696620766965775F707272
:104D00006573736564207468656E0D0A09097374B0
:104D10006174652E717569636B5F6E617669676139
:104D200074696F6E203D2066616C73650D0A090918
:104D300073746174652E717569636B5F63686F72FC
:104D4000645F616374697665203D2066616C73659C
:104D50000D0A09656E640D0A096966206E6F74207C
:104D6000766965775F646F776E207468656E0D0A8B
:104D7000090973746174652E717569636B5F6E6187
:104D80007669676174696F6E203D2066616C73653A
:104D90000D0A090973746174652E717569636B5F1F
:104DA00063686F72645F616374697665203D206635
:104DB000616C73650D0A090972657475726E0D0A6E
:104DC00009656E640D0A0D0A096C6F63616C206FD2
:104DD0006E5F6F70657261746F725F73656C65632F
:104DE000746F72203D2073746174652E6D656E75ED
:104DF0005F6C6576656C203D3D203120616E640DF1
:104E00000A090973746174652E636F6E666967754C
:104E100072696E6720616E642073746174652E66BA
:104E200069656C64203D3D20320D0A096C6F636139
:104E30006C206F6E5F6F70657261746F725F636F0D
:104E40006E666967203D2073746174652E6D656EB2
:104E5000755F6C6576656C203D3D203120616E6428
:104E60000D0A090973746174652E636F6E66696754
:104E70007572696E6720616E642073746174652E4B
:104E80006669656C64203E20320D0A0969662073EC
:104E9000746174652E717569636B5F63686F7264AA
:104EA0005F616374697665207468656E0D0A09092F
:104EB000636F6E74726F6C6C65722E7365745F765F
:104EC000616C28636F6E74726F6C6C65722E5649DC
:104ED00045572C2030290D0A090973746174652E19
:104EE000717569636B5F636F6E73756D6564203D8B
:104EF00020747275650D0A09096966206E6F742049
:104F0000707265737365645F627574746F6E20741C
:104F100068656E2072657475726E20656E640D0A28
:104F20000909636F6E74726F6C6C65722E736574B1
:104F30005F76616C28707265737365645F62757407
:104F4000746F6E5B315D2C2030290D0A090969668A
:104F5000206F6E5F6F70657261746F725F73656CE6
:104F60006563746F7220616E642073746174652E62
:104F7000717569636B5F6E617669676174696F6E85
:104F8000207468656E0D0A0909096C6F63616C20F5
:104F90006F70657261746F72203D2073746F7261FF
:104FA00067652E72656164280D0A09090909717522
:104FB00069636B5F62696E64696E675F6B657928B0
:104FC00073746174652E736964652C2070726573E7
:104FD0007365645F627574746F6E29290D0A09091F
:104FE0000969662074797065286F70657261746FE5
:104FF0007229203D3D20226E756D626572222074FB
:1050000068656E0D0A09090909717569636B5F6F3F
:1050100070656E5F62696E64696E6728737461742F
:10502000652E736964652C206F70657261746F7290
:10503000290D0A090909656E640D0A0909656E647E
:105040000D0A090972657475726E0D0A09656E6440
:105050000D0A0D0A09696620707265737365645FD5
:10506000627574746F6E20616E64206E6F7420734D
:10507000746174652E717569636B5F6E61766967C3
:105080006174696F6E20616E640D0A09096E6F7438
:10509000206F6E5F6F70657261746F725F636F6EA9
:1050A00066696720616E640D0A090928707265736C
:1050B0007365645F627574746F6E5B315D203D3D36
:1050C00020636F6E74726F6C6C65722E58206F72F5
:1050D0000D0A090920707265737365645F627574E7
:1050E000746F6E5B315D203D3D20636F6E74726F37
:1050F0006C6C65722E4229207468656E0D0A090970
:10510000636F6E74726F6C6C65722E7365745F760C
:10511000616C28636F6E74726F6C6C65722E564989
:1051200045572C2030290D0A0909636F6E74726F80
:105130006C6C65722E7365745F76616C2870726535
:10514000737365645F627574746F6E5B315D2C2080
:1051500030290D0A090973746174652E71756963CC
:105160006B5F636F6E73756D6564203D207472753F
:10517000650D0A090973746174652E717569636B35
:105180005F63686F72645F616374697665203D2058
:10519000747275650D0A0909717569636B5F6F70CB
:1051A000656E5F7369646528707265737365645FAB
:1051B000627574746F6E5B315D203D3D20636F6E70
:1051C00074726F6C6C65722E5820616E6420312091
:1051D0006F722032290D0A090973746174652E718A
:1051E0007569636B5F6E617669676174696F6E2064
:1051F0003D20747275650D0A090972657475726EC9
:105200000D0A09656E640D0A096966206E6F7420C7
:10521000707265737365645F627574746F6E207409
:1052200068656E2072657475726E20656E640D0A15
:105230000D0A096966206F6E5F6F70657261746F29
:10524000725F636F6E66696720616E64206E6F7453
:105250002073746174652E717569636B5F6E61761E
:1052600069676174696F6E207468656E0D0A09095B
:10527000636F6E74726F6C6C65722E7365745F769B
:10528000616C28636F6E74726F6C6C65722E564918
:1052900045572C2030290D0A0909636F6E74726F0F
:1052A0006C6C65722E7365745F76616C28707265C4
:1052B000737365645F627574746F6E5B315D2C200F
:1052C00030290D0A090973746174652E717569635B
:1052D0006B5F636F6E73756D6564203D20747275CE
:1052E000650D0A090973746174652E717569636BC4
:1052F0005F63686F72645F616374697665203D20E7
:10530000747275650D0A0909666F72205F2C206240
:105310007574746F6E20696E20697061697273288C
:10532000717569636B5F73656C6563745F627574D7
:10533000746F6E732920646F0D0A0909096966206C
:10534000627574746F6E5B325D207E3D2070726595
:10535000737365645F627574746F6E5B325D206138
:105360006E640D0A0909090973746F726167652E0D
:105370007265616428717569636B5F62696E6469E7
:105380006E675F6B65792873746174652E736964E9
:10539000652C20627574746F6E2929203D3D0D0ABD
:1053A000090909090973746174652E6F706572616A
:1053B000746F72207468656E0D0A090909097374A7
:1053C0006F726167652E777269746528717569639C
:1053D0006B5F62696E64696E675F6B657928737471
:1053E0006174652E736964652C20627574746F6EC8
:1053F000292C206E696C290D0A090909656E640D56
:105400000A0909656E640D0A090973746F72616790
:10541000652E777269746528717569636B5F62695F
:105420006E64696E675F6B65792873746174652E4D
:10543000736964652C20707265737365645F62754F
:1054400074746F6E292C0D0A0909097374617465EF
:105450002E6F70657261746F72290D0A0909737479
:105460006F726167652E636F6D6D697428290D0A0F
:105470000909647261775F756928290D0A09097243
:10548000657475726E0D0A09656E640D0A656E6449
:105490000D0A0D0A6C6F63616C2066756E6374692A
:1054A0006F6E207570646174655F6D656E75282917
:1054B0000D0A096C6F63616C206E6F77203D20636D
:1054C0006F6E74726F6C6C65722E6765745F6D6958
:1054D0006C6C697328290D0A096C6F63616C20700C
:1054E000726576696F7573203D20646576696365C2
:1054F0005F616374696F6E286465766963652E42C7
:10550000544E5F444F574E2C20312C206E6F77291C
:105510000D0A096C6F63616C206E657874203D2004
:105520006465766963655F616374696F6E2864653D
:10553000766963652E42544E5F55502C20322C20E4
:105540006E6F77290D0A096C6F63616C2064656367
:1055500072656173652C2064656372656173655F54
:10556000726570656174203D0D0A0909646576698C
:1055700063655F616374696F6E28646576696365EE
:105580002E42544E5F53454C4543542C20332C201F
:105590006E6F77290D0A096C6F63616C20696E6309
:1055A00072656173652C20696E6372656173655FF6
:1055B000726570656174203D0D0A0909646576693C
:1055C00063655F616374696F6E286465766963659E
:1055D0002E42544E5F4241434B2C20342C206E6FA0
:1055E00077290D0A0D0A0969662073746174652EA6
:1055F0006D656E755F6C6576656C203D3D20302075
:105600007468656E0D0A09096966206465637265D0
:10561000617365206F7220696E63726561736520C6
:105620007468656E0D0A09090973746174652E67E3
:10563000616D65203D2073746174652E67616D65D1
:10564000202B2028696E63726561736520616E642A
:105650002031206F72202D31290D0A090909696650
:105660002073746174652E67616D65203C20312064
:105670007468656E2073746174652E67616D652052
:105680003D203320656E640D0A090909696620739F
:10569000746174652E67616D65203E2033207468E7
:1056A000656E2073746174652E67616D65203D20A1
:1056B0003120656E640D0A090909647261775F75AE
:1056C0006928290D0A0909656C73656966206E658C
:1056D0007874207468656E0D0A0909097374617421
:1056E000652E6D656E755F6C6576656C203D20730B
:1056F000746174652E67616D650D0A09090973741B
:105700006174652E636F6E6669675F73746174752B
:1057100073203D20300D0A090909647261775F75B5
:105720006928290D0A0909656E640D0A090972655F
:105730007475726E0D0A09656E640D0A0D0A0969A9
:10574000662073746174652E6D656E755F6C657629
:10575000656C203D3D2032207468656E0D0A090994
:1057600069662070726576696F7573207468656EFE
:105770000D0A09090973746174652E6D656E755F94
:105780006C6576656C203D20300D0A09090964724C
:1057900061775F756928290D0A0909656E640D0A2C
:1057A000090972657475726E0D0A09656E640D0AD9
:1057B0000D0A0969662073746174652E6D656E75D6
:1057C0005F6C6576656C203D3D2033207468656EA6
:1057D0000D0A09096C6F63616C20737461747573D1
:1057E000203D206465766963652E636F6E66696728
:1057F0005F73746174757328290D0A09096966203D
:10580000737461747573207E3D2073746174652EAA
:10581000636F6E6669675F73746174757320746813
:10582000656E0D0A09090973746174652E636F6EE4
:105830006669675F737461747573203D207374616A
:105840007475730D0A0909096966207374617475AA
:1058500073203D3D203320616E6420737461746554
:105860002E636F6E6669675F616374696F6E203D5A
:105870003D2032207468656E0D0A090909096C6FB4
:1058800061646F75745F70726F66696C6573203DDB
:10589000207B7B7D2C207B7D7D0D0A090909097306
:1058A000746174652E717569636B5F73656C656394
:1058B000745F656E61626C6564203D2073746F7205
:1058C0006167652E726561642822717569636B5F1B
:1058D00073656C6563742229203D3D207472756583
:1058E0000D0A0909090973746174652E7361625F99
:1058F000656E61626C6564203D2073746F726167D0
:10590000652E7265616428227361625F656E6162F3
:105910006C65642229207E3D2066616C73650D0AEA
:10592000090909096C6F61645F6C6F61646F75745C
:105930005F70726F66696C6528290D0A090909652F
:105940006E640D0A090909647261775F7569282917
:105950000D0A0909656E640D0A09096966207374E8
:105960006174652E636F6E6669675F7374617475C9
:1059700073203D3D2030207468656E0D0A090909C9
:105980006966206465637265617365206F72206962
:105990006E637265617365207468656E0D0A09092E
:1059A000090973746174652E636F6E6669675F6160
:1059B0006374696F6E203D2073746174652E636F2C
:1059C0006E6669675F616374696F6E202B2028695A
:1059D0006E63726561736520616E642031206F7241
:1059E000202D31290D0A090909096966207374619E
:1059F00074652E636F6E6669675F616374696F6E4D
:105A0000203C2031207468656E2073746174652EAB
:105A1000636F6E6669675F616374696F6E203D20B6
:105A20003420656E640D0A090909096966207374DA
:105A30006174652E636F6E6669675F616374696F19
:105A40006E203E2034207468656E20737461746526
:105A50002E636F6E6669675F616374696F6E203D68
:105A6000203120656E640D0A0909090964726177A5
:105A70005F756928290D0A090909656C73656966EE
:105A8000206E657874207468656E0D0A090909092D
:105A900069662073746174652E636F6E6669675FF3
:105AA000616374696F6E203D3D2034207468656EBB
:105AB0000D0A090909090973746174652E7361621D
:105AC0005F656E61626C6564203D206E6F7420734B
:105AD000746174652E7361625F656E61626C65648A
:105AE0000D0A090909090973746F726167652E77D8
:105AF0007269746528227361625F656E61626C65AC
:105B000064222C2073746174652E7361625F656E0C
:105B100061626C6564290D0A090909090973746FCA
:105B2000726167652E636F6D6D697428290D0A09AE
:105B300009090909647261775F756928290D0A09E5
:105B4000090909656C736569662073746174652E53
:105B5000636F6E6669675F616374696F6E203D3D58
:105B60002033207468656E0D0A09090909097374E8
:105B70006174652E717569636B5F73656C656374C1
:105B80005F656E61626C6564203D206E6F7420738A
:105B9000746174652E717569636B5F73656C6563A1
:105BA000745F656E61626C65640D0A090909090913
:105BB00073746F726167652E7772697465282271DC
:105BC0007569636B5F73656C656374222C207374F5
:105BD0006174652E717569636B5F73656C65637461
:105BE0005F656E61626C6564290D0A09090909091E
:105BF00073746F726167652E636F6D6D69742829A8
:105C00000D0A0909090909647261775F7569282914
:105C10000D0A09090909656C736569662064657672
:105C20006963652E636F6E6669675F72657175651E
:105C300073742873746174652E636F6E6669675F31
:105C4000616374696F6E29207468656E0D0A0909B5
:105C500009090973746174652E636F6E6669675F05
:105C6000737461747573203D20310D0A09090909A7
:105C700009647261775F756928290D0A09090909A4
:105C8000656E640D0A090909656C736569662070A3
:105C9000726576696F7573207468656E0D0A0909FF
:105CA000090973746174652E6D656E755F6C657638
:105CB000656C203D20300D0A09090909647261777D
:105CC0005F756928290D0A090909656E640D0A09BD
:105CD00009656C736569662073746174652E636F02
:105CE0006E6669675F737461747573203D3D203122
:105CF00020616E642070726576696F7573207468B8
:105D0000656E0D0A0909096465766963652E636F1E
:105D10006E6669675F726573657428290D0A0909E3
:105D20000973746174652E6D656E755F6C6576655B
:105D30006C203D20300D0A09090973746174652EC9
:105D4000636F6E6669675F737461747573203D205D
:105D5000300D0A090909647261775F756928290D98
:105D60000A0909656C736569662028737461746536
:105D70002E636F6E6669675F737461747573203D1F
:105D80003D2033206F722073746174652E636F6ED3
:105D90006669675F737461747573203D3D203429B3
:105DA00020616E642070726576696F757320746807
:105DB000656E0D0A0909096465766963652E636F6E
:105DC0006E6669675F726573657428290D0A090933
:105DD0000973746174652E6D656E755F6C657665AB
:105DE0006C203D20300D0A09090973746174652E19
:105DF000636F6E6669675F737461747573203D20AD
:105E0000300D0A090909647261775F756928290DE7
:105E10000A0909656E640D0A090972657475726E66
:105E20000D0A09656E640D0A0D0A096966206E6F18
:105E3000742073746174652E636F6E666967757222
:105E4000696E67207468656E0D0A090969662070BD
:105E5000726576696F7573207468656E0D0A09093D
:105E600009636F6E74726F6C6C65722E63616E6322
:105E7000656C5F6D6163726F7328290D0A090909EA
:105E800073746174652E636F6E6669677572696E8F
:105E900067203D20747275650D0A090909737461E4
:105EA00074652E6669656C64203D20737461746549
:105EB0002E6669656C64203E3D203320616E64204F
:105EC00073746174652E6669656C64206F7220332B
:105ED0000D0A09090973746174652E6669656C643D
:105EE0005F65646974696E67203D2066616C7365E7
:105EF0000D0A09090973746174652E736861696B11
:105F00006F5F646972203D20300D0A0909096472CF
:105F100061775F756928290D0A0909656C736569E0
:105F200066206E657874207468656E0D0A0909092B
:105F3000636F6E74726F6C6C65722E63616E6365F5
:105F40006C5F6D6163726F7328290D0A090909730B
:105F5000746174652E636F6E6669677572696E67CA
:105F6000203D20747275650D0A0909097374617406
:105F7000652E6669656C64203D20310D0A090909AA
:105F800073746174652E6669656C645F65646974B9
:105F9000696E67203D2066616C73650D0A09090909
:105FA00073746174652E736861696B6F5F64697285
:105FB000203D20300D0A090909647261775F756917
:105FC00028290D0A0909656E640D0A0909726574AC
:105FD00075726E0D0A09656E640D0A0D0A0969660F
:105FE000206465766963652E6765745F76616C28E9
:105FF0006465766963652E42544E5F555029203D95
:106000003D2031303020616E640D0A0909646576E7
:106010006963652E6765745F76616C28646576696F
:1060200063652E42544E5F444F574E29203D3D201C
:10603000313030207468656E0D0A09097361766528
:106040005F616E645F737461727428290D0A0909B7
:1060500072657475726E0D0A09656E640D0A0D0A1B
:106060000969662073746174652E6669656C6420C5
:106070003D3D2031207468656E0D0A09096966206E
:106080006465637265617365206F7220696E637207
:1060900065617365207468656E0D0A090909656498
:1060A00069745F6669656C6428696E6372656173A3
:1060B0006520616E642031206F72202D31290D0A18
:1060C000090909647261775F756928290D0A090950
:1060D000656C73656966206E657874207468656E9A
:1060E0000D0A09090973746174652E6669656C642B
:1060F000203D20320D0A090909647261775F7569D4
:1061000028290D0A0909656C736569662070726536
:1061100076696F7573207468656E0D0A09090963E5
:106120006F6E74726F6C6C65722E63616E63656CFA
:106130005F6D6163726F7328290D0A090909737411
:106140006174652E6D656E755F6C6576656C203D5E
:1061500020300D0A090909647261775F7569282981
:106160000D0A0909656E640D0A0909726574757274
:106170006E0D0A09656E640D0A0D0A0969662073C1
:10618000746174652E6669656C64203D3D20322023
:106190007468656E0D0A0909696620696E63726527
:1061A00061736520616E6420286E6F7420696E6370
:1061B00072656173655F726570656174206F7220CE
:1061C0006669656C645F72657065617473282929FE
:1061D000207468656E0D0A090909656469745F6653
:1061E00069656C642831290D0A09090964726177AF
:1061F0005F756928290D0A0909656C736569662050
:10620000646563726561736520616E6420286E6FDA
:10621000742064656372656173655F726570656142
:1062200074206F72206669656C645F726570656169
:106230007473282929207468656E0D0A0909096597
:106240006469745F6669656C64282D31290D0A09DB
:106250000909647261775F756928290D0A09096562
:106260006C73656966206E657874207468656E0D60
:106270000A09090973746174652E6669656C642086
:106280003D20330D0A09090973746174652E66692E
:10629000656C645F65646974696E67203D20666142
:1062A0006C73650D0A090909647261775F75692865
:1062B000290D0A0909656C73656966207072657637
:1062C000696F7573207468656E0D0A090909737426
:1062D0006174652E6669656C64203D20310D0A0984
:1062E0000909647261775F756928290D0A090965D2
:1062F0006E640D0A090972657475726E0D0A09657E
:106300006E640D0A0D0A0969662073746174652E46
:106310006669656C645F65646974696E672074683A
:10632000656E0D0A090969662064656372656173AB
:106330006520616E6420286E6F74206465637265E9
:106340006173655F726570656174206F7220666944
:10635000656C645F726570656174732829292074A7
:1063600068656E0D0A090909656469745F66696587
:106370006C642831290D0A090909647261775F7517
:106380006928290D0A0909656C7365696620696EBB
:1063900063726561736520616E6420286E6F74207E
:1063A000696E6372656173655F72657065617420A3
:1063B0006F72206669656C645F7265706561747385
:1063C000282929207468656E0D0A09090965646920
:1063D000745F6669656C64282D31290D0A09090905
:1063E000647261775F756928290D0A0909656C7304
:1063F000656966206E657874206F722070726576AC
:10640000696F7573207468656E0D0A0909097374E4
:106410006174652E6669656C645F65646974696E34
:1064200067203D2066616C73650D0A090909647275
:1064300061775F756928290D0A0909656E640D0A7F
:1064400009656C736569662064656372656173656F
:10645000206F7220696E6372656173652074686570
:106460006E0D0A09096D6F76655F6669656C642853
:10647000696E63726561736520616E642031206F9F
:1064800072202D31290D0A0909647261775F7569DF
:1064900028290D0A09656C73656966206E65787434
:1064A000207468656E0D0A09096966207374617449
:1064B000652E6669656C64203D3D20236669656CC8
:1064C0006473207468656E0D0A0909097361766545
:1064D0005F616E645F737461727428290D0A090923
:1064E000656C73656966206669656C645F69735F76
:1064F000746F67676C652873746174652E6669656F
:106500006C6429207468656E0D0A0909096564695F
:10651000745F6669656C642831290D0A090909648C
:106520007261775F756928290D0A0909656C7365C1
:106530000D0A09090973746174652E6669656C64D6
:106540005F65646974696E67203D20747275650DBE
:106550000A090909647261775F756928290D0A09BA
:1065600009656E640D0A09656C7365696620707251
:106570006576696F7573207468656E0D0A09097315
:10658000746174652E6669656C64203D20320D0A65
:10659000090973746174652E6669656C645F65646E
:1065A0006974696E67203D2066616C73650D0A0928
:1065B00009647261775F756928290D0A09656E643F
:1065C0000D0A656E640D0A0D0A6C6F63616C2066BE
:1065D000756E6374696F6E206F66667365745F6154
:1065E0007869732869642C20616D6F756E74290D4C
:1065F0000A096C6F63616C2063757272656E74203A
:106600003D20636F6E74726F6C6C65722E6765747B
:106610005F76616C286964290D0A096C6F63616C8F
:106620002076616C7565203D20616D6F756E7420FC
:106630002A2028313030202D206D6174682E61624F
:10664000732863757272656E742929202F2031308A
:1066500030202B2063757272656E740D0A09636FAA
:106660006E74726F6C6C65722E7365745F76616C9C
:106670002869642C20726F756E6428636C616D707C
:106680002876616C75652C202D3130302C2031300E
:10669000302929290D0A656E640D0A0D0A6C6F6395
:1066A000616C2066756E6374696F6E206170706CCA
:1066B000795F7265636F696C28290D0A0969662024
:1066C000636F6E74726F6C6C65722E6765745F7643
:1066D000616C28636F6E74726F6C6C65722E4C54B3
:1066E00029203D3D2030206F720D0A0909636F6E2D
:1066F00074726F6C6C65722E6765745F76616C285E
:10670000636F6E74726F6C6C65722E525429203DEB
:106710003D2030207468656E2072657475726E203D
:10672000656E640D0A096C6F63616C207665727426
:106730006963616C5F7265636F696C203D2073747F
:106740006174652E766572746963616C0D0A0969FE
:106750006620636F6E74726F6C6C65722E67657401
:106760005F6D696C6C69732829203C2073746174B7
:10677000652E66697273745F62756C6C65745F75A3
:106780006E74696C20616E640D0A0909737461741A
:10679000652E66697273745F62756C6C65742061D6
:1067A0006E642073746174652E76657274696361BA
:1067B0006C207E3D2030207468656E0D0A09096CDE
:1067C0006F63616C206D756C7469706C69657220A3
:1067D0003D2031202B2073746174652E66697273BD
:1067E000745F62756C6C65745F70657263656E74FE
:1067F000202F203130300D0A0909766572746963E3
:10680000616C5F7265636F696C203D2073746174A5
:10681000652E766572746963616C202A206D756CD3
:106820007469706C6965720D0A09656E640D0A0DF4
:106830000A096C6F63616C2078203D20636F6E7471
:10684000726F6C6C65722E6765745F76616C28631D
:106850006F6E74726F6C6C65722E5258290D0A0936
:106860006C6F63616C2079203D20636F6E74726F72
:106870006C6C65722E6765745F76616C28636F6EF1
:1068800074726F6C6C65722E5259290D0A096C6F07
:1068900063616C207361625F78203D207374617462
:1068A000652E7361625F656E61626C656420616E06
:1068B00064206D6174682E72616E646F6D282D3175
:1068C0002C203129206F7220300D0A096C6F636112
:1068D0006C207361625F79203D2073746174652E52
:1068E0007361625F656E61626C656420616E6420D5
:1068F0006D6174682E72616E646F6D282D312C206D
:106900003129206F7220300D0A096C6F63616C2091
:106910006D61676E6974756465203D206D61746892
:106920002E737172742878202A2078202B207920E9
:106930002A2079290D0A096966206D61676E6974DC
:10694000756465203C3D2073746174652E646561D7
:10695000647A6F6E65207468656E0D0A0909696650
:106960002073746174652E686F72697A6F6E7461DA
:106970006C207E3D2030206F72207361625F782032
:106980007E3D2030207468656E0D0A0909096F6626
:10699000667365745F6178697328636F6E74726F74
:1069A0006C6C65722E52582C2073746174652E685D
:1069B0006F72697A6F6E74616C202B207361625FF5
:1069C00078290D0A0909656E640D0A0909696620AE
:1069D000766572746963616C5F7265636F696C2060
:1069E0007E3D2030206F72207361625F79207E3D92
:1069F0002030207468656E0D0A0909096F66667398
:106A000065745F6178697328636F6E74726F6C6C04
:106A100065722E52592C20766572746963616C5FC1
:106A20007265636F696C202B207361625F79290D39
:106A30000A0909656E640D0A090972657475726E3A
:106A40000D0A09656E640D0A0D0A096C6F63616CAD
:106A50002066616465203D20636C616D702828317B
:106A60003030202D206D61676E6974756465292052
:106A70002F0D0A090928313030202D2073746174DC
:106A8000652E646561647A6F6E65292C20302C2038
:106A900031290D0A096C6F63616C207363616C6549
:106AA000203D2073746174652E6D6F76656D656E23
:106AB00074202F20313030202A2066616465202A1E
:106AC00020666164650D0A096966207374617465E6
:106AD0002E686F72697A6F6E74616C207E3D203013
:106AE000206F72207361625F78207E3D20302074B9
:106AF00068656E0D0A09096F66667365745F617873
:106B0000697328636F6E74726F6C6C65722E525865
:106B10002C2073746174652E686F72697A6F6E745D
:106B2000616C202A207363616C65202B2073616285
:106B30005F78290D0A09656E640D0A096966207679
:106B40006572746963616C5F7265636F696C207EE6
:106B50003D2030206F72207361625F79207E3D207E
:106B600030207468656E0D0A09096F666673657476
:106B70005F6178697328636F6E74726F6C6C657295
:106B80002E52592C20766572746963616C5F726550
:106B9000636F696C202A207363616C65202B2073FE
:106BA00061625F79290D0A09656E640D0A656E647C
:106BB0000D0A0D0A6C6F63616C2066756E637469F3
:106BC0006F6E2072756E5F6D6163726F286E616D9E
:106BD000652C20656E61626C65642C2068656C6450
:106BE0002C207374657073290D0A09696620656E1F
:106BF00061626C656420616E642068656C642074F9
:106C000068656E0D0A09096966206E6F7420636FEE
:106C10006E74726F6C6C65722E6D6163726F5F72F1
:106C2000756E6E696E67286E616D65292074686582
:106C30006E0D0A090909636F6E74726F6C6C657270
:106C40002E73746172745F6D6163726F286E616D13
:106C5000652C207374657073290D0A0909656E64CB
:106C60000D0A09656C7365696620636F6E74726FD7
:106C70006C6C65722E6D6163726F5F72756E6E699A
:106C80006E67286E616D6529207468656E0D0A094E
:106C900009636F6E74726F6C6C65722E73746F70B3
:106CA0005F6D6163726F286E616D65290D0A0965FC
:106CB0006E640D0A656E640D0A0D0A6C6F63616C7B
:106CC0002066756E6374696F6E2072756E5F6761A2
:106CD0006D65706C617928290D0A092D2D20576585
:106CE00061706F6E20737769746368206F6E2073B4
:106CF000686F72742059207461700D0A09696620EA
:106D0000795F7461707065642829207468656E0D00
:106D10000A0909736176655F6C6F61646F75745FF2
:106D200070726F66696C6528290D0A0909737461B0
:106D300074652E776561706F6E203D207374617489
:106D4000652E776561706F6E203D3D203120616E4C
:106D5000642032206F7220310D0A09096C6F616462
:106D60005F6C6F61646F75745F70726F66696C657C
:106D700028290D0A0909647261775F756928290D50
:106D80000A09656E640D0A0D0A096C6F63616C2057
:106D9000666972696E6720203D20636F6E74726F42
:106DA0006C6C65722E6765745F76616C28636F6EBC
:106DB00074726F6C6C65722E525429203E20300D17
:106DC0000A096C6F63616C206C745F68656C642089
:106DD0003D20636F6E74726F6C6C65722E676574A4
:106DE0005F76616C28636F6E74726F6C6C65722E67
:106DF0004C5429203E20300D0A096C6F63616C20D1
:106E00006E6F77203D20636F6E74726F6C6C65726D
:106E10002E6765745F6D696C6C697328290D0A09AA
:106E2000696620666972696E6720616E64206E6FA4
:106E3000742073746174652E70726576696F7573F2
:106E40005F7274207468656E0D0A09097374617449
:106E5000652E66697273745F62756C6C65745F75BC
:106E60006E74696C203D206E6F77202B2036300DBC
:106E70000A09656E640D0A0973746174652E707277
:106E80006576696F75735F7274203D2066697269FB
:106E90006E670D0A0D0A0972756E5F6D6163726F20
:106EA000282272617069645F66697265222C2073A2
:106EB000746174652E72617069645F666972652CB5
:106EC0002020666972696E672C2072617069645F48
:106ED000666972655F6D6163726F290D0A0D0A093B
:106EE0002D2D2053686F727420444F574E207461CB
:106EF00070732061726520656D6974746564206FBC
:106F00006E2072656C656173653B20686F6C64739D
:106F10002072756E207465612062616720776974E4
:106F2000686F757420666F7277617264696E67202E
:106F3000444F574E2E0D0A096966207374617465BB
:106F40002E7465615F626167207468656E0D0A0961
:106F50000972756E5F7465615F62616728290D0A49
:106F600009656E640D0A0D0A092D2D2053686169AB
:106F70006B6F206C65616E3A2041445320706C75D4
:106F80007320642D7061642072756E7320616E20B1
:106F900052532F4C5320627572737420616E6420BB
:106FA0007375707072657373657320642D7061649E
:106FB0002052494748540D0A092D2D202856657244
:106FC0006974617320536861696B6F4C65616E4CC5
:106FD000656674202F20536861696B6F4C65616E24
:106FE0005269676874290D0A0969662073746174AF
:106FF000652E736861696B6F5F6C65616E20616E91
:1070000064206C745F68656C64207468656E0D0A3A
:1070100009096C6F63616C2077616E745F6C6566E3
:1070200074203D20636F6E74726F6C6C65722E6796
:1070300065745F76616C28636F6E74726F6C6C65DB
:10704000722E445041445F4C45465429203E203026
:107050000D0A09096C6F63616C2077616E745F7251
:1070600069676874203D20636F6E74726F6C6C6525
:10707000722E6765745F76616C28636F6E74726FD1
:107080006C6C65722E445041445F52494748542904
:10709000203E20300D0A0909636F6E74726F6C6CAC
:1070A00065722E7365745F76616C28636F6E74729F
:1070B0006F6C6C65722E445041445F52494748548E
:1070C0002C2030290D0A09096C6F63616C207761EF
:1070D0006E745F6469722020203D2077616E745F5A
:1070E0006C65667420616E642031206F7220287791
:1070F000616E745F726967687420616E642032200B
:107100006F722030290D0A090969662077616E7453
:107110005F646972207E3D2030207468656E0D0AC0
:107120000909096966206E6F7420636F6E74726F4F
:107130006C6C65722E6D6163726F5F72756E6E69D5
:107140006E672822736861696B6F5F6C65616E2280
:1071500029207468656E0D0A090909096C6F63615D
:107160006C207374657073203D2077616E745F646A
:107170006972203D3D203120616E64207368616931
:107180006B6F5F6C65616E5F6C6566745F73746571
:1071900070730D0A090909092020202020202020D1
:1071A00020202020202020202020202020202020DF
:1071B0002020202020206F7220736861696B6F5F30
:1071C0006C65616E5F72696768745F737465707314
:1071D0000D0A09090909636F6E74726F6C6C657230
:1071E0002E73746172745F6D6163726F28227368AD
:1071F00061696B6F5F6C65616E222C2073746570C2
:1072000073290D0A0909090973746174652E73687D
:1072100061696B6F5F646972203D2077616E745F96
:107220006469720D0A090909656C736569662077DE
:10723000616E745F646972207E3D20737461746551
:107240002E736861696B6F5F646972207468656E24
:107250000D0A09090909636F6E74726F6C6C6572AF
:107260002E73746F705F6D6163726F282273686133
:10727000696B6F5F6C65616E22290D0A0909090946
:107280006C6F63616C207374657073203D2077614F
:107290006E745F646972203D3D203120616E642010
:1072A000736861696B6F5F6C65616E5F6C65667456
:1072B0005F73746570730D0A090909092020202085
:1072C00020202020202020202020202020202020BE
:1072D000202020202020202020206F722073686131
:1072E000696B6F5F6C65616E5F72696768745F730D
:1072F000746570730D0A09090909636F6E74726F02
:107300006C6C65722E73746172745F6D6163726F01
:107310002822736861696B6F5F6C65616E222C2037
:107320007374657073290D0A09090909737461740E
:10733000652E736861696B6F5F646972203D2077A9
:10734000616E745F6469720D0A090909656E640DE6
:107350000A0909656C7365696620636F6E74726FE4
:107360006C6C65722E6D6163726F5F72756E6E69A3
:107370006E672822736861696B6F5F6C65616E224E
:1073800029207468656E0D0A090909636F6E7472AD
:107390006F6C6C65722E73746F705F6D6163726F6A
:1073A0002822736861696B6F5F6C65616E22290DBD
:1073B0000A09090973746174652E736861696B6FDA
:1073C0005F646972203D20300D0A0909656E640D05
:1073D0000A09656C7365696620636F6E74726F6C01
:1073E0006C65722E6D6163726F5F72756E6E696E21
:1073F000672822736861696B6F5F6C65616E222913
:10740000207468656E0D0A0909636F6E74726F6C83
:107410006C65722E73746F705F6D6163726F28227A
:10742000736861696B6F5F6C65616E22290D0A0973
:107430000973746174652E736861696B6F5F646949
:1074400072203D20300D0A09656E640D0A0D0A098F
:107450006170706C795F7265636F696C28290D0AC1
:10746000656E640D0A0D0A66756E6374696F6E2031
:107470006F6E5F696E70757428290D0A09617070EE
:107480006C795F717569636B5F6F70656E5F626960
:107490006E64696E6728290D0A096966206E6F742B
:1074A0002073746174652E646973706C61795F72A6
:1074B00065616479207468656E0D0A0909737461E9
:1074C00074652E646973706C61795F72656164794B
:1074D000203D20747275650D0A0909647261775F39
:1074E000756928290D0A09656E640D0A09757064AD
:1074F0006174655F717569636B5F73656C656374F7
:1075000028290D0A097570646174655F6D656E7573
:1075100028290D0A0969662073746174652E6D65EA
:107520006E755F6C6576656C203D3D203120616E27
:1075300064206E6F742073746174652E7175696355
:107540006B5F636F6E73756D6564207468656E0D37
:107550000A090972756E5F67616D65706C617928E3
:10756000290D0A09656E640D0A656E640D0A0D0A1F
:1075700066756E6374696F6E206F6E5F636F6E7396
:107580006F6C655F636F6E6E656374656428290D4B
:107590000A0973746174652E6D656E755F6C65762E
:1075A000656C203D20300D0A0973746174652E717D
:1075B0007569636B5F6F70656E5F73696465203DAD
:1075C00020300D0A0973746174652E717569636BDF
:1075D0005F6F70656E5F6F70657261746F72203D72
:1075E00020300D0A0973746174652E646973706CC0
:1075F00061795F7265616479203D20747275650DF3
:107600000A09647261775F756928290D0A656E64DD
:027610000D0A61
:04000005080226F9CE
:00000001FF
